Workbook

Sheet E2
C1: 44809
B2: Nominal (g) | C2: Konvensional (g) | D2: Ketidakpastian (mg)
B3: 5000 | C3: 4999.9987 | D3: 0.6
B4: 2000* | C4: 2000.032 | D4: 24
B5: 2000 | C5: 2000.032 | D5: 24
B6: 1000 | C6: 1000.0008 | D6: 0.099
B7: 500 | C7: 500.00008 | D7: 0.056
B8: 200 | C8: 199.99992 | D8: 0.025
B9: 200* | C9: 199.99998 | D9: 0.025
B10: 100 | C10: 99.999909 | D10: 0.022
B11: 50 | C11: 49.999976 | D11: 0.012
B12: 20 | C12: 19.999989 | D12: 0.009
B13: 20* | C13: 19.999989 | D13: 0.009
B14: 10 | C14: 9.999966 | D14: 0.0083
B15: 5 | C15: 5.0000099 | D15: 0.0051
B16: 2 | C16: 2.0000124 | D16: 0.0039
B17: 2* | C17: 1.9999897 | D17: 0.0039
B18: 1 | C18: 0.9999856 | D18: 0.0035
B19: 0.5 | C19: 0.500018 | D19: 0.003
B20: 0.2 | C20: 0.20001 | D20: 0.003
B21: 0,2* | C21: 0.200014 | D21: 0.003
B22: 0.1 | C22: 0.100005 | D22: 0.002
B23: 0.05 | C23: 0.050004 | D23: 0.002
B24: 0.02 | C24: 0.020005 | D24: 0.002
B25: 0,02* | C25: 0.019996 | D25: 0.002
B26: 0.01 | C26: 0.009995 | D26: 0.002
B27: 0.005 | C27: 0.005004 | D27: 0.002
B28: 0.002 | C28: 0.001999 | D28: 0.002
B29: 0,002* | C29: 0.002005 | D29: 0.002
B30: 0.001 | C30: 0.001004 | D30: 0.002

Sheet U95
A1: E2 2024 | E1: F1 (B4T 2024) | I1: M1 | M1: E2 METTLER TOLEDO 2025 | Q1: TABEL MPE OIML R111-1
A2: Nominal (g) | B2: Massa konvensional (g) | C2: U95 (mg) | E2: Nominal (g) | F2: Massa konvensional (g) | G2: U95 (mg) | I2: Identitas | J2: Massa konvensional (g) | K2: U95 (mg) | M2: Nominal (g) | N2: Massa konvensional (g) | O2: U95 (mg) | Q2: Nominal Value | R2: Class E1 | S2: Class E2 | T2: Class F1 | U2: Class F2 | V2: Class M1 | W2: Class M2 | X2: Class M3
A3: 2000 | B3: 1999.9985 | C3: 0.32 | E3: 20000 | F3: 20000.022 | G3: 13 | I3: M1 | J3: 19999.414 | K3: 45 | M3: 1000 | N3: 1000.0005 | O3: 0.00031 | Q3: 50 kg | R3: 25 | S3: 75 | T3: 250 | U3: 750 | V3: 2500 | W3: 7500 | X3: 25000
A4: 1000 | B4: 1000.0005 | C4: 0.14 | E4: 10000 | F4: 10000.041 | G4: 4.6 | I4: M2 | J4: 19999.234 | K4: 45 | M4: 500 | N4: 500.0006 | O4: 0.00016 | Q4: 20 kg | R4: 10 | S4: 30 | T4: 100 | U4: 300 | V4: 1000 | W4: 3000 | X4: 10000
A5: 500 | B5: 500.00001 | C5: 0.08 | E5: 5000 | F5: 5000.005 | G5: 8 | I5: M3 | J5: 19999.627 | K5: 45 | M5: 200 | N5: 200.0002 | O5: 6e-05 | Q5: 10 kg | R5: 5 | S5: 15 | T5: 50 | U5: 150 | V5: 500 | W5: 1500 | X5: 5000
A6: 200 | B6: 200.00001 | C6: 0.04 | E6: 2000* | F6: 1999.999 | G6: 3 | I6: M4 | J6: 20000.346 | K6: 45 | M6: 200* | N6: 200.0002 | O6: 7.2e-05 | Q6: 5 kg | R6: 2.5 | S6: 7.5 | T6: 25 | U6: 75 | V6: 250 | W6: 750 | X6: 2500
A7: 200* | B7: 200.00005 | C7: 0.04 | E7: 2000 | F7: 1999.996 | G7: 3 | I7: M5 | J7: 20000.124 | K7: 45 | M7: 100 | N7: 100.00001 | O7: 3.6e-05 | Q7: 2 kg | R7: 1 | S7: 3 | T7: 10 | U7: 30 | V7: 100 | W7: 300 | X7: 1000
A8: 100 | B8: 100.00008 | C8: 0.03 | E8: 1000 | F8: 1000.001 | G8: 1.7 | I8: M6 | J8: 20000.154 | K8: 45 | M8: 50 | N8: 50.00002 | O8: 2.1e-05 | Q8: 1 kg | R8: 0.5 | S8: 1.5 | T8: 5 | U8: 15 | V8: 50 | W8: 150 | X8: 500
A9: 50 | B9: 50.00002 | C9: 0.02 | E9: 500 | F9: 500 | G9: 1.1 | I9: M7 | J9: 19999.125 | K9: 45 | M9: 20 | N9: 20.00003 | O9: 1.6e-05 | Q9: 500 g | R9: 0.25 | S9: 0.75 | T9: 2.5 | U9: 7.5 | V9: 25 | W9: 75 | X9: 250
A10: 20 | B10: 19.999978 | C10: 0.009 | E10: 200 | F10: 199.99953 | G10: 0.3 | I10: M8 | J10: 19999.806 | K10: 45 | M10: 20* | N10: 20.00001 | O10: 1.6e-05 | Q10: 200 g | R10: 0.01 | S10: 0.3 | T10: 1 | U10: 3 | V10: 10 | W10: 30 | X10: 100
A11: 20* | B11: 19.999977 | C11: 0.009 | E11: 200* | F11: 199.99873 | G11: 0.3 | I11: M9 | J11: 20000.237 | K11: 45 | M11: 10 | N11: 10.000023 | O11: 1.4e-05 | Q11: 100 g | R11: 0.05 | S11: 0.15 | T11: 0.5 | U11: 1.5 | V11: 5 | W11: 15 | X11: 50
A12: 10 | B12: 9.999976 | C12: 0.008 | E12: 100 | F12: 99.99961 | G12: 0.16 | I12: M10 | J12: 19999.832 | K12: 45 | M12: 5 | N12: 5.000003 | O12: 8.9e-06 | Q12: 50 g | R12: 0.03 | S12: 0.1 | T12: 0.3 | U12: 1 | V12: 3 | W12: 10 | X12: 30
A13: 5 | B13: 5.000006 | C13: 0.007 | E13: 50 | F13: 49.99956 | G13: 0.1 | I13: M11 | J13: 19999.934 | K13: 45 | M13: 2 | N13: 2.000015 | O13: 7.1e-06 | Q13: 20 g | R13: 0.025 | S13: 0.08 | T13: 0.25 | U13: 0.8 | V13: 2.5 | W13: 8 | X13: 25
A14: 2 | B14: 2.000013 | C14: 0.005 | E14: 20 | F14: 20.00001 | G14: 0.08 | I14: M12 | J14: 19999.845 | K14: 45 | M14: 2* | N14: 2.000003 | O14: 7.1e-06 | Q14: 10 g | R14: 0.02 | S14: 0.06 | T14: 0.2 | U14: 0.6 | V14: 2 | W14: 6 | X14: 20
A15: 2* | B15: 2.000015 | C15: 0.005 | E15: 20* | F15: 20.00004 | G15: 0.08 | I15: M13 | J15: 20000.802 | K15: 45 | M15: 1 | N15: 1.000013 | O15: 6.8e-06 | Q15: 5 g | R15: 0.015 | S15: 0.05 | T15: 0.15 | U15: 0.5 | V15: 1.5 | W15: 5 | X15: 15
A16: 1 | B16: 0.999997 | C16: 0.005 | E16: 10 | F16: 10.00001 | G16: 0.06 | I16: M14 | J16: 19999.575 | K16: 45 | M16: 0.5 | N16: =500.011/1000 -> 0.500011 | O16: 0.0051 | Q16: 2 g | R16: 0.012 | S16: 0.04 | T16: 0.12 | U16: 0.4 | V16: 1.2 | W16: 4 | X16: 12
A17: 0.5 | B17: 0.500018 | C17: 0.004 | E17: 5 | F17: 4.99994 | G17: 0.05 | I17: M15 | J17: 20000.329 | K17: 45 | M17: 0.2 | N17: =200.001/1000 -> 0.200001 | O17: 0.0031 | Q17: 1 g | R17: 0.01 | S17: 0.03 | T17: 0.1 | U17: 0.3 | V17: 1 | W17: 3 | X17: 10
A18: 0.2 | B18: 0.200013 | C18: 0.003 | E18: 2 | F18: 2 | G18: 0.04 | I18: M16 | J18: 20000.932 | K18: 45 | M18: 0.2* | N18: =199.999/1000 -> 0.199999 | O18: 0.0036 | Q18: 500 mg | R18: 0.008 | S18: 0.025 | T18: 0.08 | U18: 0.25 | V18: 0.8 | W18: 2.5 | X18: -
A19: 0.2* | B19: 0.200015 | C19: 0.003 | E19: 2* | F19: 1.99998 | G19: 0.04 | I19: 20LZ1 | J19: 20001.683 | K19: 45 | M19: 0.1 | N19: =100.009/1000 -> 0.100009 | O19: 0.0031 | Q19: 200 mg | R19: 0.006 | S19: 0.02 | T19: 0.06 | U19: 0.2 | V19: 0.6 | W19: 2 | X19: -
A20: 0.1 | B20: 0.100003 | C20: 0.002 | E20: 1 | F20: 1 | G20: 0.03 | I20: 10LZ1 | J20: 10001.617 | K20: 26 | Q20: 100 mg | R20: 0.005 | S20: 0.015 | T20: 0.05 | U20: 0.15 | V20: 0.5 | W20: 1.5 | X20: -
I21: 5A | J21: 4998.996 | K21: 5.7 | Q21: 50 mg | R21: 0.004 | S21: 0.012 | T21: 0.04 | U21: 0.12 | V21: 0.4 | W21: - | X21: -
I22: 10A | J22: 9999.566 | K22: 26 | Q22: 20 mg | R22: 0.003 | S22: 0.01 | T22: 0.03 | U22: 0.1 | V22: 0.3 | W22: - | X22: -
B23: ISI DATA | I23: A | J23: 19999.312 | K23: 45 | Q23: 10 mg | R23: 0.002 | S23: 0.008 | T23: 0.025 | U23: 0.08 | V23: 0.25 | W23: - | X23: -
B24: Deskripsi | C24: Isi | D24: Satuan | I24: B | J24: 19999.19 | K24: 45 | Q24: 5 mg | R24: 0.002 | S24: 0.006 | T24: 0.02 | U24: 0.06 | V24: 0.2 | W24: - | X24: -
B25: No Order | C25: K519-1 | I25: C | J25: 19999.069 | K25: 45 | Q25: 2 mg | R25: 0.002 | S25: 0.006 | T25: 0.02 | U25: 0.06 | V25: 0.2 | W25: - | X25: -
B26: Pemilik Alat | C26: PT. XXXXXX | I26: D | J26: 19999.282 | K26: 45 | Q26: 1 mg | R26: 0.002 | S26: 0.006 | T26: 0.02 | U26: 0.06 | V26: 0.2 | W26: - | X26: -
B27: Alamat Pemilik Alat | C27: Jalan, Desa, Kecamatan, Kabupaten, Provinsi | I27: E | J27: 19999.268 | K27: 45
B28: Lokasi Alat | C28: Lab massa BBLM | I28: F | J28: 19999.33 | K28: 45
B29: Nama Alat | C29: Anak timbangan | I29: G | J29: 19999.21 | K29: 45
B30: Merk | C30: - | I30: H | J30: 20000.486 | K30: 45
B31: Tipe | C31: F1 | I31: I | J31: 19999.254 | K31: 45
B32: No Seri | C32: 124918
B33: No. Identifikasi | C33: -
B34: Temperatur Awal | C34: 20.1 | D34: °C
B35: Temperatur Akhir | C35: 20.1 | D35: °C
B36: Temperatur rata2 | C36: =AVERAGE(C34,C35) -> 20.1 | D36: °C
B37: Kelembaban Awal | C37: 60 | D37: %RH
B38: Kelembaban Akhir | C38: 60 | D38: %RH
B39: Kelembapan rata2 | C39: =AVERAGE(C37,C38) -> 60 | D39: %RH
B40: Tekanan awal | C40: 922 | D40: hPa | E40: =C40*H40 -> 691.55901 | F40: mmHg | G40: 1 hPa | H40: 0.750064 | I40: mmHg
B41: Tekanan akhir | C41: 922 | D41: hPa | E41: =C41*H41 -> 691.55901 | F41: mmHg | G41: 1 hPa | H41: 0.750064 | I41: mmHg
B42: Tekanan rata2 | C42: =AVERAGE(C40:C41) -> 922 | D42: hPa | E42: =C42*H42 -> 691.55901 | F42: mmHg | G42: 1 hPa | H42: 0.750064 | I42: mmHg
B43: Tanggal Terima | C43: 22 September 2025 | E43: Tanggal ditulis dengan format text
B44: Tanggal Kalibrasi | C44: 2 Oktober 2025 | E44: Tanggal ditulis dengan format text
B45: Titik Ukur | C45: 1 | D45: g
B46: Mass Comp
B47: Resolusi | C47: 0.01 | D47: g
B48: No. Seri Mass comp | C48: 90803270
B49: Kalibrator | C49: E2 METTLER TOLEDO | E49: `
B50: Merk Kalibrator | C50: Mettler Toledo
B51: No Seri | C51: 158856
B52: Massa standard | D52: g
B53: U95 standard | D53: mg
B55: X1 | C55: X2 | D55: X3 | E55: X4 | F55: X5 | G55: dm
B56: ( g ) | C56: ( g ) | D56: ( g ) | E56: ( g ) | F56: ( g ) | G56: g
A57: r1 | B57: 10000.22
A58: t1 | B58: 9999.24 | G58: =B58-B57 -> -0.98
A59: t2 | B59: 9999.24
A60: r2 | B60: 10000.24 | G60: =B59-B60 -> -1
A61: r3 | C61: 10000.23
A62: t3 | C62: 9999.24 | G62: =C62-C61 -> -0.99
A63: t4 | C63: 9999.25
A64: r4 | C64: 10000.27 | G64: =C63-C64 -> -1.02
A65: r5 | D65: 10000.19
A66: t5 | D66: 9999.2 | G66: =D66-D65 -> -0.99
A67: t6 | D67: 9999.2
A68: r6 | D68: 10000.2 | G68: =D67-D68 -> -1
A69: r7 | E69: 10000.2
A70: t7 | E70: 9999.22 | G70: =E70-E69 -> -0.98
A71: t8 | E71: 9999.22
A72: r8 | E72: 10000.21 | G72: =E71-E72 -> -0.99
A73: r9 | F73: 10000.22
A74: t9 | F74: 9999.22 | G74: =F74-F73 -> -1
A75: t10 | F75: 9999.22
A76: r10 | F76: 10000.22 | G76: =F75-F76 -> -1
F78: Mean | G78: =AVERAGE(G57:G76) -> -0.995 | H78: g
F80: Stdev | G80: =STDEVP(G57:G76) -> 0.01118034 | H80: g
F82: S_res | G82: =(0.82*C47)/2 -> 0.0041 | H82: g
F84: Mt | G84: =C52+G78 -> -0.995 | H84: g
G85: =G84 -> -0.995
F86: Srepeat | G86: =IF(G80>G82,G80,G82) -> 0.01118034
B88: UNCERTAINTY BUDGET SEBAGAI PENDUKUNG KLAIM BMC
B89: Besaran yang diukur : | C89: Massa
B90: Jenis alat yang dikalibrasi : | C90: Anak timbangan M3
B91: Standar yang digunakan : | C91: Anak timbangan F1
B92: Titik Ukur : | C92: =C45 -> 1 | D92: g | F92: MPE 10000 g | G92: 50 | H92: mg
B93: Model matematis : Mt= Ms +dm dengan Mt= massa massa konvensional yang dikalibrasi Ms = massa standar dm= koreksi alat
B95: Komponen | C95: Satuan | D95: Distribusi | E95: U | F95: Pembagi | G95: vi | H95: ui | I95: ci | J95: uici | K95: (uici)2 | L95: (uici)4/vi
B96: 1 | C96: 2 | D96: 3 | E96: 4 | F96: 5 | G96: 6 | H96: 7 | I96: 8 | J96: 9 | K96: 10 | L96: 11
B97: Standar | C97: mg | D97: Normal | E97: =C53 -> 0 | F97: 2 | G97: 60 | H97: =E97/F97 -> 0 | I97: 1 | J97: =H97*I97 -> 0 | K97: =J97^2 -> 0 | L97: =J97^4/G97 -> 0
B98: Repeatability | C98: mg | D98: Rectangular | E98: =(G86*1000)/SQRT(10) -> 3.5355339 | F98: 1 | G98: =IF(G80>G82,9,1000) -> 9 | H98: =E98/F98 -> 3.5355339 | I98: 1 | J98: =H98*I98 -> 3.5355339 | K98: =J98^2 -> 12.5 | L98: =J98^4/G98 -> 17.361111
B99: Rounding | C99: mg | D99: Rectangular | E99: =0.0005*1000 -> 0.5 | F99: =SQRT(3) -> 1.7320508 | G99: 1000 | H99: =E99/F99 -> 0.28867513 | I99: 1 | J99: =H99*I99 -> 0.28867513 | K99: =J99^2 -> 0.083333333 | L99: =J99^4/G99 -> 6.9444444e-06
B100: Instability | C100: mg | D100: Normal | E100: =0.08*G92 -> 4 | F100: 1 | G100: 4 | H100: =E100/F100 -> 4 | I100: 1 | J100: =H100*I100 -> 4 | K100: =J100^2 -> 16 | L100: =J100^4/G100 -> 64
B101: Buoyancy | C101: mg | D101: Rectangular | E101: =4.5*10^-6*4400*0.114*C92 -> 0.0022572 | F101: 1 | G101: 1000 | H101: =E101/F101 -> 0.0022572 | I101: 1 | J101: =H101*I101 -> 0.0022572 | K101: =J101^2 -> 5.0949518e-06 | L101: =J101^4/G101 -> 2.5958534e-14
B102: Sums | K102: =SUM(K97:K101) -> 28.583338 | L102: =SUM(L97:L101) -> 81.361118
B103: Ketidakpastian baku gabungan, uc, mg | K103: =SQRT(K102) -> 5.3463388
B104: Dearajat kebebasan efektif, veff | K104: =(K103^4)/L102 -> 10.041741
B105: Faktor cakupan, k-student for veff and CL 95% | K105: =TINV(0.05,K104) -> 2.2281389
B106: Ketidakpastian bentangan, U = kuc, mg | K106: =K105*K103 -> 11.912385
B107: Atau ketidakpastian bentangan, U = kuc, mg | K107: =K105*K103 -> 11.912385
...

Sheet Koreksi themohygro rotronic 202
C2: Suhu (°C) | D2: %RH | F2: Thermohygro Rotronic data 2025
B3: Awal | C3: ='U95'!C34 -> 20.1 | D3: ='U95'!C37 -> 60 | F3: Koreksi suhu | I3: Koreksi RH
B4: Akhir | C4: ='U95'!C35 -> 20.1 | D4: ='U95'!C38 -> 60 | F4: T (°C) | G4: Koreksi | H4: U95 | I4: RH (%) | J4: Koreksi | K4: U95
B5: Rata2 | C5: =AVERAGE(C3:C4) -> 20.1 | D5: =AVERAGE(D3:D4) -> 60 | F5: 20 | G5: 0.1 | H5: 2 | I5: 40 | J5: 0.2 | K5: 2.5
B6: Terkoreksi | C6: =C5+FORECAST(C5,G5:G9,F5:F9) -> 20.156 | D6: =D5+FORECAST(D5,J5:J9,I5:I9) -> 59.78 | F6: 25 | G6: -0.2 | H6: 2 | I6: 50 | J6: -0.3 | K6: 2.8
B7: U95 | C7: 2 | D7: =FORECAST(D6,K5:K9,I5:I9) -> 2.62132 | F7: 30 | G7: -0.3 | H7: 2 | I7: 60 | J7: -0.3 | K7: 3.2
B8: Fluktuasi suhu | C8: =(MAX(C3:C4)-C5+C5-MIN(C3:C4))/2 -> 0 | D8: =(MAX(D3:D4)-D5+D5-MIN(D3:D4))/2 -> 0 | F8: 35 | G8: -0.6 | H8: 2 | I8: 70 | J8: -0.1 | K8: 2
B9: Flu+U95 | C9: =C7+C8 -> 2 | D9: =D7+D8 -> 2.62132 | F9: 40 | G9: -0.7 | H9: 2 | I9: 80 | J9: -0.6 | K9: 2.6
B10: Kondisi Ruang | C10: =FIXED(C6,2) & " ± "&FIXED(C8,2) -> 20,16 ± 0,00 | D10: =FIXED(D6,2) & " ± "&FIXED(D8,2) -> 59,78 ± 0,00

Sheet Sertifikat
A7: S E R T I F I K A T K A L I B R A S I
A8: C A L I B R A T I O N C E R T I F I C A T E
D9: Nomor / Number : | F9: 013-2.1/INT/KALIBRASI BBLM/I/2026
C14: IDENTITAS ALAT
C15: INSTRUMENT DETAILS
C17: Nama Alat | F17: : Anak Timbangan
C18: Instrument Name
C19: Merek | F19: =CONCATENATE(":"," ",'U95'!C30) -> : -
C20: Brand
C21: Tipe | F21: =CONCATENATE(":"," ",'U95'!C31) -> : F1
C22: Type
C23: Nomor Identifikasi | F23: =CONCATENATE(":"," ",'U95'!C33) -> : -
C24: Identification Number
C25: Nomor Seri | F25: =CONCATENATE(":"," ",'U95'!C32) -> : 124918
C26: Serial Number
C27: Lain-lain | F27: : Kapasitas | H27: =CONCATENATE(":","0,001 g -2000g ",) -> :0,001 g -2000g
C28: Others | F28: Kecermatan | H28: : -
C30: IDENTITAS PEMILIK
C31: Owner’s Identification
C33: Nama | D33: =CONCATENATE(":"," ",'U95'!C26) -> : PT. XXXXXX
C34: Designation
C35: Alamat | D35: =CONCATENATE(":"," ",'U95'!C27) -> : Jalan, Desa, Kecamatan, Kabupaten, Provinsi
C36: Address
I40: Halaman 1 dari 3 halaman
I41: Page of page
I43: Diterbitkan Tanggal 8 Maret 2026
I44: Date of Issue
F45: Ketua Tim Laboratorium Kalibrasi Dan Penguji,
F46: Elis Sofianti
F47: NIP. 197109301994032002
F67: Nomor | G67: =CONCATENATE(":"," ",$F$9) -> : 013-2.1/INT/KALIBRASI BBLM/I/2026
F68: No. Order | G68: =CONCATENATE(": ",'U95'!C25) -> : K519-1
F69: Halaman | G69: : 2 dari 3
C71: SPESIFIKASI ALAT
C72: Nama | E72: =F17 -> : Anak Timbangan
C73: Merk / Tipe | E73: =CONCATENATE(":"," ",'U95'!C30," ","/"," ",'U95'!C31) -> : - / F1
C74: No. Identifikasi | E74: =F23 -> : -
C75: No. Seri | E75: =F25 -> : 124918
C76: Kapasitas | E76: =H27 -> :0,001 g -2000g
C77: Kecermatan | E77: =H28 -> : - | G77: Kondisi ruang
C78: Prosedur Kalibrasi | E78: : CSIRO 2010 | G78: Temperatur | I78: =CONCATENATE(":"," ","(",'Koreksi themohygro rotronic 202'!C10,")"," ºC") -> : (20,16 ± 0,00) ºC
C79: Tanggal Terima | E79: =CONCATENATE(":"," ",'U95'!C43) -> : 22 September 2025 | G79: Kelembaban relatif | I79: =CONCATENATE(":"," ","(",'Koreksi themohygro rotronic 202'!D10,")"," %RH") -> : (59,78 ± 0,00) %RH
C80: Tanggal Kalibrasi | E80: =CONCATENATE(":"," ",'U95'!C44) -> : 2 Oktober 2025 | G80: Tekanan | I80: =CONCATENATE(":"," ","(",FIXED('U95'!E42,1)," ","± 0,7",")"," mmHg") -> : (691,6 ± 0,7) mmHg
C81: Lokasi Alat | E81: =CONCATENATE(":"," ",'U95'!C28) -> : Lab massa BBLM
F83: HASIL KALIBRASI
C85: No. | D85: Nilai Nominal | F85: Massa konvensional | H85: Ketidakpastian U95% (k=2)
D86: ( g ) | F86: ( g ) | H86: ( mg )
C87: 1 | D87: 0.001 | F87: ='0,001'!G85 -> 0.001008 | H87: =MAX('0,001'!$K$107,'0,001'!$K$108) -> 0.026
C88: 2 | D88: 0.002 | F88: ='0,002'!G85 -> 0.002005 | H88: =MAX('0,002'!$K$107,'0,002'!$K$108) -> 0.026
C89: 3 | D89: 0,002* | F89: ='0,002t'!G85 -> 0.001999 | H89: =MAX('0,002t'!$K$107,'0,002t'!$K$108) -> 0.026
C90: 4 | D90: 0.005 | F90: ='0,005'!G85 -> 0.005013 | H90: =MAX('0,005'!$K$107,'0,005'!$K$108) -> 0.026
C91: 5 | D91: 0.01 | F91: ='0,01'!G85 -> 0.010014 | H91: =MAX('0,01'!$K$107,'0,01'!$K$108) -> 0.026
C92: 6 | D92: 0.02 | F92: ='0,02'!G85 -> 0.020019 | H92: =MAX('0,02'!$K$107,'0,02'!$K$108) -> 0.026
C93: 7 | D93: 0,02* | F93: ='0,02t'!G85 -> 0.020012 | H93: =MAX('0,02t'!$K$107,'0,02t'!$K$108) -> 0.026
C94: 8 | D94: 0.05 | F94: ='0,05'!G85 -> 0.050018 | H94: =MAX('0,05'!$K$107,'0,05'!$K$108) -> 0.026
C95: 9 | D95: 0.1 | F95: ='0,1'!G85 -> 0.100024 | H95: =MAX('0,1'!$K$107,'0,1'!$K$108) -> 0.026
C96: 10 | D96: 0.2 | F96: ='0,2'!G85 -> 0.200029 | H96: =MAX('0,2'!$K$107,'0,2'!$K$108) -> 0.026
C97: 11 | D97: 0,2* | F97: ='0,2t'!G85 -> 0.200035 | H97: =MAX('0,2t'!$K$107,'0,2t'!$K$108) -> 0.026
C98: 12 | D98: 0.5 | F98: ='0,5'!G85 -> 0.500036 | H98: =MAX('0,5'!$K$107,'0,5'!$K$108) -> 0.027
C99: 13 | D99: 1 | F99: ='1'!G85 -> 1.000072 | H99: =MAX('1'!$K$107,'1'!$K$108) -> 0.027
C100: 14 | D100: 2 | F100: ='2'!G85 -> 2.0000586 | H100: =MAX('2'!$K$107,'2'!$K$108) -> 0.028
C101: 15 | D101: 2* | F101: ='2'!G85 -> 2.0000586 | H101: =MAX('2t'!$K$107,'2t'!$K$108) -> 0.028
C102: 16 | D102: 5 | F102: ='5'!G85 -> 5.000101 | H102: =MAX('5'!$K$107,'5'!$K$108) -> 0.029
C103: 17 | D103: 10 | F103: ='10'!G85 -> 10.000192 | H103: =MAX('10'!$K$107,'10'!$K$108) -> 0.032
F117: Nomor | G117: =CONCATENATE(":"," ",$F$9) -> : 013-2.1/INT/KALIBRASI BBLM/I/2026
F118: No. Order | G118: =CONCATENATE(": ",'U95'!C25) -> : K519-1
F119: Halaman | G119: : 3 dari 3
C121: No. | D121: Nilai Nominal | F121: Massa konvensional | H121: Ketidakpastian U95% (k=2)
D122: ( g ) | F122: ( g ) | H122: ( mg )
C123: 18 | D123: 20 | F123: ='20'!G85 -> 20.000099 | H123: =MAX('20'!$K$107,'20'!$K$108) -> 0.036
C124: 19 | D124: 20* | F124: ='20t'!G85 -> 20.000206 | H124: =MAX('20t'!$K$107,'20t'!$K$108) -> 0.036
C125: 20 | D125: 50 | F125: ='50'!G85 -> 50.000074 | H125: =MAX('50'!$K$107,'50'!$K$108) -> 0.042
C126: 21 | D126: 100 | F126: ='100'!G85 -> 100.00032 | H126: =MAX('100'!$K$107,'100'!$K$108) -> 0.067
C127: 22 | D127: 200 | F127: ='200'!G85 -> 200.00029 | H127: =MAX('200'!$K$107,'200'!$K$108) -> 0.11
C128: 23 | D128: 200* | F128: ='200t'!G85 -> 200.00013 | H128: =MAX('200t'!$K$107,'200t'!$K$108) -> 0.11
C129: 24 | D129: 500 | F129: ='500'!G85 -> 500.00115 | H129: =MAX('500'!$K$107,'500'!$K$108) -> 1
C130: 25 | D130: 1000 | F130: ='1000'!G85 -> 1000.0012 | H130: =MAX('1000'!$K$107,'1000'!$K$108) -> 1.1
C131: 26 | D131: 2000 | F131: ='2000'!G85 -> 2000.0036 | H131: =MAX('2000'!$K$107,'2000'!$K$108) -> 1.421747
C132: 27 | D132: 2000* | F132: ='2000t'!G85 -> 2000.0049 | H132: =MAX('2000t'!$K$107,'2000t'!$K$108) -> 1.4135164
C136: Catatan :
C137: Alat ini dikalibrasi dengan Massa Standar E2 dengan ns : 158856 & YCW-622-00
C138: yang tertelusur ke SI melalui LK-008-IDN & LK-070-IDN dan Mass Comparator
C139: ns : 90803270 & 90602105 yang tertelusur ke SI melalui LK-001-IDN.

Sheet 0,001
A1: E2 2024 | E1: F1 (B4T 2024) | I1: M1 | M1: E2 METTLER TOLEDO 2025 | Q1: TABEL MPE OIML R111-1
A2: Nominal (g) | B2: Massa konvensional (g) | C2: U95 (mg) | E2: Nominal (g) | F2: Massa konvensional (g) | G2: U95 (mg) | I2: Identitas | J2: Massa konvensional (g) | K2: U95 (mg) | M2: Nominal (g) | N2: Massa konvensional (g) | O2: U95 (mg) | Q2: Nominal Value | R2: Class E1 | S2: Class E2 | T2: Class F1 | U2: Class F2 | V2: Class M1 | W2: Class M2 | X2: Class M3
A3: 2000 | B3: 1999.9985 | C3: 0.32 | E3: 20000 | F3: 20000.022 | G3: 13 | I3: M1 | J3: 19999.414 | K3: 45 | M3: 0.001 | N3: 0.001003 | O3: 0.002 | Q3: 50 kg | R3: 25 | S3: 75 | T3: 250 | U3: 750 | V3: 2500 | W3: 7500 | X3: 25000
A4: 1000 | B4: 1000.0005 | C4: 0.14 | E4: 10000 | F4: 10000.041 | G4: 4.6 | I4: M2 | J4: 19999.234 | K4: 45 | M4: 0.002 | N4: 0.002003 | O4: 0.002 | Q4: 20 kg | R4: 10 | S4: 30 | T4: 100 | U4: 300 | V4: 1000 | W4: 3000 | X4: 10000
A5: 500 | B5: 500.00001 | C5: 0.08 | E5: 5000 | F5: 5000.005 | G5: 8 | I5: M3 | J5: 19999.627 | K5: 45 | M5: 0,002t | N5: 0.002001 | O5: 0.002 | Q5: 10 kg | R5: 5 | S5: 15 | T5: 50 | U5: 150 | V5: 500 | W5: 1500 | X5: 5000
A6: 200 | B6: 200.00001 | C6: 0.04 | E6: 2000* | F6: 1999.999 | G6: 3 | I6: M4 | J6: 20000.346 | K6: 45 | M6: 0.005 | N6: 0.005004 | O6: 0.002 | Q6: 5 kg | R6: 2.5 | S6: 7.5 | T6: 25 | U6: 75 | V6: 250 | W6: 750 | X6: 2500
A7: 200* | B7: 200.00005 | C7: 0.04 | E7: 2000 | F7: 1999.996 | G7: 3 | I7: M5 | J7: 20000.124 | K7: 45 | M7: 0.01 | N7: 0.010002 | O7: 0.003 | Q7: 2 kg | R7: 1 | S7: 3 | T7: 10 | U7: 30 | V7: 100 | W7: 300 | X7: 1000
A8: 100 | B8: 100.00008 | C8: 0.03 | E8: 1000 | F8: 1000.001 | G8: 1.7 | I8: M6 | J8: 20000.154 | K8: 45 | M8: 0.02 | N8: 0.020003 | O8: 0.003 | Q8: 1 kg | R8: 0.5 | S8: 1.5 | T8: 5 | U8: 15 | V8: 50 | W8: 150 | X8: 500
A9: 50 | B9: 50.00002 | C9: 0.02 | E9: 500 | F9: 500 | G9: 1.1 | I9: M7 | J9: 19999.125 | K9: 45 | M9: 0,02t | N9: 0.020005 | O9: 0.003 | Q9: 500 g | R9: 0.25 | S9: 0.75 | T9: 2.5 | U9: 7.5 | V9: 25 | W9: 75 | X9: 250
A10: 20 | B10: 19.999978 | C10: 0.009 | E10: 200 | F10: 199.99953 | G10: 0.3 | I10: M8 | J10: 19999.806 | K10: 45 | M10: 0.05 | N10: 0.050005 | O10: 0.003 | Q10: 200 g | R10: 0.01 | S10: 0.3 | T10: 1 | U10: 3 | V10: 10 | W10: 30 | X10: 100
A11: 20* | B11: 19.999977 | C11: 0.009 | E11: 200* | F11: 199.99873 | G11: 0.3 | I11: M9 | J11: 20000.237 | K11: 45 | M11: 0.1 | N11: 0.100008 | O11: 0.003 | Q11: 100 g | R11: 0.05 | S11: 0.15 | T11: 0.5 | U11: 1.5 | V11: 5 | W11: 15 | X11: 50
A12: 10 | B12: 9.999976 | C12: 0.008 | E12: 100 | F12: 99.99961 | G12: 0.16 | I12: M10 | J12: 19999.832 | K12: 45 | M12: 0.2 | N12: 0.200009 | O12: 0.005 | Q12: 50 g | R12: 0.03 | S12: 0.1 | T12: 0.3 | U12: 1 | V12: 3 | W12: 10 | X12: 30
A13: 5 | B13: 5.000006 | C13: 0.007 | E13: 50 | F13: 49.99956 | G13: 0.1 | I13: M11 | J13: 19999.934 | K13: 45 | M13: 0,2t | N13: 0.200002 | O13: 0.005 | Q13: 20 g | R13: 0.025 | S13: 0.08 | T13: 0.25 | U13: 0.8 | V13: 2.5 | W13: 8 | X13: 25
A14: 2 | B14: 2.000013 | C14: 0.005 | E14: 20 | F14: 20.00001 | G14: 0.08 | I14: M12 | J14: 19999.845 | K14: 45 | M14: 0.5 | N14: 0.500006 | O14: 0.006 | Q14: 10 g | R14: 0.02 | S14: 0.06 | T14: 0.2 | U14: 0.6 | V14: 2 | W14: 6 | X14: 20
A15: 2* | B15: 2.000015 | C15: 0.005 | E15: 20* | F15: 20.00004 | G15: 0.08 | I15: M13 | J15: 20000.802 | K15: 45 | M15: 1 | N15: 1.000016 | O15: 0.007 | Q15: 5 g | R15: 0.015 | S15: 0.05 | T15: 0.15 | U15: 0.5 | V15: 1.5 | W15: 5 | X15: 15
A16: 1 | B16: 0.999997 | C16: 0.005 | E16: 10 | F16: 10.00001 | G16: 0.06 | I16: M14 | J16: 19999.575 | K16: 45 | M16: 2 | N16: 1.999992 | O16: 0.009 | Q16: 2 g | R16: 0.012 | S16: 0.04 | T16: 0.12 | U16: 0.4 | V16: 1.2 | W16: 4 | X16: 12
A17: 0.5 | B17: 0.500018 | C17: 0.004 | E17: 5 | F17: 4.99994 | G17: 0.05 | I17: M15 | J17: 20000.329 | K17: 45 | M17: 2t | N17: 1.999991 | O17: 0.009 | Q17: 1 g | R17: 0.01 | S17: 0.03 | T17: 0.1 | U17: 0.3 | V17: 1 | W17: 3 | X17: 10
A18: 0.2 | B18: 0.200013 | C18: 0.003 | E18: 2 | F18: 2 | G18: 0.04 | I18: M16 | J18: 20000.932 | K18: 45 | M18: 5 | N18: 0.500006 | O18: 0.011 | Q18: 500 mg | R18: 0.008 | S18: 0.025 | T18: 0.08 | U18: 0.25 | V18: 0.8 | W18: 2.5 | X18: -
A19: 0.2* | B19: 0.200015 | C19: 0.003 | E19: 2* | F19: 1.99998 | G19: 0.04 | I19: 20LZ1 | J19: 20001.683 | K19: 45 | M19: 10 | N19: 10.000033 | O19: 0.014 | Q19: 200 mg | R19: 0.006 | S19: 0.02 | T19: 0.06 | U19: 0.2 | V19: 0.6 | W19: 2 | X19: -
A20: 0.1 | B20: 0.100003 | C20: 0.002 | E20: 1 | F20: 1 | G20: 0.03 | I20: 10LZ1 | J20: 10001.617 | K20: 26 | M20: 20 | N20: 20.000035 | O20: 0.018 | Q20: 100 mg | R20: 0.005 | S20: 0.015 | T20: 0.05 | U20: 0.15 | V20: 0.5 | W20: 1.5 | X20: -
I21: 5A | J21: 4998.996 | K21: 5.7 | M21: 20t | N21: 20.000038 | O21: 0.018 | Q21: 50 mg | R21: 0.004 | S21: 0.012 | T21: 0.04 | U21: 0.12 | V21: 0.4 | W21: - | X21: -
I22: 10A | J22: 9999.566 | K22: 26 | M22: 50 | N22: 50.00002 | O22: 0.03 | Q22: 20 mg | R22: 0.003 | S22: 0.01 | T22: 0.03 | U22: 0.1 | V22: 0.3 | W22: - | X22: -
B23: ISI DATA | I23: A | J23: 19999.312 | K23: 45 | M23: 100 | N23: 100.00029 | O23: 0.05 | Q23: 10 mg | R23: 0.002 | S23: 0.008 | T23: 0.025 | U23: 0.08 | V23: 0.25 | W23: - | X23: -
B24: Deskripsi | C24: Isi | D24: Satuan | I24: B | J24: 19999.19 | K24: 45 | M24: 200 | N24: 200.00025 | O24: 0.08 | Q24: 5 mg | R24: 0.002 | S24: 0.006 | T24: 0.02 | U24: 0.06 | V24: 0.2 | W24: - | X24: -
B25: No Order | C25: K519-1 | I25: C | J25: 19999.069 | K25: 45 | M25: 200t | N25: 200.00025 | O25: 0.08 | Q25: 2 mg | R25: 0.002 | S25: 0.006 | T25: 0.02 | U25: 0.06 | V25: 0.2 | W25: - | X25: -
B26: Pemilik Alat | C26: PT. XXXXXX | I26: D | J26: 19999.282 | K26: 45 | M26: 500 | N26: 500.00075 | O26: 0.16 | Q26: 1 mg | R26: 0.002 | S26: 0.006 | T26: 0.02 | U26: 0.06 | V26: 0.2 | W26: - | X26: -
B27: Alamat Pemilik Alat | C27: Jalan, Desa, Kecamatan, Kabupaten, Provinsi | I27: E | J27: 19999.268 | K27: 45 | M27: 1000 | N27: 1000.0009 | O27: 0.16
B28: Lokasi Alat | C28: Lab massa BBLM | I28: F | J28: 19999.33 | K28: 45
B29: Nama Alat | C29: Anak timbangan | I29: G | J29: 19999.21 | K29: 45
B30: Merk | C30: - | I30: H | J30: 20000.486 | K30: 45
B31: Tipe | C31: F1 | I31: I | J31: 19999.254 | K31: 45
B32: No Seri | C32: 124918
B33: No. Identifikasi | C33: -
B34: Temperatur Awal | C34: 20.1 | D34: °C
B35: Temperatur Akhir | C35: 20.1 | D35: °C
B36: Temperatur rata2 | C36: =AVERAGE(C34,C35) -> 20.1 | D36: °C
B37: Kelembaban Awal | C37: 60 | D37: %RH
B38: Kelembaban Akhir | C38: 60 | D38: %RH
B39: Kelembapan rata2 | C39: =AVERAGE(C37,C38) -> 60 | D39: %RH
B40: Tekanan awal | C40: 922 | D40: hPa | E40: =C40*H40 -> 691.55901 | F40: mmHg | G40: 1 hPa | H40: 0.750064 | I40: mmHg
B41: Tekanan akhir | C41: 922 | D41: hPa | E41: =C41*H41 -> 691.55901 | F41: mmHg | G41: 1 hPa | H41: 0.750064 | I41: mmHg
B42: Tekanan rata2 | C42: =AVERAGE(C40:C41) -> 922 | D42: hPa | E42: =C42*H42 -> 691.55901 | F42: mmHg | G42: 1 hPa | H42: 0.750064 | I42: mmHg
B43: Tanggal Terima | C43: 22 September 2025 | E43: Tanggal ditulis dengan format text
B44: Tanggal Kalibrasi | C44: 2 Oktober 2025 | E44: Tanggal ditulis dengan format text
B45: Titik Ukur | C45: 0.001 | D45: g
B46: Mass Comp
B47: Resolusi | C47: 1e-05 | D47: g
B48: No. Seri Mass comp | C48: 90803270
B49: Kalibrator | C49: E2 METTLER TOLEDO | E49: `
B50: Merk Kalibrator | C50: Mettler Toledo
B51: No Seri | C51: 158856
B52: Massa standard | C52: =N3 -> 0.001003 | D52: g
B53: U95 standard | C53: =O3 -> 0.002 | D53: mg
B55: X1 | C55: X2 | D55: X3 | E55: X4 | F55: X5 | G55: dm
B56: ( g ) | C56: ( g ) | D56: ( g ) | E56: ( g ) | F56: ( g ) | G56: g
A57: r1 | B57: 0.001
A58: t1 | B58: 0.001 | G58: =B58-B57 -> 0
A59: t2 | B59: 0.00098
A60: r2 | B60: 0.00099 | G60: =B59-B60 -> -1e-05
A61: r3 | C61: 0.00097
A62: t3 | C62: 0.00097 | G62: =C62-C61 -> 0
A63: t4 | C63: 0.001
A64: r4 | C64: 0.00098 | G64: =C63-C64 -> 2e-05
A65: r5 | D65: 0.00099
A66: t5 | D66: 0.00099 | G66: =D66-D65 -> 0
A67: t6 | D67: 0.001
A68: r6 | D68: 0.001 | G68: =D67-D68 -> 0
A69: r7 | E69: 0.00098
A70: t7 | E70: 0.001 | G70: =E70-E69 -> 2e-05
A71: t8 | E71: 0.00098
A72: r8 | E72: 0.00098 | G72: =E71-E72 -> 0
A73: r9 | F73: 0.00101
A74: t9 | F74: 0.00101 | G74: =F74-F73 -> 0
A75: t10 | F75: 0.00101
A76: r10 | F76: 0.00099 | G76: =F75-F76 -> 2e-05
F78: Mean | G78: =AVERAGE(G57:G76) -> 5e-06 | H78: g
F80: Stdev | G80: =STDEVP(G57:G76) -> 1.0246951e-05 | H80: g
F82: S_res | G82: =(0.82*C47)/2 -> 4.1e-06 | H82: g
F84: Mt | G84: =C52+G78 -> 0.001008 | H84: g
G85: =G84 -> 0.001008
F86: Srepeat | G86: =IF(G80>G82,G80,G82) -> 1.0246951e-05
B88: UNCERTAINTY BUDGET SEBAGAI PENDUKUNG KLAIM BMC
B89: Besaran yang diukur : | C89: Massa
B90: Jenis alat yang dikalibrasi : | C90: Anak timbangan M3
B91: Standar yang digunakan : | C91: Anak timbangan F1
B92: Titik Ukur : | C92: =C45 -> 0.001 | D92: g | F92: MPE 0,001 | G92: =S26 -> 0.006 | H92: mg
B93: Model matematis : Mt= Ms +dm dengan Mt= massa massa konvensional yang dikalibrasi Ms = massa standar dm= koreksi alat
B95: Komponen | C95: Satuan | D95: Distribusi | E95: U | F95: Pembagi | G95: vi | H95: ui | I95: ci | J95: uici | K95: (uici)2 | L95: (uici)4/vi
B96: 1 | C96: 2 | D96: 3 | E96: 4 | F96: 5 | G96: 6 | H96: 7 | I96: 8 | J96: 9 | K96: 10 | L96: 11
B97: Standar | C97: mg | D97: Normal | E97: =C53 -> 0.002 | F97: 2 | G97: 60 | H97: =E97/F97 -> 0.001 | I97: 1 | J97: =H97*I97 -> 0.001 | K97: =J97^2 -> 1e-06 | L97: =J97^4/G97 -> 1.6666667e-14
B98: Repeatability | C98: mg | D98: Rectangular | E98: =(G86*1000)/SQRT(10) -> 0.0032403703 | F98: 1 | G98: =IF(G80>G82,9,1000) -> 9 | H98: =E98/F98 -> 0.0032403703 | I98: 1 | J98: =H98*I98 -> 0.0032403703 | K98: =J98^2 -> 1.05e-05 | L98: =J98^4/G98 -> 1.225e-11
B99: Rounding | C99: mg | D99: Rectangular | E99: 5e-05 | F99: =SQRT(3) -> 1.7320508 | G99: 1000 | H99: =E99/F99 -> 2.8867513e-05 | I99: 1 | J99: =H99*I99 -> 2.8867513e-05 | K99: =J99^2 -> 8.3333333e-10 | L99: =J99^4/G99 -> 6.9444444e-22
B100: Instability | C100: mg | D100: Normal | E100: =0.08*G92 -> 0.00048 | F100: 1 | G100: 4 | H100: =E100/F100 -> 0.00048 | I100: 1 | J100: =H100*I100 -> 0.00048 | K100: =J100^2 -> 2.304e-07 | L100: =J100^4/G100 -> 1.327104e-14
B101: Buoyancy | C101: mg | D101: Rectangular | E101: =4.5*10^-9*8000*0.114*$C$92 -> 4.104e-09 | F101: 1 | G101: 1000 | H101: =E101/F101 -> 4.104e-09 | I101: 1 | J101: =H101*I101 -> 4.104e-09 | K101: =J101^2 -> 1.6842816e-17 | L101: =J101^4/G101 -> 2.8368045e-37
B102: Sums | K102: =SUM(K97:K101) -> 1.1731233e-05 | L102: =SUM(L97:L101) -> 1.2279938e-11
B103: Ketidakpastian baku gabungan, uc, mg | K103: =SQRT(K102) -> 0.0034250888
B104: Dearajat kebebasan efektif, veff | K104: =(K103^4)/L102 -> 11.207047
B105: Faktor cakupan, k-student for veff and CL 95% | K105: =TINV(0.05,K104) -> 2.2009852
B106: Ketidakpastian bentangan, U = kuc, mg | K106: =K105*K103 -> 0.0075385696
B107: Atau ketidakpastian bentangan, U = kuc, mg | K107: =K105*K103 -> 0.0075385696
...

Sheet 0,002
A1: E2 2024 | E1: F1 (B4T 2024) | I1: M1 | M1: E2 METTLER TOLEDO 2025 | Q1: TABEL MPE OIML R111-1
A2: Nominal (g) | B2: Massa konvensional (g) | C2: U95 (mg) | E2: Nominal (g) | F2: Massa konvensional (g) | G2: U95 (mg) | I2: Identitas | J2: Massa konvensional (g) | K2: U95 (mg) | M2: Nominal (g) | N2: Massa konvensional (g) | O2: U95 (mg) | Q2: Nominal Value | R2: Class E1 | S2: Class E2 | T2: Class F1 | U2: Class F2 | V2: Class M1 | W2: Class M2 | X2: Class M3
A3: 2000 | B3: 1999.9985 | C3: 0.32 | E3: 20000 | F3: 20000.022 | G3: 13 | I3: M1 | J3: 19999.414 | K3: 45 | M3: 0.001 | N3: 0.001003 | O3: 0.002 | Q3: 50 kg | R3: 25 | S3: 75 | T3: 250 | U3: 750 | V3: 2500 | W3: 7500 | X3: 25000
A4: 1000 | B4: 1000.0005 | C4: 0.14 | E4: 10000 | F4: 10000.041 | G4: 4.6 | I4: M2 | J4: 19999.234 | K4: 45 | M4: 0.002 | N4: 0.002003 | O4: 0.002 | Q4: 20 kg | R4: 10 | S4: 30 | T4: 100 | U4: 300 | V4: 1000 | W4: 3000 | X4: 10000
A5: 500 | B5: 500.00001 | C5: 0.08 | E5: 5000 | F5: 5000.005 | G5: 8 | I5: M3 | J5: 19999.627 | K5: 45 | M5: 0,002t | N5: 0.002001 | O5: 0.002 | Q5: 10 kg | R5: 5 | S5: 15 | T5: 50 | U5: 150 | V5: 500 | W5: 1500 | X5: 5000
A6: 200 | B6: 200.00001 | C6: 0.04 | E6: 2000* | F6: 1999.999 | G6: 3 | I6: M4 | J6: 20000.346 | K6: 45 | M6: 0.005 | N6: 0.005004 | O6: 0.002 | Q6: 5 kg | R6: 2.5 | S6: 7.5 | T6: 25 | U6: 75 | V6: 250 | W6: 750 | X6: 2500
A7: 200* | B7: 200.00005 | C7: 0.04 | E7: 2000 | F7: 1999.996 | G7: 3 | I7: M5 | J7: 20000.124 | K7: 45 | M7: 0.01 | N7: 0.010002 | O7: 0.003 | Q7: 2 kg | R7: 1 | S7: 3 | T7: 10 | U7: 30 | V7: 100 | W7: 300 | X7: 1000
A8: 100 | B8: 100.00008 | C8: 0.03 | E8: 1000 | F8: 1000.001 | G8: 1.7 | I8: M6 | J8: 20000.154 | K8: 45 | M8: 0.02 | N8: 0.020003 | O8: 0.003 | Q8: 1 kg | R8: 0.5 | S8: 1.5 | T8: 5 | U8: 15 | V8: 50 | W8: 150 | X8: 500
A9: 50 | B9: 50.00002 | C9: 0.02 | E9: 500 | F9: 500 | G9: 1.1 | I9: M7 | J9: 19999.125 | K9: 45 | M9: 0,02t | N9: 0.020005 | O9: 0.003 | Q9: 500 g | R9: 0.25 | S9: 0.75 | T9: 2.5 | U9: 7.5 | V9: 25 | W9: 75 | X9: 250
A10: 20 | B10: 19.999978 | C10: 0.009 | E10: 200 | F10: 199.99953 | G10: 0.3 | I10: M8 | J10: 19999.806 | K10: 45 | M10: 0.05 | N10: 0.050005 | O10: 0.003 | Q10: 200 g | R10: 0.01 | S10: 0.3 | T10: 1 | U10: 3 | V10: 10 | W10: 30 | X10: 100
A11: 20* | B11: 19.999977 | C11: 0.009 | E11: 200* | F11: 199.99873 | G11: 0.3 | I11: M9 | J11: 20000.237 | K11: 45 | M11: 0.1 | N11: 0.100008 | O11: 0.003 | Q11: 100 g | R11: 0.05 | S11: 0.15 | T11: 0.5 | U11: 1.5 | V11: 5 | W11: 15 | X11: 50
A12: 10 | B12: 9.999976 | C12: 0.008 | E12: 100 | F12: 99.99961 | G12: 0.16 | I12: M10 | J12: 19999.832 | K12: 45 | M12: 0.2 | N12: 0.200009 | O12: 0.005 | Q12: 50 g | R12: 0.03 | S12: 0.1 | T12: 0.3 | U12: 1 | V12: 3 | W12: 10 | X12: 30
A13: 5 | B13: 5.000006 | C13: 0.007 | E13: 50 | F13: 49.99956 | G13: 0.1 | I13: M11 | J13: 19999.934 | K13: 45 | M13: 0,2t | N13: 0.200002 | O13: 0.005 | Q13: 20 g | R13: 0.025 | S13: 0.08 | T13: 0.25 | U13: 0.8 | V13: 2.5 | W13: 8 | X13: 25
A14: 2 | B14: 2.000013 | C14: 0.005 | E14: 20 | F14: 20.00001 | G14: 0.08 | I14: M12 | J14: 19999.845 | K14: 45 | M14: 0.5 | N14: 0.500006 | O14: 0.006 | Q14: 10 g | R14: 0.02 | S14: 0.06 | T14: 0.2 | U14: 0.6 | V14: 2 | W14: 6 | X14: 20
A15: 2* | B15: 2.000015 | C15: 0.005 | E15: 20* | F15: 20.00004 | G15: 0.08 | I15: M13 | J15: 20000.802 | K15: 45 | M15: 1 | N15: 1.000016 | O15: 0.007 | Q15: 5 g | R15: 0.015 | S15: 0.05 | T15: 0.15 | U15: 0.5 | V15: 1.5 | W15: 5 | X15: 15
A16: 1 | B16: 0.999997 | C16: 0.005 | E16: 10 | F16: 10.00001 | G16: 0.06 | I16: M14 | J16: 19999.575 | K16: 45 | M16: 2 | N16: 1.999992 | O16: 0.009 | Q16: 2 g | R16: 0.012 | S16: 0.04 | T16: 0.12 | U16: 0.4 | V16: 1.2 | W16: 4 | X16: 12
A17: 0.5 | B17: 0.500018 | C17: 0.004 | E17: 5 | F17: 4.99994 | G17: 0.05 | I17: M15 | J17: 20000.329 | K17: 45 | M17: 2t | N17: 1.999991 | O17: 0.009 | Q17: 1 g | R17: 0.01 | S17: 0.03 | T17: 0.1 | U17: 0.3 | V17: 1 | W17: 3 | X17: 10
A18: 0.2 | B18: 0.200013 | C18: 0.003 | E18: 2 | F18: 2 | G18: 0.04 | I18: M16 | J18: 20000.932 | K18: 45 | M18: 5 | N18: 0.500006 | O18: 0.011 | Q18: 500 mg | R18: 0.008 | S18: 0.025 | T18: 0.08 | U18: 0.25 | V18: 0.8 | W18: 2.5 | X18: -
A19: 0.2* | B19: 0.200015 | C19: 0.003 | E19: 2* | F19: 1.99998 | G19: 0.04 | I19: 20LZ1 | J19: 20001.683 | K19: 45 | M19: 10 | N19: 10.000033 | O19: 0.014 | Q19: 200 mg | R19: 0.006 | S19: 0.02 | T19: 0.06 | U19: 0.2 | V19: 0.6 | W19: 2 | X19: -
A20: 0.1 | B20: 0.100003 | C20: 0.002 | E20: 1 | F20: 1 | G20: 0.03 | I20: 10LZ1 | J20: 10001.617 | K20: 26 | M20: 20 | N20: 20.000035 | O20: 0.018 | Q20: 100 mg | R20: 0.005 | S20: 0.015 | T20: 0.05 | U20: 0.15 | V20: 0.5 | W20: 1.5 | X20: -
I21: 5A | J21: 4998.996 | K21: 5.7 | M21: 20t | N21: 20.000038 | O21: 0.018 | Q21: 50 mg | R21: 0.004 | S21: 0.012 | T21: 0.04 | U21: 0.12 | V21: 0.4 | W21: - | X21: -
I22: 10A | J22: 9999.566 | K22: 26 | M22: 50 | N22: 50.00002 | O22: 0.03 | Q22: 20 mg | R22: 0.003 | S22: 0.01 | T22: 0.03 | U22: 0.1 | V22: 0.3 | W22: - | X22: -
B23: ISI DATA | I23: A | J23: 19999.312 | K23: 45 | M23: 100 | N23: 100.00029 | O23: 0.05 | Q23: 10 mg | R23: 0.002 | S23: 0.008 | T23: 0.025 | U23: 0.08 | V23: 0.25 | W23: - | X23: -
B24: Deskripsi | C24: Isi | D24: Satuan | I24: B | J24: 19999.19 | K24: 45 | M24: 200 | N24: 200.00025 | O24: 0.08 | Q24: 5 mg | R24: 0.002 | S24: 0.006 | T24: 0.02 | U24: 0.06 | V24: 0.2 | W24: - | X24: -
B25: No Order | C25: K519-1 | I25: C | J25: 19999.069 | K25: 45 | M25: 200t | N25: 200.00025 | O25: 0.08 | Q25: 2 mg | R25: 0.002 | S25: 0.006 | T25: 0.02 | U25: 0.06 | V25: 0.2 | W25: - | X25: -
B26: Pemilik Alat | C26: PT. XXXXXX | I26: D | J26: 19999.282 | K26: 45 | M26: 500 | N26: 500.00075 | O26: 0.16 | Q26: 1 mg | R26: 0.002 | S26: 0.006 | T26: 0.02 | U26: 0.06 | V26: 0.2 | W26: - | X26: -
B27: Alamat Pemilik Alat | C27: Jalan, Desa, Kecamatan, Kabupaten, Provinsi | I27: E | J27: 19999.268 | K27: 45 | M27: 1000 | N27: 1000.0009 | O27: 0.16
B28: Lokasi Alat | C28: Lab massa BBLM | I28: F | J28: 19999.33 | K28: 45
B29: Nama Alat | C29: Anak timbangan | I29: G | J29: 19999.21 | K29: 45
B30: Merk | C30: - | I30: H | J30: 20000.486 | K30: 45
B31: Tipe | C31: F1 | I31: I | J31: 19999.254 | K31: 45
B32: No Seri | C32: 124918
B33: No. Identifikasi | C33: -
B34: Temperatur Awal | C34: 20.1 | D34: °C
B35: Temperatur Akhir | C35: 20.1 | D35: °C
B36: Temperatur rata2 | C36: =AVERAGE(C34,C35) -> 20.1 | D36: °C
B37: Kelembaban Awal | C37: 60 | D37: %RH
B38: Kelembaban Akhir | C38: 60 | D38: %RH
B39: Kelembapan rata2 | C39: =AVERAGE(C37,C38) -> 60 | D39: %RH
B40: Tekanan awal | C40: 922 | D40: hPa | E40: =C40*H40 -> 691.55901 | F40: mmHg | G40: 1 hPa | H40: 0.750064 | I40: mmHg
B41: Tekanan akhir | C41: 922 | D41: hPa | E41: =C41*H41 -> 691.55901 | F41: mmHg | G41: 1 hPa | H41: 0.750064 | I41: mmHg
B42: Tekanan rata2 | C42: =AVERAGE(C40:C41) -> 922 | D42: hPa | E42: =C42*H42 -> 691.55901 | F42: mmHg | G42: 1 hPa | H42: 0.750064 | I42: mmHg
B43: Tanggal Terima | C43: 22 September 2025 | E43: Tanggal ditulis dengan format text
B44: Tanggal Kalibrasi | C44: 2 Oktober 2025 | E44: Tanggal ditulis dengan format text
B45: Titik Ukur | C45: 0.002 | D45: g
B46: Mass Comp
B47: Resolusi | C47: 1e-05 | D47: g
B48: No. Seri Mass comp | C48: 90803270
B49: Kalibrator | C49: E2 METTLER TOLEDO | E49: `
B50: Merk Kalibrator | C50: Mettler Toledo
B51: No Seri | C51: 158856
B52: Massa standard | C52: =N4 -> 0.002003 | D52: g
B53: U95 standard | C53: =O4 -> 0.002 | D53: mg
B55: X1 | C55: X2 | D55: X3 | E55: X4 | F55: X5 | G55: dm
B56: ( g ) | C56: ( g ) | D56: ( g ) | E56: ( g ) | F56: ( g ) | G56: g
A57: r1 | B57: 0.00201
A58: t1 | B58: 0.00201 | G58: =B58-B57 -> 0
A59: t2 | B59: 0.00202
A60: r2 | B60: 0.00202 | G60: =B59-B60 -> 0
A61: r3 | C61: 0.00201
A62: t3 | C62: 0.002 | G62: =C62-C61 -> -1e-05
A63: t4 | C63: 0.00201
A64: r4 | C64: 0.00202 | G64: =C63-C64 -> -1e-05
A65: r5 | D65: 0.00202
A66: t5 | D66: 0.00199 | G66: =D66-D65 -> -3e-05
A67: t6 | D67: 0.00203
A68: r6 | D68: 0.00202 | G68: =D67-D68 -> 1e-05
A69: r7 | E69: 0.00203
A70: t7 | E70: 0.00201 | G70: =E70-E69 -> -2e-05
A71: t8 | E71: 0.00202
A72: r8 | E72: 0.002 | G72: =E71-E72 -> 2e-05
A73: r9 | F73: 0.00198
A74: t9 | F74: 0.00202 | G74: =F74-F73 -> 4e-05
A75: t10 | F75: 0.00203
A76: r10 | F76: 0.00201 | G76: =F75-F76 -> 2e-05
F78: Mean | G78: =AVERAGE(G57:G76) -> 2e-06 | H78: g
F80: Stdev | G80: =STDEVP(G57:G76) -> 1.9899749e-05 | H80: g
F82: S_res | G82: =(0.82*C47)/2 -> 4.1e-06 | H82: g
F84: Mt | G84: =C52+G78 -> 0.002005 | H84: g
G85: =G84 -> 0.002005
F86: Srepeat | G86: =IF(G80>G82,G80,G82) -> 1.9899749e-05
B88: UNCERTAINTY BUDGET SEBAGAI PENDUKUNG KLAIM BMC
B89: Besaran yang diukur : | C89: Massa
B90: Jenis alat yang dikalibrasi : | C90: Anak timbangan M3
B91: Standar yang digunakan : | C91: Anak timbangan F1
B92: Titik Ukur : | C92: =C45 -> 0.002 | D92: g | F92: MPE 0,002 | G92: =S25 -> 0.006 | H92: mg
B93: Model matematis : Mt= Ms +dm dengan Mt= massa massa konvensional yang dikalibrasi Ms = massa standar dm= koreksi alat
B95: Komponen | C95: Satuan | D95: Distribusi | E95: U | F95: Pembagi | G95: vi | H95: ui | I95: ci | J95: uici | K95: (uici)2 | L95: (uici)4/vi
B96: 1 | C96: 2 | D96: 3 | E96: 4 | F96: 5 | G96: 6 | H96: 7 | I96: 8 | J96: 9 | K96: 10 | L96: 11
B97: Standar | C97: mg | D97: Normal | E97: =C53 -> 0.002 | F97: 2 | G97: 60 | H97: =E97/F97 -> 0.001 | I97: 1 | J97: =H97*I97 -> 0.001 | K97: =J97^2 -> 1e-06 | L97: =J97^4/G97 -> 1.6666667e-14
B98: Repeatability | C98: mg | D98: Rectangular | E98: =(G86*1000)/SQRT(10) -> 0.0062928531 | F98: 1 | G98: =IF(G80>G82,9,1000) -> 9 | H98: =E98/F98 -> 0.0062928531 | I98: 1 | J98: =H98*I98 -> 0.0062928531 | K98: =J98^2 -> 3.96e-05 | L98: =J98^4/G98 -> 1.7424e-10
B99: Rounding | C99: mg | D99: Rectangular | E99: 5e-05 | F99: =SQRT(3) -> 1.7320508 | G99: 1000 | H99: =E99/F99 -> 2.8867513e-05 | I99: 1 | J99: =H99*I99 -> 2.8867513e-05 | K99: =J99^2 -> 8.3333333e-10 | L99: =J99^4/G99 -> 6.9444444e-22
B100: Instability | C100: mg | D100: Normal | E100: =0.08*G92 -> 0.00048 | F100: 1 | G100: 4 | H100: =E100/F100 -> 0.00048 | I100: 1 | J100: =H100*I100 -> 0.00048 | K100: =J100^2 -> 2.304e-07 | L100: =J100^4/G100 -> 1.327104e-14
B101: Buoyancy | C101: mg | D101: Rectangular | E101: =4.5*10^-9*8000*0.114*$C$92 -> 8.208e-09 | F101: 1 | G101: 1000 | H101: =E101/F101 -> 8.208e-09 | I101: 1 | J101: =H101*I101 -> 8.208e-09 | K101: =J101^2 -> 6.7371264e-17 | L101: =J101^4/G101 -> 4.5388872e-36
B102: Sums | K102: =SUM(K97:K101) -> 4.0831233e-05 | L102: =SUM(L97:L101) -> 1.7426994e-10
B103: Ketidakpastian baku gabungan, uc, mg | K103: =SQRT(K102) -> 0.0063899322
B104: Dearajat kebebasan efektif, veff | K104: =(K103^4)/L102 -> 9.566708
B105: Faktor cakupan, k-student for veff and CL 95% | K105: =TINV(0.05,K104) -> 2.2621572
B106: Ketidakpastian bentangan, U = kuc, mg | K106: =K105*K103 -> 0.014455031
B107: Atau ketidakpastian bentangan, U = kuc, mg | K107: =K105*K103 -> 0.014455031
...

Sheet 0,002t
A1: E2 2024 | E1: F1 (B4T 2024) | I1: M1 | M1: E2 METTLER TOLEDO 2025 | Q1: TABEL MPE OIML R111-1
A2: Nominal (g) | B2: Massa konvensional (g) | C2: U95 (mg) | E2: Nominal (g) | F2: Massa konvensional (g) | G2: U95 (mg) | I2: Identitas | J2: Massa konvensional (g) | K2: U95 (mg) | M2: Nominal (g) | N2: Massa konvensional (g) | O2: U95 (mg) | Q2: Nominal Value | R2: Class E1 | S2: Class E2 | T2: Class F1 | U2: Class F2 | V2: Class M1 | W2: Class M2 | X2: Class M3
A3: 2000 | B3: 1999.9985 | C3: 0.32 | E3: 20000 | F3: 20000.022 | G3: 13 | I3: M1 | J3: 19999.414 | K3: 45 | M3: 0.001 | N3: 0.001003 | O3: 0.002 | Q3: 50 kg | R3: 25 | S3: 75 | T3: 250 | U3: 750 | V3: 2500 | W3: 7500 | X3: 25000
A4: 1000 | B4: 1000.0005 | C4: 0.14 | E4: 10000 | F4: 10000.041 | G4: 4.6 | I4: M2 | J4: 19999.234 | K4: 45 | M4: 0.002 | N4: 0.002003 | O4: 0.002 | Q4: 20 kg | R4: 10 | S4: 30 | T4: 100 | U4: 300 | V4: 1000 | W4: 3000 | X4: 10000
A5: 500 | B5: 500.00001 | C5: 0.08 | E5: 5000 | F5: 5000.005 | G5: 8 | I5: M3 | J5: 19999.627 | K5: 45 | M5: 0,002t | N5: 0.002001 | O5: 0.002 | Q5: 10 kg | R5: 5 | S5: 15 | T5: 50 | U5: 150 | V5: 500 | W5: 1500 | X5: 5000
A6: 200 | B6: 200.00001 | C6: 0.04 | E6: 2000* | F6: 1999.999 | G6: 3 | I6: M4 | J6: 20000.346 | K6: 45 | M6: 0.005 | N6: 0.005004 | O6: 0.002 | Q6: 5 kg | R6: 2.5 | S6: 7.5 | T6: 25 | U6: 75 | V6: 250 | W6: 750 | X6: 2500
A7: 200* | B7: 200.00005 | C7: 0.04 | E7: 2000 | F7: 1999.996 | G7: 3 | I7: M5 | J7: 20000.124 | K7: 45 | M7: 0.01 | N7: 0.010002 | O7: 0.003 | Q7: 2 kg | R7: 1 | S7: 3 | T7: 10 | U7: 30 | V7: 100 | W7: 300 | X7: 1000
A8: 100 | B8: 100.00008 | C8: 0.03 | E8: 1000 | F8: 1000.001 | G8: 1.7 | I8: M6 | J8: 20000.154 | K8: 45 | M8: 0.02 | N8: 0.020003 | O8: 0.003 | Q8: 1 kg | R8: 0.5 | S8: 1.5 | T8: 5 | U8: 15 | V8: 50 | W8: 150 | X8: 500
A9: 50 | B9: 50.00002 | C9: 0.02 | E9: 500 | F9: 500 | G9: 1.1 | I9: M7 | J9: 19999.125 | K9: 45 | M9: 0,02t | N9: 0.020005 | O9: 0.003 | Q9: 500 g | R9: 0.25 | S9: 0.75 | T9: 2.5 | U9: 7.5 | V9: 25 | W9: 75 | X9: 250
A10: 20 | B10: 19.999978 | C10: 0.009 | E10: 200 | F10: 199.99953 | G10: 0.3 | I10: M8 | J10: 19999.806 | K10: 45 | M10: 0.05 | N10: 0.050005 | O10: 0.003 | Q10: 200 g | R10: 0.01 | S10: 0.3 | T10: 1 | U10: 3 | V10: 10 | W10: 30 | X10: 100
A11: 20* | B11: 19.999977 | C11: 0.009 | E11: 200* | F11: 199.99873 | G11: 0.3 | I11: M9 | J11: 20000.237 | K11: 45 | M11: 0.1 | N11: 0.100008 | O11: 0.003 | Q11: 100 g | R11: 0.05 | S11: 0.15 | T11: 0.5 | U11: 1.5 | V11: 5 | W11: 15 | X11: 50
A12: 10 | B12: 9.999976 | C12: 0.008 | E12: 100 | F12: 99.99961 | G12: 0.16 | I12: M10 | J12: 19999.832 | K12: 45 | M12: 0.2 | N12: 0.200009 | O12: 0.005 | Q12: 50 g | R12: 0.03 | S12: 0.1 | T12: 0.3 | U12: 1 | V12: 3 | W12: 10 | X12: 30
A13: 5 | B13: 5.000006 | C13: 0.007 | E13: 50 | F13: 49.99956 | G13: 0.1 | I13: M11 | J13: 19999.934 | K13: 45 | M13: 0,2t | N13: 0.200002 | O13: 0.005 | Q13: 20 g | R13: 0.025 | S13: 0.08 | T13: 0.25 | U13: 0.8 | V13: 2.5 | W13: 8 | X13: 25
A14: 2 | B14: 2.000013 | C14: 0.005 | E14: 20 | F14: 20.00001 | G14: 0.08 | I14: M12 | J14: 19999.845 | K14: 45 | M14: 0.5 | N14: 0.500006 | O14: 0.006 | Q14: 10 g | R14: 0.02 | S14: 0.06 | T14: 0.2 | U14: 0.6 | V14: 2 | W14: 6 | X14: 20
A15: 2* | B15: 2.000015 | C15: 0.005 | E15: 20* | F15: 20.00004 | G15: 0.08 | I15: M13 | J15: 20000.802 | K15: 45 | M15: 1 | N15: 1.000016 | O15: 0.007 | Q15: 5 g | R15: 0.015 | S15: 0.05 | T15: 0.15 | U15: 0.5 | V15: 1.5 | W15: 5 | X15: 15
A16: 1 | B16: 0.999997 | C16: 0.005 | E16: 10 | F16: 10.00001 | G16: 0.06 | I16: M14 | J16: 19999.575 | K16: 45 | M16: 2 | N16: 1.999992 | O16: 0.009 | Q16: 2 g | R16: 0.012 | S16: 0.04 | T16: 0.12 | U16: 0.4 | V16: 1.2 | W16: 4 | X16: 12
A17: 0.5 | B17: 0.500018 | C17: 0.004 | E17: 5 | F17: 4.99994 | G17: 0.05 | I17: M15 | J17: 20000.329 | K17: 45 | M17: 2t | N17: 1.999991 | O17: 0.009 | Q17: 1 g | R17: 0.01 | S17: 0.03 | T17: 0.1 | U17: 0.3 | V17: 1 | W17: 3 | X17: 10
A18: 0.2 | B18: 0.200013 | C18: 0.003 | E18: 2 | F18: 2 | G18: 0.04 | I18: M16 | J18: 20000.932 | K18: 45 | M18: 5 | N18: 0.500006 | O18: 0.011 | Q18: 500 mg | R18: 0.008 | S18: 0.025 | T18: 0.08 | U18: 0.25 | V18: 0.8 | W18: 2.5 | X18: -
A19: 0.2* | B19: 0.200015 | C19: 0.003 | E19: 2* | F19: 1.99998 | G19: 0.04 | I19: 20LZ1 | J19: 20001.683 | K19: 45 | M19: 10 | N19: 10.000033 | O19: 0.014 | Q19: 200 mg | R19: 0.006 | S19: 0.02 | T19: 0.06 | U19: 0.2 | V19: 0.6 | W19: 2 | X19: -
A20: 0.1 | B20: 0.100003 | C20: 0.002 | E20: 1 | F20: 1 | G20: 0.03 | I20: 10LZ1 | J20: 10001.617 | K20: 26 | M20: 20 | N20: 20.000035 | O20: 0.018 | Q20: 100 mg | R20: 0.005 | S20: 0.015 | T20: 0.05 | U20: 0.15 | V20: 0.5 | W20: 1.5 | X20: -
I21: 5A | J21: 4998.996 | K21: 5.7 | M21: 20t | N21: 20.000038 | O21: 0.018 | Q21: 50 mg | R21: 0.004 | S21: 0.012 | T21: 0.04 | U21: 0.12 | V21: 0.4 | W21: - | X21: -
I22: 10A | J22: 9999.566 | K22: 26 | M22: 50 | N22: 50.00002 | O22: 0.03 | Q22: 20 mg | R22: 0.003 | S22: 0.01 | T22: 0.03 | U22: 0.1 | V22: 0.3 | W22: - | X22: -
B23: ISI DATA | I23: A | J23: 19999.312 | K23: 45 | M23: 100 | N23: 100.00029 | O23: 0.05 | Q23: 10 mg | R23: 0.002 | S23: 0.008 | T23: 0.025 | U23: 0.08 | V23: 0.25 | W23: - | X23: -
B24: Deskripsi | C24: Isi | D24: Satuan | I24: B | J24: 19999.19 | K24: 45 | M24: 200 | N24: 200.00025 | O24: 0.08 | Q24: 5 mg | R24: 0.002 | S24: 0.006 | T24: 0.02 | U24: 0.06 | V24: 0.2 | W24: - | X24: -
B25: No Order | C25: K519-1 | I25: C | J25: 19999.069 | K25: 45 | M25: 200t | N25: 200.00025 | O25: 0.08 | Q25: 2 mg | R25: 0.002 | S25: 0.006 | T25: 0.02 | U25: 0.06 | V25: 0.2 | W25: - | X25: -
B26: Pemilik Alat | C26: PT. XXXXXX | I26: D | J26: 19999.282 | K26: 45 | M26: 500 | N26: 500.00075 | O26: 0.16 | Q26: 1 mg | R26: 0.002 | S26: 0.006 | T26: 0.02 | U26: 0.06 | V26: 0.2 | W26: - | X26: -
B27: Alamat Pemilik Alat | C27: Jalan, Desa, Kecamatan, Kabupaten, Provinsi | I27: E | J27: 19999.268 | K27: 45 | M27: 1000 | N27: 1000.0009 | O27: 0.16
B28: Lokasi Alat | C28: Lab massa BBLM | I28: F | J28: 19999.33 | K28: 45
B29: Nama Alat | C29: Anak timbangan | I29: G | J29: 19999.21 | K29: 45
B30: Merk | C30: - | I30: H | J30: 20000.486 | K30: 45
B31: Tipe | C31: F1 | I31: I | J31: 19999.254 | K31: 45
B32: No Seri | C32: 124918
B33: No. Identifikasi | C33: -
B34: Temperatur Awal | C34: 20.1 | D34: °C
B35: Temperatur Akhir | C35: 20.1 | D35: °C
B36: Temperatur rata2 | C36: =AVERAGE(C34,C35) -> 20.1 | D36: °C
B37: Kelembaban Awal | C37: 60 | D37: %RH
B38: Kelembaban Akhir | C38: 60 | D38: %RH
B39: Kelembapan rata2 | C39: =AVERAGE(C37,C38) -> 60 | D39: %RH
B40: Tekanan awal | C40: 922 | D40: hPa | E40: =C40*H40 -> 691.55901 | F40: mmHg | G40: 1 hPa | H40: 0.750064 | I40: mmHg
B41: Tekanan akhir | C41: 922 | D41: hPa | E41: =C41*H41 -> 691.55901 | F41: mmHg | G41: 1 hPa | H41: 0.750064 | I41: mmHg
B42: Tekanan rata2 | C42: =AVERAGE(C40:C41) -> 922 | D42: hPa | E42: =C42*H42 -> 691.55901 | F42: mmHg | G42: 1 hPa | H42: 0.750064 | I42: mmHg
B43: Tanggal Terima | C43: 22 September 2025 | E43: Tanggal ditulis dengan format text
B44: Tanggal Kalibrasi | C44: 2 Oktober 2025 | E44: Tanggal ditulis dengan format text
B45: Titik Ukur | C45: 0.002 | D45: g
B46: Mass Comp
B47: Resolusi | C47: 1e-05 | D47: g
B48: No. Seri Mass comp | C48: 90803270
B49: Kalibrator | C49: E2 METTLER TOLEDO | E49: `
B50: Merk Kalibrator | C50: Mettler Toledo
B51: No Seri | C51: 158856
B52: Massa standard | C52: =N5 -> 0.002001 | D52: g
B53: U95 standard | C53: =O5 -> 0.002 | D53: mg
B55: X1 | C55: X2 | D55: X3 | E55: X4 | F55: X5 | G55: dm
B56: ( g ) | C56: ( g ) | D56: ( g ) | E56: ( g ) | F56: ( g ) | G56: g
A57: r1 | B57: 0.002
A58: t1 | B58: 0.00199 | G58: =B58-B57 -> -1e-05
A59: t2 | B59: 0.00199
A60: r2 | B60: 0.00199 | G60: =B59-B60 -> 0
A61: r3 | C61: 0.002
A62: t3 | C62: 0.00199 | G62: =C62-C61 -> -1e-05
A63: t4 | C63: 0.00199
A64: r4 | C64: 0.00201 | G64: =C63-C64 -> -2e-05
A65: r5 | D65: 0.002
A66: t5 | D66: 0.00199 | G66: =D66-D65 -> -1e-05
A67: t6 | D67: 0.00201
A68: r6 | D68: 0.002 | G68: =D67-D68 -> 1e-05
A69: r7 | E69: 0.002
A70: t7 | E70: 0.00201 | G70: =E70-E69 -> 1e-05
A71: t8 | E71: 0.00199
A72: r8 | E72: 0.00199 | G72: =E71-E72 -> 0
A73: r9 | F73: 0.002
A74: t9 | F74: 0.002 | G74: =F74-F73 -> 0
A75: t10 | F75: 0.00201
A76: r10 | F76: 0.002 | G76: =F75-F76 -> 1e-05
F78: Mean | G78: =AVERAGE(G57:G76) -> -2e-06 | H78: g
F80: Stdev | G80: =STDEVP(G57:G76) -> 9.797959e-06 | H80: g
F82: S_res | G82: =(0.82*C47)/2 -> 4.1e-06 | H82: g
F84: Mt | G84: =C52+G78 -> 0.001999 | H84: g
G85: =G84 -> 0.001999
F86: Srepeat | G86: =IF(G80>G82,G80,G82) -> 9.797959e-06
B88: UNCERTAINTY BUDGET SEBAGAI PENDUKUNG KLAIM BMC
B89: Besaran yang diukur : | C89: Massa
B90: Jenis alat yang dikalibrasi : | C90: Anak timbangan M3
B91: Standar yang digunakan : | C91: Anak timbangan F1
B92: Titik Ukur : | C92: =C45 -> 0.002 | D92: g | F92: MPE 0,02 | G92: =S25 -> 0.006 | H92: mg
B93: Model matematis : Mt= Ms +dm dengan Mt= massa massa konvensional yang dikalibrasi Ms = massa standar dm= koreksi alat
B95: Komponen | C95: Satuan | D95: Distribusi | E95: U | F95: Pembagi | G95: vi | H95: ui | I95: ci | J95: uici | K95: (uici)2 | L95: (uici)4/vi
B96: 1 | C96: 2 | D96: 3 | E96: 4 | F96: 5 | G96: 6 | H96: 7 | I96: 8 | J96: 9 | K96: 10 | L96: 11
B97: Standar | C97: mg | D97: Normal | E97: =C53 -> 0.002 | F97: 2 | G97: 60 | H97: =E97/F97 -> 0.001 | I97: 1 | J97: =H97*I97 -> 0.001 | K97: =J97^2 -> 1e-06 | L97: =J97^4/G97 -> 1.6666667e-14
B98: Repeatability | C98: mg | D98: Rectangular | E98: =(G86*1000)/SQRT(10) -> 0.0030983867 | F98: 1 | G98: =IF(G80>G82,9,1000) -> 9 | H98: =E98/F98 -> 0.0030983867 | I98: 1 | J98: =H98*I98 -> 0.0030983867 | K98: =J98^2 -> 9.6e-06 | L98: =J98^4/G98 -> 1.024e-11
B99: Rounding | C99: mg | D99: Rectangular | E99: 5e-05 | F99: =SQRT(3) -> 1.7320508 | G99: 1000 | H99: =E99/F99 -> 2.8867513e-05 | I99: 1 | J99: =H99*I99 -> 2.8867513e-05 | K99: =J99^2 -> 8.3333333e-10 | L99: =J99^4/G99 -> 6.9444444e-22
B100: Instability | C100: mg | D100: Normal | E100: =0.08*G92 -> 0.00048 | F100: 1 | G100: 4 | H100: =E100/F100 -> 0.00048 | I100: 1 | J100: =H100*I100 -> 0.00048 | K100: =J100^2 -> 2.304e-07 | L100: =J100^4/G100 -> 1.327104e-14
B101: Buoyancy | C101: mg | D101: Rectangular | E101: =4.5*10^-9*8000*0.114*$C$92 -> 8.208e-09 | F101: 1 | G101: 1000 | H101: =E101/F101 -> 8.208e-09 | I101: 1 | J101: =H101*I101 -> 8.208e-09 | K101: =J101^2 -> 6.7371264e-17 | L101: =J101^4/G101 -> 4.5388872e-36
B102: Sums | K102: =SUM(K97:K101) -> 1.0831233e-05 | L102: =SUM(L97:L101) -> 1.0269938e-11
B103: Ketidakpastian baku gabungan, uc, mg | K103: =SQRT(K102) -> 0.0032910839
B104: Dearajat kebebasan efektif, veff | K104: =(K103^4)/L102 -> 11.423206
B105: Faktor cakupan, k-student for veff and CL 95% | K105: =TINV(0.05,K104) -> 2.2009852
B106: Ketidakpastian bentangan, U = kuc, mg | K106: =K105*K103 -> 0.0072436269
B107: Atau ketidakpastian bentangan, U = kuc, mg | K107: =K105*K103 -> 0.0072436269
...

Sheet 0,005
A1: E2 2024 | E1: F1 (B4T 2024) | I1: M1 | M1: E2 METTLER TOLEDO 2025 | Q1: TABEL MPE OIML R111-1
A2: Nominal (g) | B2: Massa konvensional (g) | C2: U95 (mg) | E2: Nominal (g) | F2: Massa konvensional (g) | G2: U95 (mg) | I2: Identitas | J2: Massa konvensional (g) | K2: U95 (mg) | M2: Nominal (g) | N2: Massa konvensional (g) | O2: U95 (mg) | Q2: Nominal Value | R2: Class E1 | S2: Class E2 | T2: Class F1 | U2: Class F2 | V2: Class M1 | W2: Class M2 | X2: Class M3
A3: 2000 | B3: 1999.9985 | C3: 0.32 | E3: 20000 | F3: 20000.022 | G3: 13 | I3: M1 | J3: 19999.414 | K3: 45 | M3: 0.001 | N3: 0.001003 | O3: 0.002 | Q3: 50 kg | R3: 25 | S3: 75 | T3: 250 | U3: 750 | V3: 2500 | W3: 7500 | X3: 25000
A4: 1000 | B4: 1000.0005 | C4: 0.14 | E4: 10000 | F4: 10000.041 | G4: 4.6 | I4: M2 | J4: 19999.234 | K4: 45 | M4: 0.002 | N4: 0.002003 | O4: 0.002 | Q4: 20 kg | R4: 10 | S4: 30 | T4: 100 | U4: 300 | V4: 1000 | W4: 3000 | X4: 10000
A5: 500 | B5: 500.00001 | C5: 0.08 | E5: 5000 | F5: 5000.005 | G5: 8 | I5: M3 | J5: 19999.627 | K5: 45 | M5: 0,002t | N5: 0.002001 | O5: 0.002 | Q5: 10 kg | R5: 5 | S5: 15 | T5: 50 | U5: 150 | V5: 500 | W5: 1500 | X5: 5000
A6: 200 | B6: 200.00001 | C6: 0.04 | E6: 2000* | F6: 1999.999 | G6: 3 | I6: M4 | J6: 20000.346 | K6: 45 | M6: 0.005 | N6: 0.005004 | O6: 0.002 | Q6: 5 kg | R6: 2.5 | S6: 7.5 | T6: 25 | U6: 75 | V6: 250 | W6: 750 | X6: 2500
A7: 200* | B7: 200.00005 | C7: 0.04 | E7: 2000 | F7: 1999.996 | G7: 3 | I7: M5 | J7: 20000.124 | K7: 45 | M7: 0.01 | N7: 0.010002 | O7: 0.003 | Q7: 2 kg | R7: 1 | S7: 3 | T7: 10 | U7: 30 | V7: 100 | W7: 300 | X7: 1000
A8: 100 | B8: 100.00008 | C8: 0.03 | E8: 1000 | F8: 1000.001 | G8: 1.7 | I8: M6 | J8: 20000.154 | K8: 45 | M8: 0.02 | N8: 0.020003 | O8: 0.003 | Q8: 1 kg | R8: 0.5 | S8: 1.5 | T8: 5 | U8: 15 | V8: 50 | W8: 150 | X8: 500
A9: 50 | B9: 50.00002 | C9: 0.02 | E9: 500 | F9: 500 | G9: 1.1 | I9: M7 | J9: 19999.125 | K9: 45 | M9: 0,02t | N9: 0.020005 | O9: 0.003 | Q9: 500 g | R9: 0.25 | S9: 0.75 | T9: 2.5 | U9: 7.5 | V9: 25 | W9: 75 | X9: 250
A10: 20 | B10: 19.999978 | C10: 0.009 | E10: 200 | F10: 199.99953 | G10: 0.3 | I10: M8 | J10: 19999.806 | K10: 45 | M10: 0.05 | N10: 0.050005 | O10: 0.003 | Q10: 200 g | R10: 0.01 | S10: 0.3 | T10: 1 | U10: 3 | V10: 10 | W10: 30 | X10: 100
A11: 20* | B11: 19.999977 | C11: 0.009 | E11: 200* | F11: 199.99873 | G11: 0.3 | I11: M9 | J11: 20000.237 | K11: 45 | M11: 0.1 | N11: 0.100008 | O11: 0.003 | Q11: 100 g | R11: 0.05 | S11: 0.15 | T11: 0.5 | U11: 1.5 | V11: 5 | W11: 15 | X11: 50
A12: 10 | B12: 9.999976 | C12: 0.008 | E12: 100 | F12: 99.99961 | G12: 0.16 | I12: M10 | J12: 19999.832 | K12: 45 | M12: 0.2 | N12: 0.200009 | O12: 0.005 | Q12: 50 g | R12: 0.03 | S12: 0.1 | T12: 0.3 | U12: 1 | V12: 3 | W12: 10 | X12: 30
A13: 5 | B13: 5.000006 | C13: 0.007 | E13: 50 | F13: 49.99956 | G13: 0.1 | I13: M11 | J13: 19999.934 | K13: 45 | M13: 0,2t | N13: 0.200002 | O13: 0.005 | Q13: 20 g | R13: 0.025 | S13: 0.08 | T13: 0.25 | U13: 0.8 | V13: 2.5 | W13: 8 | X13: 25
A14: 2 | B14: 2.000013 | C14: 0.005 | E14: 20 | F14: 20.00001 | G14: 0.08 | I14: M12 | J14: 19999.845 | K14: 45 | M14: 0.5 | N14: 0.500006 | O14: 0.006 | Q14: 10 g | R14: 0.02 | S14: 0.06 | T14: 0.2 | U14: 0.6 | V14: 2 | W14: 6 | X14: 20
A15: 2* | B15: 2.000015 | C15: 0.005 | E15: 20* | F15: 20.00004 | G15: 0.08 | I15: M13 | J15: 20000.802 | K15: 45 | M15: 1 | N15: 1.000016 | O15: 0.007 | Q15: 5 g | R15: 0.015 | S15: 0.05 | T15: 0.15 | U15: 0.5 | V15: 1.5 | W15: 5 | X15: 15
A16: 1 | B16: 0.999997 | C16: 0.005 | E16: 10 | F16: 10.00001 | G16: 0.06 | I16: M14 | J16: 19999.575 | K16: 45 | M16: 2 | N16: 1.999992 | O16: 0.009 | Q16: 2 g | R16: 0.012 | S16: 0.04 | T16: 0.12 | U16: 0.4 | V16: 1.2 | W16: 4 | X16: 12
A17: 0.5 | B17: 0.500018 | C17: 0.004 | E17: 5 | F17: 4.99994 | G17: 0.05 | I17: M15 | J17: 20000.329 | K17: 45 | M17: 2t | N17: 1.999991 | O17: 0.009 | Q17: 1 g | R17: 0.01 | S17: 0.03 | T17: 0.1 | U17: 0.3 | V17: 1 | W17: 3 | X17: 10
A18: 0.2 | B18: 0.200013 | C18: 0.003 | E18: 2 | F18: 2 | G18: 0.04 | I18: M16 | J18: 20000.932 | K18: 45 | M18: 5 | N18: 0.500006 | O18: 0.011 | Q18: 500 mg | R18: 0.008 | S18: 0.025 | T18: 0.08 | U18: 0.25 | V18: 0.8 | W18: 2.5 | X18: -
A19: 0.2* | B19: 0.200015 | C19: 0.003 | E19: 2* | F19: 1.99998 | G19: 0.04 | I19: 20LZ1 | J19: 20001.683 | K19: 45 | M19: 10 | N19: 10.000033 | O19: 0.014 | Q19: 200 mg | R19: 0.006 | S19: 0.02 | T19: 0.06 | U19: 0.2 | V19: 0.6 | W19: 2 | X19: -
A20: 0.1 | B20: 0.100003 | C20: 0.002 | E20: 1 | F20: 1 | G20: 0.03 | I20: 10LZ1 | J20: 10001.617 | K20: 26 | M20: 20 | N20: 20.000035 | O20: 0.018 | Q20: 100 mg | R20: 0.005 | S20: 0.015 | T20: 0.05 | U20: 0.15 | V20: 0.5 | W20: 1.5 | X20: -
I21: 5A | J21: 4998.996 | K21: 5.7 | M21: 20t | N21: 20.000038 | O21: 0.018 | Q21: 50 mg | R21: 0.004 | S21: 0.012 | T21: 0.04 | U21: 0.12 | V21: 0.4 | W21: - | X21: -
I22: 10A | J22: 9999.566 | K22: 26 | M22: 50 | N22: 50.00002 | O22: 0.03 | Q22: 20 mg | R22: 0.003 | S22: 0.01 | T22: 0.03 | U22: 0.1 | V22: 0.3 | W22: - | X22: -
B23: ISI DATA | I23: A | J23: 19999.312 | K23: 45 | M23: 100 | N23: 100.00029 | O23: 0.05 | Q23: 10 mg | R23: 0.002 | S23: 0.008 | T23: 0.025 | U23: 0.08 | V23: 0.25 | W23: - | X23: -
B24: Deskripsi | C24: Isi | D24: Satuan | I24: B | J24: 19999.19 | K24: 45 | M24: 200 | N24: 200.00025 | O24: 0.08 | Q24: 5 mg | R24: 0.002 | S24: 0.006 | T24: 0.02 | U24: 0.06 | V24: 0.2 | W24: - | X24: -
B25: No Order | C25: K519-1 | I25: C | J25: 19999.069 | K25: 45 | M25: 200t | N25: 200.00025 | O25: 0.08 | Q25: 2 mg | R25: 0.002 | S25: 0.006 | T25: 0.02 | U25: 0.06 | V25: 0.2 | W25: - | X25: -
B26: Pemilik Alat | C26: PT. XXXXXX | I26: D | J26: 19999.282 | K26: 45 | M26: 500 | N26: 500.00075 | O26: 0.16 | Q26: 1 mg | R26: 0.002 | S26: 0.006 | T26: 0.02 | U26: 0.06 | V26: 0.2 | W26: - | X26: -
B27: Alamat Pemilik Alat | C27: Jalan, Desa, Kecamatan, Kabupaten, Provinsi | I27: E | J27: 19999.268 | K27: 45 | M27: 1000 | N27: 1000.0009 | O27: 0.16
B28: Lokasi Alat | C28: Lab massa BBLM | I28: F | J28: 19999.33 | K28: 45
B29: Nama Alat | C29: Anak timbangan | I29: G | J29: 19999.21 | K29: 45
B30: Merk | C30: - | I30: H | J30: 20000.486 | K30: 45
B31: Tipe | C31: F1 | I31: I | J31: 19999.254 | K31: 45
B32: No Seri | C32: 124918
B33: No. Identifikasi | C33: -
B34: Temperatur Awal | C34: 20.1 | D34: °C
B35: Temperatur Akhir | C35: 20.1 | D35: °C
B36: Temperatur rata2 | C36: =AVERAGE(C34,C35) -> 20.1 | D36: °C
B37: Kelembaban Awal | C37: 60 | D37: %RH
B38: Kelembaban Akhir | C38: 60 | D38: %RH
B39: Kelembapan rata2 | C39: =AVERAGE(C37,C38) -> 60 | D39: %RH
B40: Tekanan awal | C40: 922 | D40: hPa | E40: =C40*H40 -> 691.55901 | F40: mmHg | G40: 1 hPa | H40: 0.750064 | I40: mmHg
B41: Tekanan akhir | C41: 922 | D41: hPa | E41: =C41*H41 -> 691.55901 | F41: mmHg | G41: 1 hPa | H41: 0.750064 | I41: mmHg
B42: Tekanan rata2 | C42: =AVERAGE(C40:C41) -> 922 | D42: hPa | E42: =C42*H42 -> 691.55901 | F42: mmHg | G42: 1 hPa | H42: 0.750064 | I42: mmHg
B43: Tanggal Terima | C43: 22 September 2025 | E43: Tanggal ditulis dengan format text
B44: Tanggal Kalibrasi | C44: 2 Oktober 2025 | E44: Tanggal ditulis dengan format text
B45: Titik Ukur | C45: 0.005 | D45: g
B46: Mass Comp
B47: Resolusi | C47: 1e-05 | D47: g
B48: No. Seri Mass comp | C48: 90803270
B49: Kalibrator | C49: E2 METTLER TOLEDO | E49: `
B50: Merk Kalibrator | C50: Mettler Toledo
B51: No Seri | C51: 158856
B52: Massa standard | C52: =N6 -> 0.005004 | D52: g
B53: U95 standard | C53: =O6 -> 0.002 | D53: mg
B55: X1 | C55: X2 | D55: X3 | E55: X4 | F55: X5 | G55: dm
B56: ( g ) | C56: ( g ) | D56: ( g ) | E56: ( g ) | F56: ( g ) | G56: g
A57: r1 | B57: 0.00501
A58: t1 | B58: 0.00501 | G58: =B58-B57 -> 0
A59: t2 | B59: 0.00502
A60: r2 | B60: 0.005 | G60: =B59-B60 -> 2e-05
A61: r3 | C61: 0.00501
A62: t3 | C62: 0.005 | G62: =C62-C61 -> -1e-05
A63: t4 | C63: 0.005
A64: r4 | C64: 0.00498 | G64: =C63-C64 -> 2e-05
A65: r5 | D65: 0.005
A66: t5 | D66: 0.00502 | G66: =D66-D65 -> 2e-05
A67: t6 | D67: 0.00501
A68: r6 | D68: 0.005 | G68: =D67-D68 -> 1e-05
A69: r7 | E69: 0.00501
A70: t7 | E70: 0.005 | G70: =E70-E69 -> -1e-05
A71: t8 | E71: 0.00502
A72: r8 | E72: 0.005 | G72: =E71-E72 -> 2e-05
A73: r9 | F73: 0.005
A74: t9 | F74: 0.00501 | G74: =F74-F73 -> 1e-05
A75: t10 | F75: 0.00501
A76: r10 | F76: 0.005 | G76: =F75-F76 -> 1e-05
F78: Mean | G78: =AVERAGE(G57:G76) -> 9e-06 | H78: g
F80: Stdev | G80: =STDEVP(G57:G76) -> 1.1357817e-05 | H80: g
F82: S_res | G82: =(0.82*C47)/2 -> 4.1e-06 | H82: g
F84: Mt | G84: =C52+G78 -> 0.005013 | H84: g
G85: =G84 -> 0.005013
F86: Srepeat | G86: =IF(G80>G82,G80,G82) -> 1.1357817e-05
B88: UNCERTAINTY BUDGET SEBAGAI PENDUKUNG KLAIM BMC
B89: Besaran yang diukur : | C89: Massa
B90: Jenis alat yang dikalibrasi : | C90: Anak timbangan M3
B91: Standar yang digunakan : | C91: Anak timbangan F1
B92: Titik Ukur : | C92: =C45 -> 0.005 | D92: g | F92: MPE 0,005 | G92: =S24 -> 0.006 | H92: mg
B93: Model matematis : Mt= Ms +dm dengan Mt= massa massa konvensional yang dikalibrasi Ms = massa standar dm= koreksi alat
B95: Komponen | C95: Satuan | D95: Distribusi | E95: U | F95: Pembagi | G95: vi | H95: ui | I95: ci | J95: uici | K95: (uici)2 | L95: (uici)4/vi
B96: 1 | C96: 2 | D96: 3 | E96: 4 | F96: 5 | G96: 6 | H96: 7 | I96: 8 | J96: 9 | K96: 10 | L96: 11
B97: Standar | C97: mg | D97: Normal | E97: =C53 -> 0.002 | F97: 2 | G97: 60 | H97: =E97/F97 -> 0.001 | I97: 1 | J97: =H97*I97 -> 0.001 | K97: =J97^2 -> 1e-06 | L97: =J97^4/G97 -> 1.6666667e-14
B98: Repeatability | C98: mg | D98: Rectangular | E98: =(G86*1000)/SQRT(10) -> 0.003591657 | F98: 1 | G98: =IF(G80>G82,9,1000) -> 9 | H98: =E98/F98 -> 0.003591657 | I98: 1 | J98: =H98*I98 -> 0.003591657 | K98: =J98^2 -> 1.29e-05 | L98: =J98^4/G98 -> 1.849e-11
B99: Rounding | C99: mg | D99: Rectangular | E99: =0.00005 -> 5e-05 | F99: =SQRT(3) -> 1.7320508 | G99: 1000 | H99: =E99/F99 -> 2.8867513e-05 | I99: 1 | J99: =H99*I99 -> 2.8867513e-05 | K99: =J99^2 -> 8.3333333e-10 | L99: =J99^4/G99 -> 6.9444444e-22
B100: Instability | C100: mg | D100: Normal | E100: =0.08*G92 -> 0.00048 | F100: 1 | G100: 4 | H100: =E100/F100 -> 0.00048 | I100: 1 | J100: =H100*I100 -> 0.00048 | K100: =J100^2 -> 2.304e-07 | L100: =J100^4/G100 -> 1.327104e-14
B101: Buoyancy | C101: mg | D101: Rectangular | E101: =4.5*10^-9*8000*0.114*$C$92 -> 2.052e-08 | F101: 1 | G101: 1000 | H101: =E101/F101 -> 2.052e-08 | I101: 1 | J101: =H101*I101 -> 2.052e-08 | K101: =J101^2 -> 4.210704e-16 | L101: =J101^4/G101 -> 1.7730028e-34
B102: Sums | K102: =SUM(K97:K101) -> 1.4131233e-05 | L102: =SUM(L97:L101) -> 1.8519938e-11
B103: Ketidakpastian baku gabungan, uc, mg | K103: =SQRT(K102) -> 0.0037591533
B104: Dearajat kebebasan efektif, veff | K104: =(K103^4)/L102 -> 10.782528
B105: Faktor cakupan, k-student for veff and CL 95% | K105: =TINV(0.05,K104) -> 2.2281389
B106: Ketidakpastian bentangan, U = kuc, mg | K106: =K105*K103 -> 0.0083759155
B107: Atau ketidakpastian bentangan, U = kuc, mg | K107: =K105*K103 -> 0.0083759155
...

Sheet 0,01
A1: E2 2024 | E1: F1 (B4T 2024) | I1: M1 | M1: E2 METTLER TOLEDO 2025 | Q1: TABEL MPE OIML R111-1
A2: Nominal (g) | B2: Massa konvensional (g) | C2: U95 (mg) | E2: Nominal (g) | F2: Massa konvensional (g) | G2: U95 (mg) | I2: Identitas | J2: Massa konvensional (g) | K2: U95 (mg) | M2: Nominal (g) | N2: Massa konvensional (g) | O2: U95 (mg) | Q2: Nominal Value | R2: Class E1 | S2: Class E2 | T2: Class F1 | U2: Class F2 | V2: Class M1 | W2: Class M2 | X2: Class M3
A3: 2000 | B3: 1999.9985 | C3: 0.32 | E3: 20000 | F3: 20000.022 | G3: 13 | I3: M1 | J3: 19999.414 | K3: 45 | M3: 0.001 | N3: 0.001003 | O3: 0.002 | Q3: 50 kg | R3: 25 | S3: 75 | T3: 250 | U3: 750 | V3: 2500 | W3: 7500 | X3: 25000
A4: 1000 | B4: 1000.0005 | C4: 0.14 | E4: 10000 | F4: 10000.041 | G4: 4.6 | I4: M2 | J4: 19999.234 | K4: 45 | M4: 0.002 | N4: 0.002003 | O4: 0.002 | Q4: 20 kg | R4: 10 | S4: 30 | T4: 100 | U4: 300 | V4: 1000 | W4: 3000 | X4: 10000
A5: 500 | B5: 500.00001 | C5: 0.08 | E5: 5000 | F5: 5000.005 | G5: 8 | I5: M3 | J5: 19999.627 | K5: 45 | M5: 0,002t | N5: 0.002001 | O5: 0.002 | Q5: 10 kg | R5: 5 | S5: 15 | T5: 50 | U5: 150 | V5: 500 | W5: 1500 | X5: 5000
A6: 200 | B6: 200.00001 | C6: 0.04 | E6: 2000* | F6: 1999.999 | G6: 3 | I6: M4 | J6: 20000.346 | K6: 45 | M6: 0.005 | N6: 0.005004 | O6: 0.002 | Q6: 5 kg | R6: 2.5 | S6: 7.5 | T6: 25 | U6: 75 | V6: 250 | W6: 750 | X6: 2500
A7: 200* | B7: 200.00005 | C7: 0.04 | E7: 2000 | F7: 1999.996 | G7: 3 | I7: M5 | J7: 20000.124 | K7: 45 | M7: 0.01 | N7: 0.010002 | O7: 0.003 | Q7: 2 kg | R7: 1 | S7: 3 | T7: 10 | U7: 30 | V7: 100 | W7: 300 | X7: 1000
A8: 100 | B8: 100.00008 | C8: 0.03 | E8: 1000 | F8: 1000.001 | G8: 1.7 | I8: M6 | J8: 20000.154 | K8: 45 | M8: 0.02 | N8: 0.020003 | O8: 0.003 | Q8: 1 kg | R8: 0.5 | S8: 1.5 | T8: 5 | U8: 15 | V8: 50 | W8: 150 | X8: 500
A9: 50 | B9: 50.00002 | C9: 0.02 | E9: 500 | F9: 500 | G9: 1.1 | I9: M7 | J9: 19999.125 | K9: 45 | M9: 0,02t | N9: 0.020005 | O9: 0.003 | Q9: 500 g | R9: 0.25 | S9: 0.75 | T9: 2.5 | U9: 7.5 | V9: 25 | W9: 75 | X9: 250
A10: 20 | B10: 19.999978 | C10: 0.009 | E10: 200 | F10: 199.99953 | G10: 0.3 | I10: M8 | J10: 19999.806 | K10: 45 | M10: 0.05 | N10: 0.050005 | O10: 0.003 | Q10: 200 g | R10: 0.01 | S10: 0.3 | T10: 1 | U10: 3 | V10: 10 | W10: 30 | X10: 100
A11: 20* | B11: 19.999977 | C11: 0.009 | E11: 200* | F11: 199.99873 | G11: 0.3 | I11: M9 | J11: 20000.237 | K11: 45 | M11: 0.1 | N11: 0.100008 | O11: 0.003 | Q11: 100 g | R11: 0.05 | S11: 0.15 | T11: 0.5 | U11: 1.5 | V11: 5 | W11: 15 | X11: 50
A12: 10 | B12: 9.999976 | C12: 0.008 | E12: 100 | F12: 99.99961 | G12: 0.16 | I12: M10 | J12: 19999.832 | K12: 45 | M12: 0.2 | N12: 0.200009 | O12: 0.005 | Q12: 50 g | R12: 0.03 | S12: 0.1 | T12: 0.3 | U12: 1 | V12: 3 | W12: 10 | X12: 30
A13: 5 | B13: 5.000006 | C13: 0.007 | E13: 50 | F13: 49.99956 | G13: 0.1 | I13: M11 | J13: 19999.934 | K13: 45 | M13: 0,2t | N13: 0.200002 | O13: 0.005 | Q13: 20 g | R13: 0.025 | S13: 0.08 | T13: 0.25 | U13: 0.8 | V13: 2.5 | W13: 8 | X13: 25
A14: 2 | B14: 2.000013 | C14: 0.005 | E14: 20 | F14: 20.00001 | G14: 0.08 | I14: M12 | J14: 19999.845 | K14: 45 | M14: 0.5 | N14: 0.500006 | O14: 0.006 | Q14: 10 g | R14: 0.02 | S14: 0.06 | T14: 0.2 | U14: 0.6 | V14: 2 | W14: 6 | X14: 20
A15: 2* | B15: 2.000015 | C15: 0.005 | E15: 20* | F15: 20.00004 | G15: 0.08 | I15: M13 | J15: 20000.802 | K15: 45 | M15: 1 | N15: 1.000016 | O15: 0.007 | Q15: 5 g | R15: 0.015 | S15: 0.05 | T15: 0.15 | U15: 0.5 | V15: 1.5 | W15: 5 | X15: 15
A16: 1 | B16: 0.999997 | C16: 0.005 | E16: 10 | F16: 10.00001 | G16: 0.06 | I16: M14 | J16: 19999.575 | K16: 45 | M16: 2 | N16: 1.999992 | O16: 0.009 | Q16: 2 g | R16: 0.012 | S16: 0.04 | T16: 0.12 | U16: 0.4 | V16: 1.2 | W16: 4 | X16: 12
A17: 0.5 | B17: 0.500018 | C17: 0.004 | E17: 5 | F17: 4.99994 | G17: 0.05 | I17: M15 | J17: 20000.329 | K17: 45 | M17: 2t | N17: 1.999991 | O17: 0.009 | Q17: 1 g | R17: 0.01 | S17: 0.03 | T17: 0.1 | U17: 0.3 | V17: 1 | W17: 3 | X17: 10
A18: 0.2 | B18: 0.200013 | C18: 0.003 | E18: 2 | F18: 2 | G18: 0.04 | I18: M16 | J18: 20000.932 | K18: 45 | M18: 5 | N18: 0.500006 | O18: 0.011 | Q18: 500 mg | R18: 0.008 | S18: 0.025 | T18: 0.08 | U18: 0.25 | V18: 0.8 | W18: 2.5 | X18: -
A19: 0.2* | B19: 0.200015 | C19: 0.003 | E19: 2* | F19: 1.99998 | G19: 0.04 | I19: 20LZ1 | J19: 20001.683 | K19: 45 | M19: 10 | N19: 10.000033 | O19: 0.014 | Q19: 200 mg | R19: 0.006 | S19: 0.02 | T19: 0.06 | U19: 0.2 | V19: 0.6 | W19: 2 | X19: -
A20: 0.1 | B20: 0.100003 | C20: 0.002 | E20: 1 | F20: 1 | G20: 0.03 | I20: 10LZ1 | J20: 10001.617 | K20: 26 | M20: 20 | N20: 20.000035 | O20: 0.018 | Q20: 100 mg | R20: 0.005 | S20: 0.015 | T20: 0.05 | U20: 0.15 | V20: 0.5 | W20: 1.5 | X20: -
I21: 5A | J21: 4998.996 | K21: 5.7 | M21: 20t | N21: 20.000038 | O21: 0.018 | Q21: 50 mg | R21: 0.004 | S21: 0.012 | T21: 0.04 | U21: 0.12 | V21: 0.4 | W21: - | X21: -
I22: 10A | J22: 9999.566 | K22: 26 | M22: 50 | N22: 50.00002 | O22: 0.03 | Q22: 20 mg | R22: 0.003 | S22: 0.01 | T22: 0.03 | U22: 0.1 | V22: 0.3 | W22: - | X22: -
B23: ISI DATA | I23: A | J23: 19999.312 | K23: 45 | M23: 100 | N23: 100.00029 | O23: 0.05 | Q23: 10 mg | R23: 0.002 | S23: 0.008 | T23: 0.025 | U23: 0.08 | V23: 0.25 | W23: - | X23: -
B24: Deskripsi | C24: Isi | D24: Satuan | I24: B | J24: 19999.19 | K24: 45 | M24: 200 | N24: 200.00025 | O24: 0.08 | Q24: 5 mg | R24: 0.002 | S24: 0.006 | T24: 0.02 | U24: 0.06 | V24: 0.2 | W24: - | X24: -
B25: No Order | C25: K519-1 | I25: C | J25: 19999.069 | K25: 45 | M25: 200t | N25: 200.00025 | O25: 0.08 | Q25: 2 mg | R25: 0.002 | S25: 0.006 | T25: 0.02 | U25: 0.06 | V25: 0.2 | W25: - | X25: -
B26: Pemilik Alat | C26: PT. XXXXXX | I26: D | J26: 19999.282 | K26: 45 | M26: 500 | N26: 500.00075 | O26: 0.16 | Q26: 1 mg | R26: 0.002 | S26: 0.006 | T26: 0.02 | U26: 0.06 | V26: 0.2 | W26: - | X26: -
B27: Alamat Pemilik Alat | C27: Jalan, Desa, Kecamatan, Kabupaten, Provinsi | I27: E | J27: 19999.268 | K27: 45 | M27: 1000 | N27: 1000.0009 | O27: 0.16
B28: Lokasi Alat | C28: Lab massa BBLM | I28: F | J28: 19999.33 | K28: 45
B29: Nama Alat | C29: Anak timbangan | I29: G | J29: 19999.21 | K29: 45
B30: Merk | C30: - | I30: H | J30: 20000.486 | K30: 45
B31: Tipe | C31: F1 | I31: I | J31: 19999.254 | K31: 45
B32: No Seri | C32: 124918
B33: No. Identifikasi | C33: -
B34: Temperatur Awal | C34: 20.1 | D34: °C
B35: Temperatur Akhir | C35: 20.1 | D35: °C
B36: Temperatur rata2 | C36: =AVERAGE(C34,C35) -> 20.1 | D36: °C
B37: Kelembaban Awal | C37: 60 | D37: %RH
B38: Kelembaban Akhir | C38: 60 | D38: %RH
B39: Kelembapan rata2 | C39: =AVERAGE(C37,C38) -> 60 | D39: %RH
B40: Tekanan awal | C40: 922 | D40: hPa | E40: =C40*H40 -> 691.55901 | F40: mmHg | G40: 1 hPa | H40: 0.750064 | I40: mmHg
B41: Tekanan akhir | C41: 922 | D41: hPa | E41: =C41*H41 -> 691.55901 | F41: mmHg | G41: 1 hPa | H41: 0.750064 | I41: mmHg
B42: Tekanan rata2 | C42: =AVERAGE(C40:C41) -> 922 | D42: hPa | E42: =C42*H42 -> 691.55901 | F42: mmHg | G42: 1 hPa | H42: 0.750064 | I42: mmHg
B43: Tanggal Terima | C43: 22 September 2025 | E43: Tanggal ditulis dengan format text
B44: Tanggal Kalibrasi | C44: 2 Oktober 2025 | E44: Tanggal ditulis dengan format text
B45: Titik Ukur | C45: 0.01 | D45: g
B46: Mass Comp
B47: Resolusi | C47: 1e-05 | D47: g
B48: No. Seri Mass comp | C48: 90803270
B49: Kalibrator | C49: E2 METTLER TOLEDO | E49: `
B50: Merk Kalibrator | C50: Mettler Toledo
B51: No Seri | C51: 158856
B52: Massa standard | C52: =N7 -> 0.010002 | D52: g
B53: U95 standard | C53: =O7 -> 0.003 | D53: mg
B55: X1 | C55: X2 | D55: X3 | E55: X4 | F55: X5 | G55: dm
B56: ( g ) | C56: ( g ) | D56: ( g ) | E56: ( g ) | F56: ( g ) | G56: g
A57: r1 | B57: 0.01001
A58: t1 | B58: 0.01001 | G58: =B58-B57 -> 0
A59: t2 | B59: 0.01001
A60: r2 | B60: 0.01002 | G60: =B59-B60 -> -1e-05
A61: r3 | C61: 0.01
A62: t3 | C62: 0.01001 | G62: =C62-C61 -> 1e-05
A63: t4 | C63: 0.01
A64: r4 | C64: 0.00999 | G64: =C63-C64 -> 1e-05
A65: r5 | D65: 0.00999
A66: t5 | D66: 0.01 | G66: =D66-D65 -> 1e-05
A67: t6 | D67: 0.01001
A68: r6 | D68: 0.00999 | G68: =D67-D68 -> 2e-05
A69: r7 | E69: 0.01
A70: t7 | E70: 0.01001 | G70: =E70-E69 -> 1e-05
A71: t8 | E71: 0.01002
A72: r8 | E72: 0.01 | G72: =E71-E72 -> 2e-05
A73: r9 | F73: 0.00999
A74: t9 | F74: 0.01002 | G74: =F74-F73 -> 3e-05
A75: t10 | F75: 0.01002
A76: r10 | F76: 0.01 | G76: =F75-F76 -> 2e-05
F78: Mean | G78: =AVERAGE(G57:G76) -> 1.2e-05 | H78: g
F80: Stdev | G80: =STDEVP(G57:G76) -> 1.077033e-05 | H80: g
F82: S_res | G82: =(0.82*C47)/2 -> 4.1e-06 | H82: g
F84: Mt | G84: =C52+G78 -> 0.010014 | H84: g
G85: =G84 -> 0.010014
F86: Srepeat | G86: =IF(G80>G82,G80,G82) -> 1.077033e-05
B88: UNCERTAINTY BUDGET SEBAGAI PENDUKUNG KLAIM BMC
B89: Besaran yang diukur : | C89: Massa
B90: Jenis alat yang dikalibrasi : | C90: Anak timbangan M3
B91: Standar yang digunakan : | C91: Anak timbangan F1
B92: Titik Ukur : | C92: =C45 -> 0.01 | D92: g | F92: MPE | G92: =S23 -> 0.008 | H92: mg
B93: Model matematis : Mt= Ms +dm dengan Mt= massa massa konvensional yang dikalibrasi Ms = massa standar dm= koreksi alat
B95: Komponen | C95: Satuan | D95: Distribusi | E95: U | F95: Pembagi | G95: vi | H95: ui | I95: ci | J95: uici | K95: (uici)2 | L95: (uici)4/vi
B96: 1 | C96: 2 | D96: 3 | E96: 4 | F96: 5 | G96: 6 | H96: 7 | I96: 8 | J96: 9 | K96: 10 | L96: 11
B97: Standar | C97: mg | D97: Normal | E97: =C53 -> 0.003 | F97: 2 | G97: 60 | H97: =E97/F97 -> 0.0015 | I97: 1 | J97: =H97*I97 -> 0.0015 | K97: =J97^2 -> 2.25e-06 | L97: =J97^4/G97 -> 8.4375e-14
B98: Repeatability | C98: mg | D98: Rectangular | E98: =(G86*1000)/SQRT(10) -> 0.0034058773 | F98: 1 | G98: =IF(G80>G82,9,1000) -> 9 | H98: =E98/F98 -> 0.0034058773 | I98: 1 | J98: =H98*I98 -> 0.0034058773 | K98: =J98^2 -> 1.16e-05 | L98: =J98^4/G98 -> 1.4951111e-11
B99: Rounding | C99: mg | D99: Rectangular | E99: =0.00005 -> 5e-05 | F99: =SQRT(3) -> 1.7320508 | G99: 1000 | H99: =E99/F99 -> 2.8867513e-05 | I99: 1 | J99: =H99*I99 -> 2.8867513e-05 | K99: =J99^2 -> 8.3333333e-10 | L99: =J99^4/G99 -> 6.9444444e-22
B100: Instability | C100: mg | D100: Normal | E100: =0.08*G92 -> 0.00064 | F100: 1 | G100: 4 | H100: =E100/F100 -> 0.00064 | I100: 1 | J100: =H100*I100 -> 0.00064 | K100: =J100^2 -> 4.096e-07 | L100: =J100^4/G100 -> 4.194304e-14
B101: Buoyancy | C101: mg | D101: Rectangular | E101: =4.5*10^-9*8000*0.114*$C$92 -> 4.104e-08 | F101: 1 | G101: 1000 | H101: =E101/F101 -> 4.104e-08 | I101: 1 | J101: =H101*I101 -> 4.104e-08 | K101: =J101^2 -> 1.6842816e-15 | L101: =J101^4/G101 -> 2.8368045e-33
B102: Sums | K102: =SUM(K97:K101) -> 1.4260433e-05 | L102: =SUM(L97:L101) -> 1.5077429e-11
B103: Ketidakpastian baku gabungan, uc, mg | K103: =SQRT(K102) -> 0.0037762989
B104: Dearajat kebebasan efektif, veff | K104: =(K103^4)/L102 -> 13.487708
B105: Faktor cakupan, k-student for veff and CL 95% | K105: =TINV(0.05,K104) -> 2.1603687
B106: Ketidakpastian bentangan, U = kuc, mg | K106: =K105*K103 -> 0.0081581978
B107: Atau ketidakpastian bentangan, U = kuc, mg | K107: =K105*K103 -> 0.0081581978
...

Sheet 0,02
A1: E2 2024 | E1: F1 (B4T 2024) | I1: M1 | M1: E2 METTLER TOLEDO 2025 | Q1: TABEL MPE OIML R111-1
A2: Nominal (g) | B2: Massa konvensional (g) | C2: U95 (mg) | E2: Nominal (g) | F2: Massa konvensional (g) | G2: U95 (mg) | I2: Identitas | J2: Massa konvensional (g) | K2: U95 (mg) | M2: Nominal (g) | N2: Massa konvensional (g) | O2: U95 (mg) | Q2: Nominal Value | R2: Class E1 | S2: Class E2 | T2: Class F1 | U2: Class F2 | V2: Class M1 | W2: Class M2 | X2: Class M3
A3: 2000 | B3: 1999.9985 | C3: 0.32 | E3: 20000 | F3: 20000.022 | G3: 13 | I3: M1 | J3: 19999.414 | K3: 45 | M3: 0.001 | N3: 0.001003 | O3: 0.002 | Q3: 50 kg | R3: 25 | S3: 75 | T3: 250 | U3: 750 | V3: 2500 | W3: 7500 | X3: 25000
A4: 1000 | B4: 1000.0005 | C4: 0.14 | E4: 10000 | F4: 10000.041 | G4: 4.6 | I4: M2 | J4: 19999.234 | K4: 45 | M4: 0.002 | N4: 0.002003 | O4: 0.002 | Q4: 20 kg | R4: 10 | S4: 30 | T4: 100 | U4: 300 | V4: 1000 | W4: 3000 | X4: 10000
A5: 500 | B5: 500.00001 | C5: 0.08 | E5: 5000 | F5: 5000.005 | G5: 8 | I5: M3 | J5: 19999.627 | K5: 45 | M5: 0,002t | N5: 0.002001 | O5: 0.002 | Q5: 10 kg | R5: 5 | S5: 15 | T5: 50 | U5: 150 | V5: 500 | W5: 1500 | X5: 5000
A6: 200 | B6: 200.00001 | C6: 0.04 | E6: 2000* | F6: 1999.999 | G6: 3 | I6: M4 | J6: 20000.346 | K6: 45 | M6: 0.005 | N6: 0.005004 | O6: 0.002 | Q6: 5 kg | R6: 2.5 | S6: 7.5 | T6: 25 | U6: 75 | V6: 250 | W6: 750 | X6: 2500
A7: 200* | B7: 200.00005 | C7: 0.04 | E7: 2000 | F7: 1999.996 | G7: 3 | I7: M5 | J7: 20000.124 | K7: 45 | M7: 0.01 | N7: 0.010002 | O7: 0.003 | Q7: 2 kg | R7: 1 | S7: 3 | T7: 10 | U7: 30 | V7: 100 | W7: 300 | X7: 1000
A8: 100 | B8: 100.00008 | C8: 0.03 | E8: 1000 | F8: 1000.001 | G8: 1.7 | I8: M6 | J8: 20000.154 | K8: 45 | M8: 0.02 | N8: 0.020003 | O8: 0.003 | Q8: 1 kg | R8: 0.5 | S8: 1.5 | T8: 5 | U8: 15 | V8: 50 | W8: 150 | X8: 500
A9: 50 | B9: 50.00002 | C9: 0.02 | E9: 500 | F9: 500 | G9: 1.1 | I9: M7 | J9: 19999.125 | K9: 45 | M9: 0,02t | N9: 0.020005 | O9: 0.003 | Q9: 500 g | R9: 0.25 | S9: 0.75 | T9: 2.5 | U9: 7.5 | V9: 25 | W9: 75 | X9: 250
A10: 20 | B10: 19.999978 | C10: 0.009 | E10: 200 | F10: 199.99953 | G10: 0.3 | I10: M8 | J10: 19999.806 | K10: 45 | M10: 0.05 | N10: 0.050005 | O10: 0.003 | Q10: 200 g | R10: 0.01 | S10: 0.3 | T10: 1 | U10: 3 | V10: 10 | W10: 30 | X10: 100
A11: 20* | B11: 19.999977 | C11: 0.009 | E11: 200* | F11: 199.99873 | G11: 0.3 | I11: M9 | J11: 20000.237 | K11: 45 | M11: 0.1 | N11: 0.100008 | O11: 0.003 | Q11: 100 g | R11: 0.05 | S11: 0.15 | T11: 0.5 | U11: 1.5 | V11: 5 | W11: 15 | X11: 50
A12: 10 | B12: 9.999976 | C12: 0.008 | E12: 100 | F12: 99.99961 | G12: 0.16 | I12: M10 | J12: 19999.832 | K12: 45 | M12: 0.2 | N12: 0.200009 | O12: 0.005 | Q12: 50 g | R12: 0.03 | S12: 0.1 | T12: 0.3 | U12: 1 | V12: 3 | W12: 10 | X12: 30
A13: 5 | B13: 5.000006 | C13: 0.007 | E13: 50 | F13: 49.99956 | G13: 0.1 | I13: M11 | J13: 19999.934 | K13: 45 | M13: 0,2t | N13: 0.200002 | O13: 0.005 | Q13: 20 g | R13: 0.025 | S13: 0.08 | T13: 0.25 | U13: 0.8 | V13: 2.5 | W13: 8 | X13: 25
A14: 2 | B14: 2.000013 | C14: 0.005 | E14: 20 | F14: 20.00001 | G14: 0.08 | I14: M12 | J14: 19999.845 | K14: 45 | M14: 0.5 | N14: 0.500006 | O14: 0.006 | Q14: 10 g | R14: 0.02 | S14: 0.06 | T14: 0.2 | U14: 0.6 | V14: 2 | W14: 6 | X14: 20
A15: 2* | B15: 2.000015 | C15: 0.005 | E15: 20* | F15: 20.00004 | G15: 0.08 | I15: M13 | J15: 20000.802 | K15: 45 | M15: 1 | N15: 1.000016 | O15: 0.007 | Q15: 5 g | R15: 0.015 | S15: 0.05 | T15: 0.15 | U15: 0.5 | V15: 1.5 | W15: 5 | X15: 15
A16: 1 | B16: 0.999997 | C16: 0.005 | E16: 10 | F16: 10.00001 | G16: 0.06 | I16: M14 | J16: 19999.575 | K16: 45 | M16: 2 | N16: 1.999992 | O16: 0.009 | Q16: 2 g | R16: 0.012 | S16: 0.04 | T16: 0.12 | U16: 0.4 | V16: 1.2 | W16: 4 | X16: 12
A17: 0.5 | B17: 0.500018 | C17: 0.004 | E17: 5 | F17: 4.99994 | G17: 0.05 | I17: M15 | J17: 20000.329 | K17: 45 | M17: 2t | N17: 1.999991 | O17: 0.009 | Q17: 1 g | R17: 0.01 | S17: 0.03 | T17: 0.1 | U17: 0.3 | V17: 1 | W17: 3 | X17: 10
A18: 0.2 | B18: 0.200013 | C18: 0.003 | E18: 2 | F18: 2 | G18: 0.04 | I18: M16 | J18: 20000.932 | K18: 45 | M18: 5 | N18: 0.500006 | O18: 0.011 | Q18: 500 mg | R18: 0.008 | S18: 0.025 | T18: 0.08 | U18: 0.25 | V18: 0.8 | W18: 2.5 | X18: -
A19: 0.2* | B19: 0.200015 | C19: 0.003 | E19: 2* | F19: 1.99998 | G19: 0.04 | I19: 20LZ1 | J19: 20001.683 | K19: 45 | M19: 10 | N19: 10.000033 | O19: 0.014 | Q19: 200 mg | R19: 0.006 | S19: 0.02 | T19: 0.06 | U19: 0.2 | V19: 0.6 | W19: 2 | X19: -
A20: 0.1 | B20: 0.100003 | C20: 0.002 | E20: 1 | F20: 1 | G20: 0.03 | I20: 10LZ1 | J20: 10001.617 | K20: 26 | M20: 20 | N20: 20.000035 | O20: 0.018 | Q20: 100 mg | R20: 0.005 | S20: 0.015 | T20: 0.05 | U20: 0.15 | V20: 0.5 | W20: 1.5 | X20: -
I21: 5A | J21: 4998.996 | K21: 5.7 | M21: 20t | N21: 20.000038 | O21: 0.018 | Q21: 50 mg | R21: 0.004 | S21: 0.012 | T21: 0.04 | U21: 0.12 | V21: 0.4 | W21: - | X21: -
I22: 10A | J22: 9999.566 | K22: 26 | M22: 50 | N22: 50.00002 | O22: 0.03 | Q22: 20 mg | R22: 0.003 | S22: 0.01 | T22: 0.03 | U22: 0.1 | V22: 0.3 | W22: - | X22: -
B23: ISI DATA | I23: A | J23: 19999.312 | K23: 45 | M23: 100 | N23: 100.00029 | O23: 0.05 | Q23: 10 mg | R23: 0.002 | S23: 0.008 | T23: 0.025 | U23: 0.08 | V23: 0.25 | W23: - | X23: -
B24: Deskripsi | C24: Isi | D24: Satuan | I24: B | J24: 19999.19 | K24: 45 | M24: 200 | N24: 200.00025 | O24: 0.08 | Q24: 5 mg | R24: 0.002 | S24: 0.006 | T24: 0.02 | U24: 0.06 | V24: 0.2 | W24: - | X24: -
B25: No Order | C25: K519-1 | I25: C | J25: 19999.069 | K25: 45 | M25: 200t | N25: 200.00025 | O25: 0.08 | Q25: 2 mg | R25: 0.002 | S25: 0.006 | T25: 0.02 | U25: 0.06 | V25: 0.2 | W25: - | X25: -
B26: Pemilik Alat | C26: PT. XXXXXX | I26: D | J26: 19999.282 | K26: 45 | M26: 500 | N26: 500.00075 | O26: 0.16 | Q26: 1 mg | R26: 0.002 | S26: 0.006 | T26: 0.02 | U26: 0.06 | V26: 0.2 | W26: - | X26: -
B27: Alamat Pemilik Alat | C27: Jalan, Desa, Kecamatan, Kabupaten, Provinsi | I27: E | J27: 19999.268 | K27: 45 | M27: 1000 | N27: 1000.0009 | O27: 0.16
B28: Lokasi Alat | C28: Lab massa BBLM | I28: F | J28: 19999.33 | K28: 45
B29: Nama Alat | C29: Anak timbangan | I29: G | J29: 19999.21 | K29: 45
B30: Merk | C30: - | I30: H | J30: 20000.486 | K30: 45
B31: Tipe | C31: F1 | I31: I | J31: 19999.254 | K31: 45
B32: No Seri | C32: 124918
B33: No. Identifikasi | C33: -
B34: Temperatur Awal | C34: 20.1 | D34: °C
B35: Temperatur Akhir | C35: 20.1 | D35: °C
B36: Temperatur rata2 | C36: =AVERAGE(C34,C35) -> 20.1 | D36: °C
B37: Kelembaban Awal | C37: 60 | D37: %RH
B38: Kelembaban Akhir | C38: 60 | D38: %RH
B39: Kelembapan rata2 | C39: =AVERAGE(C37,C38) -> 60 | D39: %RH
B40: Tekanan awal | C40: 922 | D40: hPa | E40: =C40*H40 -> 691.55901 | F40: mmHg | G40: 1 hPa | H40: 0.750064 | I40: mmHg
B41: Tekanan akhir | C41: 922 | D41: hPa | E41: =C41*H41 -> 691.55901 | F41: mmHg | G41: 1 hPa | H41: 0.750064 | I41: mmHg
B42: Tekanan rata2 | C42: =AVERAGE(C40:C41) -> 922 | D42: hPa | E42: =C42*H42 -> 691.55901 | F42: mmHg | G42: 1 hPa | H42: 0.750064 | I42: mmHg
B43: Tanggal Terima | C43: 22 September 2025 | E43: Tanggal ditulis dengan format text
B44: Tanggal Kalibrasi | C44: 2 Oktober 2025 | E44: Tanggal ditulis dengan format text
B45: Titik Ukur | C45: 0.02 | D45: g
B46: Mass Comp
B47: Resolusi | C47: 1e-05 | D47: g
B48: No. Seri Mass comp | C48: 90803270
B49: Kalibrator | C49: E2 METTLER TOLEDO | E49: `
B50: Merk Kalibrator | C50: Mettler Toledo
B51: No Seri | C51: 158856
B52: Massa standard | C52: =N8 -> 0.020003 | D52: g
B53: U95 standard | C53: =O8 -> 0.003 | D53: mg
B55: X1 | C55: X2 | D55: X3 | E55: X4 | F55: X5 | G55: dm
B56: ( g ) | C56: ( g ) | D56: ( g ) | E56: ( g ) | F56: ( g ) | G56: g
A57: r1 | B57: 0.01998
A58: t1 | B58: 0.02 | G58: =B58-B57 -> 2e-05
A59: t2 | B59: 0.02001
A60: r2 | B60: 0.02001 | G60: =B59-B60 -> 0
A61: r3 | C61: 0.01999
A62: t3 | C62: 0.02001 | G62: =C62-C61 -> 2e-05
A63: t4 | C63: 0.02003
A64: r4 | C64: 0.02 | G64: =C63-C64 -> 3e-05
A65: r5 | D65: 0.02001
A66: t5 | D66: 0.02001 | G66: =D66-D65 -> 0
A67: t6 | D67: 0.02002
A68: r6 | D68: 0.02 | G68: =D67-D68 -> 2e-05
A69: r7 | E69: 0.02001
A70: t7 | E70: 0.02003 | G70: =E70-E69 -> 2e-05
A71: t8 | E71: 0.02001
A72: r8 | E72: 0.01999 | G72: =E71-E72 -> 2e-05
A73: r9 | F73: 0.01999
A74: t9 | F74: 0.02001 | G74: =F74-F73 -> 2e-05
A75: t10 | F75: 0.02
A76: r10 | F76: 0.01999 | G76: =F75-F76 -> 1e-05
F78: Mean | G78: =AVERAGE(G57:G76) -> 1.6e-05 | H78: g
F80: Stdev | G80: =STDEVP(G57:G76) -> 9.1651514e-06 | H80: g
F82: S_res | G82: =(0.82*C47)/2 -> 4.1e-06 | H82: g
F84: Mt | G84: =C52+G78 -> 0.020019 | H84: g
G85: =G84 -> 0.020019
F86: Srepeat | G86: =IF(G80>G82,G80,G82) -> 9.1651514e-06
B88: UNCERTAINTY BUDGET SEBAGAI PENDUKUNG KLAIM BMC
B89: Besaran yang diukur : | C89: Massa
B90: Jenis alat yang dikalibrasi : | C90: Anak timbangan M3
B91: Standar yang digunakan : | C91: Anak timbangan F1
B92: Titik Ukur : | C92: =C45 -> 0.02 | D92: g | F92: MPE 0,02 | G92: =S22 -> 0.01 | H92: mg
B93: Model matematis : Mt= Ms +dm dengan Mt= massa massa konvensional yang dikalibrasi Ms = massa standar dm= koreksi alat
B95: Komponen | C95: Satuan | D95: Distribusi | E95: U | F95: Pembagi | G95: vi | H95: ui | I95: ci | J95: uici | K95: (uici)2 | L95: (uici)4/vi
B96: 1 | C96: 2 | D96: 3 | E96: 4 | F96: 5 | G96: 6 | H96: 7 | I96: 8 | J96: 9 | K96: 10 | L96: 11
B97: Standar | C97: mg | D97: Normal | E97: =C53 -> 0.003 | F97: 2 | G97: 60 | H97: =E97/F97 -> 0.0015 | I97: 1 | J97: =H97*I97 -> 0.0015 | K97: =J97^2 -> 2.25e-06 | L97: =J97^4/G97 -> 8.4375e-14
B98: Repeatability | C98: mg | D98: Rectangular | E98: =(G86*1000)/SQRT(10) -> 0.0028982753 | F98: 1 | G98: =IF(G80>G82,9,1000) -> 9 | H98: =E98/F98 -> 0.0028982753 | I98: 1 | J98: =H98*I98 -> 0.0028982753 | K98: =J98^2 -> 8.4e-06 | L98: =J98^4/G98 -> 7.84e-12
B99: Rounding | C99: mg | D99: Rectangular | E99: 5e-05 | F99: =SQRT(3) -> 1.7320508 | G99: 1000 | H99: =E99/F99 -> 2.8867513e-05 | I99: 1 | J99: =H99*I99 -> 2.8867513e-05 | K99: =J99^2 -> 8.3333333e-10 | L99: =J99^4/G99 -> 6.9444444e-22
B100: Instability | C100: mg | D100: Normal | E100: =0.08*G92 -> 0.0008 | F100: 1 | G100: 4 | H100: =E100/F100 -> 0.0008 | I100: 1 | J100: =H100*I100 -> 0.0008 | K100: =J100^2 -> 6.4e-07 | L100: =J100^4/G100 -> 1.024e-13
B101: Buoyancy | C101: mg | D101: Rectangular | E101: =4.5*10^-9*8000*0.114*$C$92 -> 8.208e-08 | F101: 1 | G101: 1000 | H101: =E101/F101 -> 8.208e-08 | I101: 1 | J101: =H101*I101 -> 8.208e-08 | K101: =J101^2 -> 6.7371264e-15 | L101: =J101^4/G101 -> 4.5388872e-32
B102: Sums | K102: =SUM(K97:K101) -> 1.1290833e-05 | L102: =SUM(L97:L101) -> 8.026775e-12
B103: Ketidakpastian baku gabungan, uc, mg | K103: =SQRT(K102) -> 0.0033601835
B104: Dearajat kebebasan efektif, veff | K104: =(K103^4)/L102 -> 15.882209
B105: Faktor cakupan, k-student for veff and CL 95% | K105: =TINV(0.05,K104) -> 2.1314495
B106: Ketidakpastian bentangan, U = kuc, mg | K106: =K105*K103 -> 0.0071620617
B107: Atau ketidakpastian bentangan, U = kuc, mg | K107: =K105*K103 -> 0.0071620617
...

Sheet 0,02t
A1: E2 2024 | E1: F1 (B4T 2024) | I1: M1 | M1: E2 METTLER TOLEDO 2025 | Q1: TABEL MPE OIML R111-1
A2: Nominal (g) | B2: Massa konvensional (g) | C2: U95 (mg) | E2: Nominal (g) | F2: Massa konvensional (g) | G2: U95 (mg) | I2: Identitas | J2: Massa konvensional (g) | K2: U95 (mg) | M2: Nominal (g) | N2: Massa konvensional (g) | O2: U95 (mg) | Q2: Nominal Value | R2: Class E1 | S2: Class E2 | T2: Class F1 | U2: Class F2 | V2: Class M1 | W2: Class M2 | X2: Class M3
A3: 2000 | B3: 1999.9985 | C3: 0.32 | E3: 20000 | F3: 20000.022 | G3: 13 | I3: M1 | J3: 19999.414 | K3: 45 | M3: 0.001 | N3: 0.001003 | O3: 0.002 | Q3: 50 kg | R3: 25 | S3: 75 | T3: 250 | U3: 750 | V3: 2500 | W3: 7500 | X3: 25000
A4: 1000 | B4: 1000.0005 | C4: 0.14 | E4: 10000 | F4: 10000.041 | G4: 4.6 | I4: M2 | J4: 19999.234 | K4: 45 | M4: 0.002 | N4: 0.002003 | O4: 0.002 | Q4: 20 kg | R4: 10 | S4: 30 | T4: 100 | U4: 300 | V4: 1000 | W4: 3000 | X4: 10000
A5: 500 | B5: 500.00001 | C5: 0.08 | E5: 5000 | F5: 5000.005 | G5: 8 | I5: M3 | J5: 19999.627 | K5: 45 | M5: 0,002t | N5: 0.002001 | O5: 0.002 | Q5: 10 kg | R5: 5 | S5: 15 | T5: 50 | U5: 150 | V5: 500 | W5: 1500 | X5: 5000
A6: 200 | B6: 200.00001 | C6: 0.04 | E6: 2000* | F6: 1999.999 | G6: 3 | I6: M4 | J6: 20000.346 | K6: 45 | M6: 0.005 | N6: 0.005004 | O6: 0.002 | Q6: 5 kg | R6: 2.5 | S6: 7.5 | T6: 25 | U6: 75 | V6: 250 | W6: 750 | X6: 2500
A7: 200* | B7: 200.00005 | C7: 0.04 | E7: 2000 | F7: 1999.996 | G7: 3 | I7: M5 | J7: 20000.124 | K7: 45 | M7: 0.01 | N7: 0.010002 | O7: 0.003 | Q7: 2 kg | R7: 1 | S7: 3 | T7: 10 | U7: 30 | V7: 100 | W7: 300 | X7: 1000
A8: 100 | B8: 100.00008 | C8: 0.03 | E8: 1000 | F8: 1000.001 | G8: 1.7 | I8: M6 | J8: 20000.154 | K8: 45 | M8: 0.02 | N8: 0.020003 | O8: 0.003 | Q8: 1 kg | R8: 0.5 | S8: 1.5 | T8: 5 | U8: 15 | V8: 50 | W8: 150 | X8: 500
A9: 50 | B9: 50.00002 | C9: 0.02 | E9: 500 | F9: 500 | G9: 1.1 | I9: M7 | J9: 19999.125 | K9: 45 | M9: 0,02t | N9: 0.020005 | O9: 0.003 | Q9: 500 g | R9: 0.25 | S9: 0.75 | T9: 2.5 | U9: 7.5 | V9: 25 | W9: 75 | X9: 250
A10: 20 | B10: 19.999978 | C10: 0.009 | E10: 200 | F10: 199.99953 | G10: 0.3 | I10: M8 | J10: 19999.806 | K10: 45 | M10: 0.05 | N10: 0.050005 | O10: 0.003 | Q10: 200 g | R10: 0.01 | S10: 0.3 | T10: 1 | U10: 3 | V10: 10 | W10: 30 | X10: 100
A11: 20* | B11: 19.999977 | C11: 0.009 | E11: 200* | F11: 199.99873 | G11: 0.3 | I11: M9 | J11: 20000.237 | K11: 45 | M11: 0.1 | N11: 0.100008 | O11: 0.003 | Q11: 100 g | R11: 0.05 | S11: 0.15 | T11: 0.5 | U11: 1.5 | V11: 5 | W11: 15 | X11: 50
A12: 10 | B12: 9.999976 | C12: 0.008 | E12: 100 | F12: 99.99961 | G12: 0.16 | I12: M10 | J12: 19999.832 | K12: 45 | M12: 0.2 | N12: 0.200009 | O12: 0.005 | Q12: 50 g | R12: 0.03 | S12: 0.1 | T12: 0.3 | U12: 1 | V12: 3 | W12: 10 | X12: 30
A13: 5 | B13: 5.000006 | C13: 0.007 | E13: 50 | F13: 49.99956 | G13: 0.1 | I13: M11 | J13: 19999.934 | K13: 45 | M13: 0,2t | N13: 0.200002 | O13: 0.005 | Q13: 20 g | R13: 0.025 | S13: 0.08 | T13: 0.25 | U13: 0.8 | V13: 2.5 | W13: 8 | X13: 25
A14: 2 | B14: 2.000013 | C14: 0.005 | E14: 20 | F14: 20.00001 | G14: 0.08 | I14: M12 | J14: 19999.845 | K14: 45 | M14: 0.5 | N14: 0.500006 | O14: 0.006 | Q14: 10 g | R14: 0.02 | S14: 0.06 | T14: 0.2 | U14: 0.6 | V14: 2 | W14: 6 | X14: 20
A15: 2* | B15: 2.000015 | C15: 0.005 | E15: 20* | F15: 20.00004 | G15: 0.08 | I15: M13 | J15: 20000.802 | K15: 45 | M15: 1 | N15: 1.000016 | O15: 0.007 | Q15: 5 g | R15: 0.015 | S15: 0.05 | T15: 0.15 | U15: 0.5 | V15: 1.5 | W15: 5 | X15: 15
A16: 1 | B16: 0.999997 | C16: 0.005 | E16: 10 | F16: 10.00001 | G16: 0.06 | I16: M14 | J16: 19999.575 | K16: 45 | M16: 2 | N16: 1.999992 | O16: 0.009 | Q16: 2 g | R16: 0.012 | S16: 0.04 | T16: 0.12 | U16: 0.4 | V16: 1.2 | W16: 4 | X16: 12
A17: 0.5 | B17: 0.500018 | C17: 0.004 | E17: 5 | F17: 4.99994 | G17: 0.05 | I17: M15 | J17: 20000.329 | K17: 45 | M17: 2t | N17: 1.999991 | O17: 0.009 | Q17: 1 g | R17: 0.01 | S17: 0.03 | T17: 0.1 | U17: 0.3 | V17: 1 | W17: 3 | X17: 10
A18: 0.2 | B18: 0.200013 | C18: 0.003 | E18: 2 | F18: 2 | G18: 0.04 | I18: M16 | J18: 20000.932 | K18: 45 | M18: 5 | N18: 0.500006 | O18: 0.011 | Q18: 500 mg | R18: 0.008 | S18: 0.025 | T18: 0.08 | U18: 0.25 | V18: 0.8 | W18: 2.5 | X18: -
A19: 0.2* | B19: 0.200015 | C19: 0.003 | E19: 2* | F19: 1.99998 | G19: 0.04 | I19: 20LZ1 | J19: 20001.683 | K19: 45 | M19: 10 | N19: 10.000033 | O19: 0.014 | Q19: 200 mg | R19: 0.006 | S19: 0.02 | T19: 0.06 | U19: 0.2 | V19: 0.6 | W19: 2 | X19: -
A20: 0.1 | B20: 0.100003 | C20: 0.002 | E20: 1 | F20: 1 | G20: 0.03 | I20: 10LZ1 | J20: 10001.617 | K20: 26 | M20: 20 | N20: 20.000035 | O20: 0.018 | Q20: 100 mg | R20: 0.005 | S20: 0.015 | T20: 0.05 | U20: 0.15 | V20: 0.5 | W20: 1.5 | X20: -
I21: 5A | J21: 4998.996 | K21: 5.7 | M21: 20t | N21: 20.000038 | O21: 0.018 | Q21: 50 mg | R21: 0.004 | S21: 0.012 | T21: 0.04 | U21: 0.12 | V21: 0.4 | W21: - | X21: -
I22: 10A | J22: 9999.566 | K22: 26 | M22: 50 | N22: 50.00002 | O22: 0.03 | Q22: 20 mg | R22: 0.003 | S22: 0.01 | T22: 0.03 | U22: 0.1 | V22: 0.3 | W22: - | X22: -
B23: ISI DATA | I23: A | J23: 19999.312 | K23: 45 | M23: 100 | N23: 100.00029 | O23: 0.05 | Q23: 10 mg | R23: 0.002 | S23: 0.008 | T23: 0.025 | U23: 0.08 | V23: 0.25 | W23: - | X23: -
B24: Deskripsi | C24: Isi | D24: Satuan | I24: B | J24: 19999.19 | K24: 45 | M24: 200 | N24: 200.00025 | O24: 0.08 | Q24: 5 mg | R24: 0.002 | S24: 0.006 | T24: 0.02 | U24: 0.06 | V24: 0.2 | W24: - | X24: -
B25: No Order | C25: K519-1 | I25: C | J25: 19999.069 | K25: 45 | M25: 200t | N25: 200.00025 | O25: 0.08 | Q25: 2 mg | R25: 0.002 | S25: 0.006 | T25: 0.02 | U25: 0.06 | V25: 0.2 | W25: - | X25: -
B26: Pemilik Alat | C26: PT. XXXXXX | I26: D | J26: 19999.282 | K26: 45 | M26: 500 | N26: 500.00075 | O26: 0.16 | Q26: 1 mg | R26: 0.002 | S26: 0.006 | T26: 0.02 | U26: 0.06 | V26: 0.2 | W26: - | X26: -
B27: Alamat Pemilik Alat | C27: Jalan, Desa, Kecamatan, Kabupaten, Provinsi | I27: E | J27: 19999.268 | K27: 45 | M27: 1000 | N27: 1000.0009 | O27: 0.16
B28: Lokasi Alat | C28: Lab massa BBLM | I28: F | J28: 19999.33 | K28: 45
B29: Nama Alat | C29: Anak timbangan | I29: G | J29: 19999.21 | K29: 45
B30: Merk | C30: - | I30: H | J30: 20000.486 | K30: 45
B31: Tipe | C31: F1 | I31: I | J31: 19999.254 | K31: 45
B32: No Seri | C32: 124918
B33: No. Identifikasi | C33: -
B34: Temperatur Awal | C34: 20.1 | D34: °C
B35: Temperatur Akhir | C35: 20.1 | D35: °C
B36: Temperatur rata2 | C36: =AVERAGE(C34,C35) -> 20.1 | D36: °C
B37: Kelembaban Awal | C37: 60 | D37: %RH
B38: Kelembaban Akhir | C38: 60 | D38: %RH
B39: Kelembapan rata2 | C39: =AVERAGE(C37,C38) -> 60 | D39: %RH
B40: Tekanan awal | C40: 922 | D40: hPa | E40: =C40*H40 -> 691.55901 | F40: mmHg | G40: 1 hPa | H40: 0.750064 | I40: mmHg
B41: Tekanan akhir | C41: 922 | D41: hPa | E41: =C41*H41 -> 691.55901 | F41: mmHg | G41: 1 hPa | H41: 0.750064 | I41: mmHg
B42: Tekanan rata2 | C42: =AVERAGE(C40:C41) -> 922 | D42: hPa | E42: =C42*H42 -> 691.55901 | F42: mmHg | G42: 1 hPa | H42: 0.750064 | I42: mmHg
B43: Tanggal Terima | C43: 22 September 2025 | E43: Tanggal ditulis dengan format text
B44: Tanggal Kalibrasi | C44: 22 September 2025 | E44: Tanggal ditulis dengan format text
B45: Titik Ukur | C45: 0.02 | D45: g
B46: Mass Comp
B47: Resolusi | C47: 1e-05 | D47: g
B48: No. Seri Mass comp | C48: 90803270
B49: Kalibrator | C49: E2 METTLER TOLEDO | E49: `
B50: Merk Kalibrator | C50: Mettler Toledo
B51: No Seri | C51: 158856
B52: Massa standard | C52: =N9 -> 0.020005 | D52: g
B53: U95 standard | C53: =O9 -> 0.003 | D53: mg
B55: X1 | C55: X2 | D55: X3 | E55: X4 | F55: X5 | G55: dm
B56: ( g ) | C56: ( g ) | D56: ( g ) | E56: ( g ) | F56: ( g ) | G56: g
A57: r1 | B57: 0.02
A58: t1 | B58: 0.02 | G58: =B58-B57 -> 0
A59: t2 | B59: 0.02
A60: r2 | B60: 0.02001 | G60: =B59-B60 -> -1e-05
A61: r3 | C61: 0.01998
A62: t3 | C62: 0.02003 | G62: =C62-C61 -> 5e-05
A63: t4 | C63: 0.02001
A64: r4 | C64: 0.02001 | G64: =C63-C64 -> 0
A65: r5 | D65: 0.02
A66: t5 | D66: 0.02 | G66: =D66-D65 -> 0
A67: t6 | D67: 0.02002
A68: r6 | D68: 0.02001 | G68: =D67-D68 -> 1e-05
A69: r7 | E69: 0.02
A70: t7 | E70: 0.02 | G70: =E70-E69 -> 0
A71: t8 | E71: 0.02
A72: r8 | E72: 0.02001 | G72: =E71-E72 -> -1e-05
A73: r9 | F73: 0.02
A74: t9 | F74: 0.02002 | G74: =F74-F73 -> 2e-05
A75: t10 | F75: 0.02001
A76: r10 | F76: 0.02 | G76: =F75-F76 -> 1e-05
F78: Mean | G78: =AVERAGE(G57:G76) -> 7e-06 | H78: g
F80: Stdev | G80: =STDEVP(G57:G76) -> 1.6763055e-05 | H80: g
F82: S_res | G82: =(0.82*C47)/2 -> 4.1e-06 | H82: g
F84: Mt | G84: =C52+G78 -> 0.020012 | H84: g
G85: =G84 -> 0.020012
F86: Srepeat | G86: =IF(G80>G82,G80,G82) -> 1.6763055e-05
B88: UNCERTAINTY BUDGET SEBAGAI PENDUKUNG KLAIM BMC
B89: Besaran yang diukur : | C89: Massa
B90: Jenis alat yang dikalibrasi : | C90: Anak timbangan M3
B91: Standar yang digunakan : | C91: Anak timbangan F1
B92: Titik Ukur : | C92: =C45 -> 0.02 | D92: g | F92: MPE 0,02 | G92: =S22 -> 0.01 | H92: mg
B93: Model matematis : Mt= Ms +dm dengan Mt= massa massa konvensional yang dikalibrasi Ms = massa standar dm= koreksi alat
B95: Komponen | C95: Satuan | D95: Distribusi | E95: U | F95: Pembagi | G95: vi | H95: ui | I95: ci | J95: uici | K95: (uici)2 | L95: (uici)4/vi
B96: 1 | C96: 2 | D96: 3 | E96: 4 | F96: 5 | G96: 6 | H96: 7 | I96: 8 | J96: 9 | K96: 10 | L96: 11
B97: Standar | C97: mg | D97: Normal | E97: =C53 -> 0.003 | F97: 2 | G97: 60 | H97: =E97/F97 -> 0.0015 | I97: 1 | J97: =H97*I97 -> 0.0015 | K97: =J97^2 -> 2.25e-06 | L97: =J97^4/G97 -> 8.4375e-14
B98: Repeatability | C98: mg | D98: Rectangular | E98: =(G86*1000)/SQRT(10) -> 0.0053009433 | F98: 1 | G98: =IF(G80>G82,9,1000) -> 9 | H98: =E98/F98 -> 0.0053009433 | I98: 1 | J98: =H98*I98 -> 0.0053009433 | K98: =J98^2 -> 2.81e-05 | L98: =J98^4/G98 -> 8.7734444e-11
B99: Rounding | C99: mg | D99: Rectangular | E99: 5e-05 | F99: =SQRT(3) -> 1.7320508 | G99: 1000 | H99: =E99/F99 -> 2.8867513e-05 | I99: 1 | J99: =H99*I99 -> 2.8867513e-05 | K99: =J99^2 -> 8.3333333e-10 | L99: =J99^4/G99 -> 6.9444444e-22
B100: Instability | C100: mg | D100: Normal | E100: =0.08*G92 -> 0.0008 | F100: 1 | G100: 4 | H100: =E100/F100 -> 0.0008 | I100: 1 | J100: =H100*I100 -> 0.0008 | K100: =J100^2 -> 6.4e-07 | L100: =J100^4/G100 -> 1.024e-13
B101: Buoyancy | C101: mg | D101: Rectangular | E101: =4.5*10^-9*8000*0.114*$C$92 -> 8.208e-08 | F101: 1 | G101: 1000 | H101: =E101/F101 -> 8.208e-08 | I101: 1 | J101: =H101*I101 -> 8.208e-08 | K101: =J101^2 -> 6.7371264e-15 | L101: =J101^4/G101 -> 4.5388872e-32
B102: Sums | K102: =SUM(K97:K101) -> 3.0990833e-05 | L102: =SUM(L97:L101) -> 8.7921219e-11
B103: Ketidakpastian baku gabungan, uc, mg | K103: =SQRT(K102) -> 0.0055669411
B104: Dearajat kebebasan efektif, veff | K104: =(K103^4)/L102 -> 10.923777
B105: Faktor cakupan, k-student for veff and CL 95% | K105: =TINV(0.05,K104) -> 2.2281389
B106: Ketidakpastian bentangan, U = kuc, mg | K106: =K105*K103 -> 0.012403918
B107: Atau ketidakpastian bentangan, U = kuc, mg | K107: =K105*K103 -> 0.012403918
...

Sheet 0,05
A1: E2 2024 | E1: F1 (B4T 2024) | I1: M1 | M1: E2 METTLER TOLEDO 2025 | Q1: TABEL MPE OIML R111-1
A2: Nominal (g) | B2: Massa konvensional (g) | C2: U95 (mg) | E2: Nominal (g) | F2: Massa konvensional (g) | G2: U95 (mg) | I2: Identitas | J2: Massa konvensional (g) | K2: U95 (mg) | M2: Nominal (g) | N2: Massa konvensional (g) | O2: U95 (mg) | Q2: Nominal Value | R2: Class E1 | S2: Class E2 | T2: Class F1 | U2: Class F2 | V2: Class M1 | W2: Class M2 | X2: Class M3
A3: 2000 | B3: 1999.9985 | C3: 0.32 | E3: 20000 | F3: 20000.022 | G3: 13 | I3: M1 | J3: 19999.414 | K3: 45 | M3: 0.001 | N3: 0.001003 | O3: 0.002 | Q3: 50 kg | R3: 25 | S3: 75 | T3: 250 | U3: 750 | V3: 2500 | W3: 7500 | X3: 25000
A4: 1000 | B4: 1000.0005 | C4: 0.14 | E4: 10000 | F4: 10000.041 | G4: 4.6 | I4: M2 | J4: 19999.234 | K4: 45 | M4: 0.002 | N4: 0.002003 | O4: 0.002 | Q4: 20 kg | R4: 10 | S4: 30 | T4: 100 | U4: 300 | V4: 1000 | W4: 3000 | X4: 10000
A5: 500 | B5: 500.00001 | C5: 0.08 | E5: 5000 | F5: 5000.005 | G5: 8 | I5: M3 | J5: 19999.627 | K5: 45 | M5: 0,002t | N5: 0.002001 | O5: 0.002 | Q5: 10 kg | R5: 5 | S5: 15 | T5: 50 | U5: 150 | V5: 500 | W5: 1500 | X5: 5000
A6: 200 | B6: 200.00001 | C6: 0.04 | E6: 2000* | F6: 1999.999 | G6: 3 | I6: M4 | J6: 20000.346 | K6: 45 | M6: 0.005 | N6: 0.005004 | O6: 0.002 | Q6: 5 kg | R6: 2.5 | S6: 7.5 | T6: 25 | U6: 75 | V6: 250 | W6: 750 | X6: 2500
A7: 200* | B7: 200.00005 | C7: 0.04 | E7: 2000 | F7: 1999.996 | G7: 3 | I7: M5 | J7: 20000.124 | K7: 45 | M7: 0.01 | N7: 0.010002 | O7: 0.003 | Q7: 2 kg | R7: 1 | S7: 3 | T7: 10 | U7: 30 | V7: 100 | W7: 300 | X7: 1000
A8: 100 | B8: 100.00008 | C8: 0.03 | E8: 1000 | F8: 1000.001 | G8: 1.7 | I8: M6 | J8: 20000.154 | K8: 45 | M8: 0.02 | N8: 0.020003 | O8: 0.003 | Q8: 1 kg | R8: 0.5 | S8: 1.5 | T8: 5 | U8: 15 | V8: 50 | W8: 150 | X8: 500
A9: 50 | B9: 50.00002 | C9: 0.02 | E9: 500 | F9: 500 | G9: 1.1 | I9: M7 | J9: 19999.125 | K9: 45 | M9: 0,02t | N9: 0.020005 | O9: 0.003 | Q9: 500 g | R9: 0.25 | S9: 0.75 | T9: 2.5 | U9: 7.5 | V9: 25 | W9: 75 | X9: 250
A10: 20 | B10: 19.999978 | C10: 0.009 | E10: 200 | F10: 199.99953 | G10: 0.3 | I10: M8 | J10: 19999.806 | K10: 45 | M10: 0.05 | N10: 0.050005 | O10: 0.003 | Q10: 200 g | R10: 0.01 | S10: 0.3 | T10: 1 | U10: 3 | V10: 10 | W10: 30 | X10: 100
A11: 20* | B11: 19.999977 | C11: 0.009 | E11: 200* | F11: 199.99873 | G11: 0.3 | I11: M9 | J11: 20000.237 | K11: 45 | M11: 0.1 | N11: 0.100008 | O11: 0.003 | Q11: 100 g | R11: 0.05 | S11: 0.15 | T11: 0.5 | U11: 1.5 | V11: 5 | W11: 15 | X11: 50
A12: 10 | B12: 9.999976 | C12: 0.008 | E12: 100 | F12: 99.99961 | G12: 0.16 | I12: M10 | J12: 19999.832 | K12: 45 | M12: 0.2 | N12: 0.200009 | O12: 0.005 | Q12: 50 g | R12: 0.03 | S12: 0.1 | T12: 0.3 | U12: 1 | V12: 3 | W12: 10 | X12: 30
A13: 5 | B13: 5.000006 | C13: 0.007 | E13: 50 | F13: 49.99956 | G13: 0.1 | I13: M11 | J13: 19999.934 | K13: 45 | M13: 0,2t | N13: 0.200002 | O13: 0.005 | Q13: 20 g | R13: 0.025 | S13: 0.08 | T13: 0.25 | U13: 0.8 | V13: 2.5 | W13: 8 | X13: 25
A14: 2 | B14: 2.000013 | C14: 0.005 | E14: 20 | F14: 20.00001 | G14: 0.08 | I14: M12 | J14: 19999.845 | K14: 45 | M14: 0.5 | N14: 0.500006 | O14: 0.006 | Q14: 10 g | R14: 0.02 | S14: 0.06 | T14: 0.2 | U14: 0.6 | V14: 2 | W14: 6 | X14: 20
A15: 2* | B15: 2.000015 | C15: 0.005 | E15: 20* | F15: 20.00004 | G15: 0.08 | I15: M13 | J15: 20000.802 | K15: 45 | M15: 1 | N15: 1.000016 | O15: 0.007 | Q15: 5 g | R15: 0.015 | S15: 0.05 | T15: 0.15 | U15: 0.5 | V15: 1.5 | W15: 5 | X15: 15
A16: 1 | B16: 0.999997 | C16: 0.005 | E16: 10 | F16: 10.00001 | G16: 0.06 | I16: M14 | J16: 19999.575 | K16: 45 | M16: 2 | N16: 1.999992 | O16: 0.009 | Q16: 2 g | R16: 0.012 | S16: 0.04 | T16: 0.12 | U16: 0.4 | V16: 1.2 | W16: 4 | X16: 12
A17: 0.5 | B17: 0.500018 | C17: 0.004 | E17: 5 | F17: 4.99994 | G17: 0.05 | I17: M15 | J17: 20000.329 | K17: 45 | M17: 2t | N17: 1.999991 | O17: 0.009 | Q17: 1 g | R17: 0.01 | S17: 0.03 | T17: 0.1 | U17: 0.3 | V17: 1 | W17: 3 | X17: 10
A18: 0.2 | B18: 0.200013 | C18: 0.003 | E18: 2 | F18: 2 | G18: 0.04 | I18: M16 | J18: 20000.932 | K18: 45 | M18: 5 | N18: 0.500006 | O18: 0.011 | Q18: 500 mg | R18: 0.008 | S18: 0.025 | T18: 0.08 | U18: 0.25 | V18: 0.8 | W18: 2.5 | X18: -
A19: 0.2* | B19: 0.200015 | C19: 0.003 | E19: 2* | F19: 1.99998 | G19: 0.04 | I19: 20LZ1 | J19: 20001.683 | K19: 45 | M19: 10 | N19: 10.000033 | O19: 0.014 | Q19: 200 mg | R19: 0.006 | S19: 0.02 | T19: 0.06 | U19: 0.2 | V19: 0.6 | W19: 2 | X19: -
A20: 0.1 | B20: 0.100003 | C20: 0.002 | E20: 1 | F20: 1 | G20: 0.03 | I20: 10LZ1 | J20: 10001.617 | K20: 26 | M20: 20 | N20: 20.000035 | O20: 0.018 | Q20: 100 mg | R20: 0.005 | S20: 0.015 | T20: 0.05 | U20: 0.15 | V20: 0.5 | W20: 1.5 | X20: -
I21: 5A | J21: 4998.996 | K21: 5.7 | M21: 20t | N21: 20.000038 | O21: 0.018 | Q21: 50 mg | R21: 0.004 | S21: 0.012 | T21: 0.04 | U21: 0.12 | V21: 0.4 | W21: - | X21: -
I22: 10A | J22: 9999.566 | K22: 26 | M22: 50 | N22: 50.00002 | O22: 0.03 | Q22: 20 mg | R22: 0.003 | S22: 0.01 | T22: 0.03 | U22: 0.1 | V22: 0.3 | W22: - | X22: -
B23: ISI DATA | I23: A | J23: 19999.312 | K23: 45 | M23: 100 | N23: 100.00029 | O23: 0.05 | Q23: 10 mg | R23: 0.002 | S23: 0.008 | T23: 0.025 | U23: 0.08 | V23: 0.25 | W23: - | X23: -
B24: Deskripsi | C24: Isi | D24: Satuan | I24: B | J24: 19999.19 | K24: 45 | M24: 200 | N24: 200.00025 | O24: 0.08 | Q24: 5 mg | R24: 0.002 | S24: 0.006 | T24: 0.02 | U24: 0.06 | V24: 0.2 | W24: - | X24: -
B25: No Order | C25: K519-1 | I25: C | J25: 19999.069 | K25: 45 | M25: 200t | N25: 200.00025 | O25: 0.08 | Q25: 2 mg | R25: 0.002 | S25: 0.006 | T25: 0.02 | U25: 0.06 | V25: 0.2 | W25: - | X25: -
B26: Pemilik Alat | C26: PT. XXXXXX | I26: D | J26: 19999.282 | K26: 45 | M26: 500 | N26: 500.00075 | O26: 0.16 | Q26: 1 mg | R26: 0.002 | S26: 0.006 | T26: 0.02 | U26: 0.06 | V26: 0.2 | W26: - | X26: -
B27: Alamat Pemilik Alat | C27: Jalan, Desa, Kecamatan, Kabupaten, Provinsi | I27: E | J27: 19999.268 | K27: 45 | M27: 1000 | N27: 1000.0009 | O27: 0.16
B28: Lokasi Alat | C28: Lab massa BBLM | I28: F | J28: 19999.33 | K28: 45
B29: Nama Alat | C29: Anak timbangan | I29: G | J29: 19999.21 | K29: 45
B30: Merk | C30: - | I30: H | J30: 20000.486 | K30: 45
B31: Tipe | C31: F1 | I31: I | J31: 19999.254 | K31: 45
B32: No Seri | C32: 124918
B33: No. Identifikasi | C33: -
B34: Temperatur Awal | C34: 20.1 | D34: °C
B35: Temperatur Akhir | C35: 20.1 | D35: °C
B36: Temperatur rata2 | C36: =AVERAGE(C34,C35) -> 20.1 | D36: °C
B37: Kelembaban Awal | C37: 60 | D37: %RH
B38: Kelembaban Akhir | C38: 60 | D38: %RH
B39: Kelembapan rata2 | C39: =AVERAGE(C37,C38) -> 60 | D39: %RH
B40: Tekanan awal | C40: 922 | D40: hPa | E40: =C40*H40 -> 691.55901 | F40: mmHg | G40: 1 hPa | H40: 0.750064 | I40: mmHg
B41: Tekanan akhir | C41: 922 | D41: hPa | E41: =C41*H41 -> 691.55901 | F41: mmHg | G41: 1 hPa | H41: 0.750064 | I41: mmHg
B42: Tekanan rata2 | C42: =AVERAGE(C40:C41) -> 922 | D42: hPa | E42: =C42*H42 -> 691.55901 | F42: mmHg | G42: 1 hPa | H42: 0.750064 | I42: mmHg
B43: Tanggal Terima | C43: 22 September 2025 | E43: Tanggal ditulis dengan format text
B44: Tanggal Kalibrasi | C44: 22 September 2025 | E44: Tanggal ditulis dengan format text
B45: Titik Ukur | C45: 0.05 | D45: g
B46: Mass Comp
B47: Resolusi | C47: 1e-05 | D47: g
B48: No. Seri Mass comp | C48: 90803270
B49: Kalibrator | C49: E2 METTLER TOLEDO | E49: `
B50: Merk Kalibrator | C50: Mettler Toledo
B51: No Seri | C51: 158856
B52: Massa standard | C52: =N10 -> 0.050005 | D52: g
B53: U95 standard | C53: =O10 -> 0.003 | D53: mg
B55: X1 | C55: X2 | D55: X3 | E55: X4 | F55: X5 | G55: dm
B56: ( g ) | C56: ( g ) | D56: ( g ) | E56: ( g ) | F56: ( g ) | G56: g
A57: r1 | B57: 0.05001
A58: t1 | B58: 0.04999 | G58: =B58-B57 -> -2e-05
A59: t2 | B59: 0.04999
A60: r2 | B60: 0.05001 | G60: =B59-B60 -> -2e-05
A61: r3 | C61: 0.05
A62: t3 | C62: 0.05004 | G62: =C62-C61 -> 4e-05
A63: t4 | C63: 0.05001
A64: r4 | C64: 0.05 | G64: =C63-C64 -> 1e-05
A65: r5 | D65: 0.04999
A66: t5 | D66: 0.05001 | G66: =D66-D65 -> 2e-05
A67: t6 | D67: 0.05003
A68: r6 | D68: 0.05001 | G68: =D67-D68 -> 2e-05
A69: r7 | E69: 0.05
A70: t7 | E70: 0.05002 | G70: =E70-E69 -> 2e-05
A71: t8 | E71: 0.05001
A72: r8 | E72: 0.05 | G72: =E71-E72 -> 1e-05
A73: r9 | F73: 0.04999
A74: t9 | F74: 0.05002 | G74: =F74-F73 -> 3e-05
A75: t10 | F75: 0.05002
A76: r10 | F76: 0.05 | G76: =F75-F76 -> 2e-05
F78: Mean | G78: =AVERAGE(G57:G76) -> 1.3e-05 | H78: g
F80: Stdev | G80: =STDEVP(G57:G76) -> 1.8466185e-05 | H80: g
F82: S_res | G82: =(0.82*C47)/2 -> 4.1e-06 | H82: g
F84: Mt | G84: =C52+G78 -> 0.050018 | H84: g
G85: =G84 -> 0.050018
F86: Srepeat | G86: =IF(G80>G82,G80,G82) -> 1.8466185e-05
B88: UNCERTAINTY BUDGET SEBAGAI PENDUKUNG KLAIM BMC
B89: Besaran yang diukur : | C89: Massa
B90: Jenis alat yang dikalibrasi : | C90: Anak timbangan M3
B91: Standar yang digunakan : | C91: Anak timbangan F1
B92: Titik Ukur : | C92: =C45 -> 0.05 | D92: g | F92: MPE | G92: =S21 -> 0.012 | H92: mg
B93: Model matematis : Mt= Ms +dm dengan Mt= massa massa konvensional yang dikalibrasi Ms = massa standar dm= koreksi alat
B95: Komponen | C95: Satuan | D95: Distribusi | E95: U | F95: Pembagi | G95: vi | H95: ui | I95: ci | J95: uici | K95: (uici)2 | L95: (uici)4/vi
B96: 1 | C96: 2 | D96: 3 | E96: 4 | F96: 5 | G96: 6 | H96: 7 | I96: 8 | J96: 9 | K96: 10 | L96: 11
B97: Standar | C97: mg | D97: Normal | E97: =C53 -> 0.003 | F97: 2 | G97: 60 | H97: =E97/F97 -> 0.0015 | I97: 1 | J97: =H97*I97 -> 0.0015 | K97: =J97^2 -> 2.25e-06 | L97: =J97^4/G97 -> 8.4375e-14
B98: Repeatability | C98: mg | D98: Rectangular | E98: =(G86*1000)/SQRT(10) -> 0.0058395205 | F98: 1 | G98: =IF(G80>G82,9,1000) -> 9 | H98: =E98/F98 -> 0.0058395205 | I98: 1 | J98: =H98*I98 -> 0.0058395205 | K98: =J98^2 -> 3.41e-05 | L98: =J98^4/G98 -> 1.2920111e-10
B99: Rounding | C99: mg | D99: Rectangular | E99: 0.0005 | F99: =SQRT(3) -> 1.7320508 | G99: 1000 | H99: =E99/F99 -> 0.00028867513 | I99: 1 | J99: =H99*I99 -> 0.00028867513 | K99: =J99^2 -> 8.3333333e-08 | L99: =J99^4/G99 -> 6.9444444e-18
B100: Instability | C100: mg | D100: Normal | E100: =0.08*G92 -> 0.00096 | F100: 1 | G100: 4 | H100: =E100/F100 -> 0.00096 | I100: 1 | J100: =H100*I100 -> 0.00096 | K100: =J100^2 -> 9.216e-07 | L100: =J100^4/G100 -> 2.1233664e-13
B101: Buoyancy | C101: mg | D101: Rectangular | E101: =4.5*10^-9*8000*0.114*$C$92 -> 2.052e-07 | F101: 1 | G101: 1000 | H101: =E101/F101 -> 2.052e-07 | I101: 1 | J101: =H101*I101 -> 2.052e-07 | K101: =J101^2 -> 4.210704e-14 | L101: =J101^4/G101 -> 1.7730028e-30
B102: Sums | K102: =SUM(K97:K101) -> 3.7354933e-05 | L102: =SUM(L97:L101) -> 1.2949783e-10
B103: Ketidakpastian baku gabungan, uc, mg | K103: =SQRT(K102) -> 0.0061118682
B104: Dearajat kebebasan efektif, veff | K104: =(K103^4)/L102 -> 10.775401
B105: Faktor cakupan, k-student for veff and CL 95% | K105: =TINV(0.05,K104) -> 2.2281389
B106: Ketidakpastian bentangan, U = kuc, mg | K106: =K105*K103 -> 0.013618091
B107: Atau ketidakpastian bentangan, U = kuc, mg | K107: =K105*K103 -> 0.013618091
...

Sheet 0,1
A1: E2 2024 | E1: F1 (B4T 2024) | I1: M1 | M1: E2 METTLER TOLEDO 2025 | Q1: TABEL MPE OIML R111-1
A2: Nominal (g) | B2: Massa konvensional (g) | C2: U95 (mg) | E2: Nominal (g) | F2: Massa konvensional (g) | G2: U95 (mg) | I2: Identitas | J2: Massa konvensional (g) | K2: U95 (mg) | M2: Nominal (g) | N2: Massa konvensional (g) | O2: U95 (mg) | Q2: Nominal Value | R2: Class E1 | S2: Class E2 | T2: Class F1 | U2: Class F2 | V2: Class M1 | W2: Class M2 | X2: Class M3
A3: 2000 | B3: 1999.9985 | C3: 0.32 | E3: 20000 | F3: 20000.022 | G3: 13 | I3: M1 | J3: 19999.414 | K3: 45 | M3: 0.001 | N3: 0.001003 | O3: 0.002 | Q3: 50 kg | R3: 25 | S3: 75 | T3: 250 | U3: 750 | V3: 2500 | W3: 7500 | X3: 25000
A4: 1000 | B4: 1000.0005 | C4: 0.14 | E4: 10000 | F4: 10000.041 | G4: 4.6 | I4: M2 | J4: 19999.234 | K4: 45 | M4: 0.002 | N4: 0.002003 | O4: 0.002 | Q4: 20 kg | R4: 10 | S4: 30 | T4: 100 | U4: 300 | V4: 1000 | W4: 3000 | X4: 10000
A5: 500 | B5: 500.00001 | C5: 0.08 | E5: 5000 | F5: 5000.005 | G5: 8 | I5: M3 | J5: 19999.627 | K5: 45 | M5: 0,002t | N5: 0.002001 | O5: 0.002 | Q5: 10 kg | R5: 5 | S5: 15 | T5: 50 | U5: 150 | V5: 500 | W5: 1500 | X5: 5000
A6: 200 | B6: 200.00001 | C6: 0.04 | E6: 2000* | F6: 1999.999 | G6: 3 | I6: M4 | J6: 20000.346 | K6: 45 | M6: 0.005 | N6: 0.005004 | O6: 0.002 | Q6: 5 kg | R6: 2.5 | S6: 7.5 | T6: 25 | U6: 75 | V6: 250 | W6: 750 | X6: 2500
A7: 200* | B7: 200.00005 | C7: 0.04 | E7: 2000 | F7: 1999.996 | G7: 3 | I7: M5 | J7: 20000.124 | K7: 45 | M7: 0.01 | N7: 0.010002 | O7: 0.003 | Q7: 2 kg | R7: 1 | S7: 3 | T7: 10 | U7: 30 | V7: 100 | W7: 300 | X7: 1000
A8: 100 | B8: 100.00008 | C8: 0.03 | E8: 1000 | F8: 1000.001 | G8: 1.7 | I8: M6 | J8: 20000.154 | K8: 45 | M8: 0.02 | N8: 0.020003 | O8: 0.003 | Q8: 1 kg | R8: 0.5 | S8: 1.5 | T8: 5 | U8: 15 | V8: 50 | W8: 150 | X8: 500
A9: 50 | B9: 50.00002 | C9: 0.02 | E9: 500 | F9: 500 | G9: 1.1 | I9: M7 | J9: 19999.125 | K9: 45 | M9: 0,02t | N9: 0.020005 | O9: 0.003 | Q9: 500 g | R9: 0.25 | S9: 0.75 | T9: 2.5 | U9: 7.5 | V9: 25 | W9: 75 | X9: 250
A10: 20 | B10: 19.999978 | C10: 0.009 | E10: 200 | F10: 199.99953 | G10: 0.3 | I10: M8 | J10: 19999.806 | K10: 45 | M10: 0.05 | N10: 0.050005 | O10: 0.003 | Q10: 200 g | R10: 0.01 | S10: 0.3 | T10: 1 | U10: 3 | V10: 10 | W10: 30 | X10: 100
A11: 20* | B11: 19.999977 | C11: 0.009 | E11: 200* | F11: 199.99873 | G11: 0.3 | I11: M9 | J11: 20000.237 | K11: 45 | M11: 0.1 | N11: 0.100008 | O11: 0.003 | Q11: 100 g | R11: 0.05 | S11: 0.15 | T11: 0.5 | U11: 1.5 | V11: 5 | W11: 15 | X11: 50
A12: 10 | B12: 9.999976 | C12: 0.008 | E12: 100 | F12: 99.99961 | G12: 0.16 | I12: M10 | J12: 19999.832 | K12: 45 | M12: 0.2 | N12: 0.200009 | O12: 0.005 | Q12: 50 g | R12: 0.03 | S12: 0.1 | T12: 0.3 | U12: 1 | V12: 3 | W12: 10 | X12: 30
A13: 5 | B13: 5.000006 | C13: 0.007 | E13: 50 | F13: 49.99956 | G13: 0.1 | I13: M11 | J13: 19999.934 | K13: 45 | M13: 0,2t | N13: 0.200002 | O13: 0.005 | Q13: 20 g | R13: 0.025 | S13: 0.08 | T13: 0.25 | U13: 0.8 | V13: 2.5 | W13: 8 | X13: 25
A14: 2 | B14: 2.000013 | C14: 0.005 | E14: 20 | F14: 20.00001 | G14: 0.08 | I14: M12 | J14: 19999.845 | K14: 45 | M14: 0.5 | N14: 0.500006 | O14: 0.006 | Q14: 10 g | R14: 0.02 | S14: 0.06 | T14: 0.2 | U14: 0.6 | V14: 2 | W14: 6 | X14: 20
A15: 2* | B15: 2.000015 | C15: 0.005 | E15: 20* | F15: 20.00004 | G15: 0.08 | I15: M13 | J15: 20000.802 | K15: 45 | M15: 1 | N15: 1.000016 | O15: 0.007 | Q15: 5 g | R15: 0.015 | S15: 0.05 | T15: 0.15 | U15: 0.5 | V15: 1.5 | W15: 5 | X15: 15
A16: 1 | B16: 0.999997 | C16: 0.005 | E16: 10 | F16: 10.00001 | G16: 0.06 | I16: M14 | J16: 19999.575 | K16: 45 | M16: 2 | N16: 1.999992 | O16: 0.009 | Q16: 2 g | R16: 0.012 | S16: 0.04 | T16: 0.12 | U16: 0.4 | V16: 1.2 | W16: 4 | X16: 12
A17: 0.5 | B17: 0.500018 | C17: 0.004 | E17: 5 | F17: 4.99994 | G17: 0.05 | I17: M15 | J17: 20000.329 | K17: 45 | M17: 2t | N17: 1.999991 | O17: 0.009 | Q17: 1 g | R17: 0.01 | S17: 0.03 | T17: 0.1 | U17: 0.3 | V17: 1 | W17: 3 | X17: 10
A18: 0.2 | B18: 0.200013 | C18: 0.003 | E18: 2 | F18: 2 | G18: 0.04 | I18: M16 | J18: 20000.932 | K18: 45 | M18: 5 | N18: 0.500006 | O18: 0.011 | Q18: 500 mg | R18: 0.008 | S18: 0.025 | T18: 0.08 | U18: 0.25 | V18: 0.8 | W18: 2.5 | X18: -
A19: 0.2* | B19: 0.200015 | C19: 0.003 | E19: 2* | F19: 1.99998 | G19: 0.04 | I19: 20LZ1 | J19: 20001.683 | K19: 45 | M19: 10 | N19: 10.000033 | O19: 0.014 | Q19: 200 mg | R19: 0.006 | S19: 0.02 | T19: 0.06 | U19: 0.2 | V19: 0.6 | W19: 2 | X19: -
A20: 0.1 | B20: 0.100003 | C20: 0.002 | E20: 1 | F20: 1 | G20: 0.03 | I20: 10LZ1 | J20: 10001.617 | K20: 26 | M20: 20 | N20: 20.000035 | O20: 0.018 | Q20: 100 mg | R20: 0.005 | S20: 0.015 | T20: 0.05 | U20: 0.15 | V20: 0.5 | W20: 1.5 | X20: -
I21: 5A | J21: 4998.996 | K21: 5.7 | M21: 20t | N21: 20.000038 | O21: 0.018 | Q21: 50 mg | R21: 0.004 | S21: 0.012 | T21: 0.04 | U21: 0.12 | V21: 0.4 | W21: - | X21: -
I22: 10A | J22: 9999.566 | K22: 26 | M22: 50 | N22: 50.00002 | O22: 0.03 | Q22: 20 mg | R22: 0.003 | S22: 0.01 | T22: 0.03 | U22: 0.1 | V22: 0.3 | W22: - | X22: -
B23: ISI DATA | I23: A | J23: 19999.312 | K23: 45 | M23: 100 | N23: 100.00029 | O23: 0.05 | Q23: 10 mg | R23: 0.002 | S23: 0.008 | T23: 0.025 | U23: 0.08 | V23: 0.25 | W23: - | X23: -
B24: Deskripsi | C24: Isi | D24: Satuan | I24: B | J24: 19999.19 | K24: 45 | M24: 200 | N24: 200.00025 | O24: 0.08 | Q24: 5 mg | R24: 0.002 | S24: 0.006 | T24: 0.02 | U24: 0.06 | V24: 0.2 | W24: - | X24: -
B25: No Order | C25: K519-1 | I25: C | J25: 19999.069 | K25: 45 | M25: 200t | N25: 200.00025 | O25: 0.08 | Q25: 2 mg | R25: 0.002 | S25: 0.006 | T25: 0.02 | U25: 0.06 | V25: 0.2 | W25: - | X25: -
B26: Pemilik Alat | C26: PT. XXXXXX | I26: D | J26: 19999.282 | K26: 45 | M26: 500 | N26: 500.00075 | O26: 0.16 | Q26: 1 mg | R26: 0.002 | S26: 0.006 | T26: 0.02 | U26: 0.06 | V26: 0.2 | W26: - | X26: -
B27: Alamat Pemilik Alat | C27: Jalan, Desa, Kecamatan, Kabupaten, Provinsi | I27: E | J27: 19999.268 | K27: 45 | M27: 1000 | N27: 1000.0009 | O27: 0.16
B28: Lokasi Alat | C28: Lab massa BBLM | I28: F | J28: 19999.33 | K28: 45
B29: Nama Alat | C29: Anak timbangan | I29: G | J29: 19999.21 | K29: 45
B30: Merk | C30: - | I30: H | J30: 20000.486 | K30: 45
B31: Tipe | C31: F1 | I31: I | J31: 19999.254 | K31: 45
B32: No Seri | C32: 124918
B33: No. Identifikasi | C33: -
B34: Temperatur Awal | C34: 20.1 | D34: °C
B35: Temperatur Akhir | C35: 20.1 | D35: °C
B36: Temperatur rata2 | C36: =AVERAGE(C34,C35) -> 20.1 | D36: °C
B37: Kelembaban Awal | C37: 60 | D37: %RH
B38: Kelembaban Akhir | C38: 60 | D38: %RH
B39: Kelembapan rata2 | C39: =AVERAGE(C37,C38) -> 60 | D39: %RH
B40: Tekanan awal | C40: 922 | D40: hPa | E40: =C40*H40 -> 691.55901 | F40: mmHg | G40: 1 hPa | H40: 0.750064 | I40: mmHg
B41: Tekanan akhir | C41: 922 | D41: hPa | E41: =C41*H41 -> 691.55901 | F41: mmHg | G41: 1 hPa | H41: 0.750064 | I41: mmHg
B42: Tekanan rata2 | C42: =AVERAGE(C40:C41) -> 922 | D42: hPa | E42: =C42*H42 -> 691.55901 | F42: mmHg | G42: 1 hPa | H42: 0.750064 | I42: mmHg
B43: Tanggal Terima | C43: 22 September 2025 | E43: Tanggal ditulis dengan format text
B44: Tanggal Kalibrasi | C44: 22 September 2025 | E44: Tanggal ditulis dengan format text
B45: Titik Ukur | C45: 0.1 | D45: g
B46: Mass Comp
B47: Resolusi | C47: 1e-05 | D47: g
B48: No. Seri Mass comp | C48: 90803270
B49: Kalibrator | C49: E2 METTLER TOLEDO | E49: `
B50: Merk Kalibrator | C50: Mettler Toledo
B51: No Seri | C51: 158856
B52: Massa standard | C52: =N11 -> 0.100008 | D52: g
B53: U95 standard | C53: =O11 -> 0.003 | D53: mg
B55: X1 | C55: X2 | D55: X3 | E55: X4 | F55: X5 | G55: dm
B56: ( g ) | C56: ( g ) | D56: ( g ) | E56: ( g ) | F56: ( g ) | G56: g
A57: r1 | B57: 0.1
A58: t1 | B58: 0.1 | G58: =B58-B57 -> 0
A59: t2 | B59: 0.10001
A60: r2 | B60: 0.10001 | G60: =B59-B60 -> 0
A61: r3 | C61: 0.1
A62: t3 | C62: 0.10002 | G62: =C62-C61 -> 2e-05
A63: t4 | C63: 0.10001
A64: r4 | C64: 0.09999 | G64: =C63-C64 -> 2e-05
A65: r5 | D65: 0.1
A66: t5 | D66: 0.10002 | G66: =D66-D65 -> 2e-05
A67: t6 | D67: 0.10004
A68: r6 | D68: 0.10001 | G68: =D67-D68 -> 3e-05
A69: r7 | E69: 0.10001
A70: t7 | E70: 0.10002 | G70: =E70-E69 -> 1e-05
A71: t8 | E71: 0.10001
A72: r8 | E72: 0.1 | G72: =E71-E72 -> 1e-05
A73: r9 | F73: 0.1
A74: t9 | F74: 0.10004 | G74: =F74-F73 -> 4e-05
A75: t10 | F75: 0.10001
A76: r10 | F76: 0.1 | G76: =F75-F76 -> 1e-05
F78: Mean | G78: =AVERAGE(G57:G76) -> 1.6e-05 | H78: g
F80: Stdev | G80: =STDEVP(G57:G76) -> 1.2e-05 | H80: g
F82: S_res | G82: =(0.82*C47)/2 -> 4.1e-06 | H82: g
F84: Mt | G84: =C52+G78 -> 0.100024 | H84: g
G85: =G84 -> 0.100024
F86: Srepeat | G86: =IF(G80>G82,G80,G82) -> 1.2e-05
B88: UNCERTAINTY BUDGET SEBAGAI PENDUKUNG KLAIM BMC
B89: Besaran yang diukur : | C89: Massa
B90: Jenis alat yang dikalibrasi : | C90: Anak timbangan M3
B91: Standar yang digunakan : | C91: Anak timbangan F1
B92: Titik Ukur : | C92: =C45 -> 0.1 | D92: g | F92: MPE 0,1 | G92: =S20 -> 0.015 | H92: mg
B93: Model matematis : Mt= Ms +dm dengan Mt= massa massa konvensional yang dikalibrasi Ms = massa standar dm= koreksi alat
B95: Komponen | C95: Satuan | D95: Distribusi | E95: U | F95: Pembagi | G95: vi | H95: ui | I95: ci | J95: uici | K95: (uici)2 | L95: (uici)4/vi
B96: 1 | C96: 2 | D96: 3 | E96: 4 | F96: 5 | G96: 6 | H96: 7 | I96: 8 | J96: 9 | K96: 10 | L96: 11
B97: Standar | C97: mg | D97: Normal | E97: =C53 -> 0.003 | F97: 2 | G97: 60 | H97: =E97/F97 -> 0.0015 | I97: 1 | J97: =H97*I97 -> 0.0015 | K97: =J97^2 -> 2.25e-06 | L97: =J97^4/G97 -> 8.4375e-14
B98: Repeatability | C98: mg | D98: Rectangular | E98: =(G86*1000)/SQRT(10) -> 0.0037947332 | F98: 1 | G98: =IF(G80>G82,9,1000) -> 9 | H98: =E98/F98 -> 0.0037947332 | I98: 1 | J98: =H98*I98 -> 0.0037947332 | K98: =J98^2 -> 1.44e-05 | L98: =J98^4/G98 -> 2.304e-11
B99: Rounding | C99: mg | D99: Rectangular | E99: 5e-05 | F99: =SQRT(3) -> 1.7320508 | G99: 1000 | H99: =E99/F99 -> 2.8867513e-05 | I99: 1 | J99: =H99*I99 -> 2.8867513e-05 | K99: =J99^2 -> 8.3333333e-10 | L99: =J99^4/G99 -> 6.9444444e-22
B100: Instability | C100: mg | D100: Normal | E100: =0.08*G92 -> 0.0012 | F100: 1 | G100: 4 | H100: =E100/F100 -> 0.0012 | I100: 1 | J100: =H100*I100 -> 0.0012 | K100: =J100^2 -> 1.44e-06 | L100: =J100^4/G100 -> 5.184e-13
B101: Buoyancy | C101: mg | D101: Rectangular | E101: =4.5*10^-9*8000*0.114*$C$92 -> 4.104e-07 | F101: 1 | G101: 1000 | H101: =E101/F101 -> 4.104e-07 | I101: 1 | J101: =H101*I101 -> 4.104e-07 | K101: =J101^2 -> 1.6842816e-13 | L101: =J101^4/G101 -> 2.8368045e-29
B102: Sums | K102: =SUM(K97:K101) -> 1.8090834e-05 | L102: =SUM(L97:L101) -> 2.3642775e-11
B103: Ketidakpastian baku gabungan, uc, mg | K103: =SQRT(K102) -> 0.004253332
B104: Dearajat kebebasan efektif, veff | K104: =(K103^4)/L102 -> 13.842633
B105: Faktor cakupan, k-student for veff and CL 95% | K105: =TINV(0.05,K104) -> 2.1603687
B106: Ketidakpastian bentangan, U = kuc, mg | K106: =K105*K103 -> 0.0091887652
B107: Atau ketidakpastian bentangan, U = kuc, mg | K107: =K105*K103 -> 0.0091887652
...

Sheet 0,2
A1: E2 2024 | E1: F1 (B4T 2024) | I1: M1 | M1: E2 METTLER TOLEDO 2025 | Q1: TABEL MPE OIML R111-1
A2: Nominal (g) | B2: Massa konvensional (g) | C2: U95 (mg) | E2: Nominal (g) | F2: Massa konvensional (g) | G2: U95 (mg) | I2: Identitas | J2: Massa konvensional (g) | K2: U95 (mg) | M2: Nominal (g) | N2: Massa konvensional (g) | O2: U95 (mg) | Q2: Nominal Value | R2: Class E1 | S2: Class E2 | T2: Class F1 | U2: Class F2 | V2: Class M1 | W2: Class M2 | X2: Class M3
A3: 2000 | B3: 1999.9985 | C3: 0.32 | E3: 20000 | F3: 20000.022 | G3: 13 | I3: M1 | J3: 19999.414 | K3: 45 | M3: 0.001 | N3: 0.001003 | O3: 0.002 | Q3: 50 kg | R3: 25 | S3: 75 | T3: 250 | U3: 750 | V3: 2500 | W3: 7500 | X3: 25000
A4: 1000 | B4: 1000.0005 | C4: 0.14 | E4: 10000 | F4: 10000.041 | G4: 4.6 | I4: M2 | J4: 19999.234 | K4: 45 | M4: 0.002 | N4: 0.002003 | O4: 0.002 | Q4: 20 kg | R4: 10 | S4: 30 | T4: 100 | U4: 300 | V4: 1000 | W4: 3000 | X4: 10000
A5: 500 | B5: 500.00001 | C5: 0.08 | E5: 5000 | F5: 5000.005 | G5: 8 | I5: M3 | J5: 19999.627 | K5: 45 | M5: 0,002t | N5: 0.002001 | O5: 0.002 | Q5: 10 kg | R5: 5 | S5: 15 | T5: 50 | U5: 150 | V5: 500 | W5: 1500 | X5: 5000
A6: 200 | B6: 200.00001 | C6: 0.04 | E6: 2000* | F6: 1999.999 | G6: 3 | I6: M4 | J6: 20000.346 | K6: 45 | M6: 0.005 | N6: 0.005004 | O6: 0.002 | Q6: 5 kg | R6: 2.5 | S6: 7.5 | T6: 25 | U6: 75 | V6: 250 | W6: 750 | X6: 2500
A7: 200* | B7: 200.00005 | C7: 0.04 | E7: 2000 | F7: 1999.996 | G7: 3 | I7: M5 | J7: 20000.124 | K7: 45 | M7: 0.01 | N7: 0.010002 | O7: 0.003 | Q7: 2 kg | R7: 1 | S7: 3 | T7: 10 | U7: 30 | V7: 100 | W7: 300 | X7: 1000
A8: 100 | B8: 100.00008 | C8: 0.03 | E8: 1000 | F8: 1000.001 | G8: 1.7 | I8: M6 | J8: 20000.154 | K8: 45 | M8: 0.02 | N8: 0.020003 | O8: 0.003 | Q8: 1 kg | R8: 0.5 | S8: 1.5 | T8: 5 | U8: 15 | V8: 50 | W8: 150 | X8: 500
A9: 50 | B9: 50.00002 | C9: 0.02 | E9: 500 | F9: 500 | G9: 1.1 | I9: M7 | J9: 19999.125 | K9: 45 | M9: 0,02t | N9: 0.020005 | O9: 0.003 | Q9: 500 g | R9: 0.25 | S9: 0.75 | T9: 2.5 | U9: 7.5 | V9: 25 | W9: 75 | X9: 250
A10: 20 | B10: 19.999978 | C10: 0.009 | E10: 200 | F10: 199.99953 | G10: 0.3 | I10: M8 | J10: 19999.806 | K10: 45 | M10: 0.05 | N10: 0.050005 | O10: 0.003 | Q10: 200 g | R10: 0.01 | S10: 0.3 | T10: 1 | U10: 3 | V10: 10 | W10: 30 | X10: 100
A11: 20* | B11: 19.999977 | C11: 0.009 | E11: 200* | F11: 199.99873 | G11: 0.3 | I11: M9 | J11: 20000.237 | K11: 45 | M11: 0.1 | N11: 0.100008 | O11: 0.003 | Q11: 100 g | R11: 0.05 | S11: 0.15 | T11: 0.5 | U11: 1.5 | V11: 5 | W11: 15 | X11: 50
A12: 10 | B12: 9.999976 | C12: 0.008 | E12: 100 | F12: 99.99961 | G12: 0.16 | I12: M10 | J12: 19999.832 | K12: 45 | M12: 0.2 | N12: 0.200009 | O12: 0.005 | Q12: 50 g | R12: 0.03 | S12: 0.1 | T12: 0.3 | U12: 1 | V12: 3 | W12: 10 | X12: 30
A13: 5 | B13: 5.000006 | C13: 0.007 | E13: 50 | F13: 49.99956 | G13: 0.1 | I13: M11 | J13: 19999.934 | K13: 45 | M13: 0,2t | N13: 0.200002 | O13: 0.005 | Q13: 20 g | R13: 0.025 | S13: 0.08 | T13: 0.25 | U13: 0.8 | V13: 2.5 | W13: 8 | X13: 25
A14: 2 | B14: 2.000013 | C14: 0.005 | E14: 20 | F14: 20.00001 | G14: 0.08 | I14: M12 | J14: 19999.845 | K14: 45 | M14: 0.5 | N14: 0.500006 | O14: 0.006 | Q14: 10 g | R14: 0.02 | S14: 0.06 | T14: 0.2 | U14: 0.6 | V14: 2 | W14: 6 | X14: 20
A15: 2* | B15: 2.000015 | C15: 0.005 | E15: 20* | F15: 20.00004 | G15: 0.08 | I15: M13 | J15: 20000.802 | K15: 45 | M15: 1 | N15: 1.000016 | O15: 0.007 | Q15: 5 g | R15: 0.015 | S15: 0.05 | T15: 0.15 | U15: 0.5 | V15: 1.5 | W15: 5 | X15: 15
A16: 1 | B16: 0.999997 | C16: 0.005 | E16: 10 | F16: 10.00001 | G16: 0.06 | I16: M14 | J16: 19999.575 | K16: 45 | M16: 2 | N16: 1.999992 | O16: 0.009 | Q16: 2 g | R16: 0.012 | S16: 0.04 | T16: 0.12 | U16: 0.4 | V16: 1.2 | W16: 4 | X16: 12
A17: 0.5 | B17: 0.500018 | C17: 0.004 | E17: 5 | F17: 4.99994 | G17: 0.05 | I17: M15 | J17: 20000.329 | K17: 45 | M17: 2t | N17: 1.999991 | O17: 0.009 | Q17: 1 g | R17: 0.01 | S17: 0.03 | T17: 0.1 | U17: 0.3 | V17: 1 | W17: 3 | X17: 10
A18: 0.2 | B18: 0.200013 | C18: 0.003 | E18: 2 | F18: 2 | G18: 0.04 | I18: M16 | J18: 20000.932 | K18: 45 | M18: 5 | N18: 0.500006 | O18: 0.011 | Q18: 500 mg | R18: 0.008 | S18: 0.025 | T18: 0.08 | U18: 0.25 | V18: 0.8 | W18: 2.5 | X18: -
A19: 0.2* | B19: 0.200015 | C19: 0.003 | E19: 2* | F19: 1.99998 | G19: 0.04 | I19: 20LZ1 | J19: 20001.683 | K19: 45 | M19: 10 | N19: 10.000033 | O19: 0.014 | Q19: 200 mg | R19: 0.006 | S19: 0.02 | T19: 0.06 | U19: 0.2 | V19: 0.6 | W19: 2 | X19: -
A20: 0.1 | B20: 0.100003 | C20: 0.002 | E20: 1 | F20: 1 | G20: 0.03 | I20: 10LZ1 | J20: 10001.617 | K20: 26 | M20: 20 | N20: 20.000035 | O20: 0.018 | Q20: 100 mg | R20: 0.005 | S20: 0.015 | T20: 0.05 | U20: 0.15 | V20: 0.5 | W20: 1.5 | X20: -
I21: 5A | J21: 4998.996 | K21: 5.7 | M21: 20t | N21: 20.000038 | O21: 0.018 | Q21: 50 mg | R21: 0.004 | S21: 0.012 | T21: 0.04 | U21: 0.12 | V21: 0.4 | W21: - | X21: -
I22: 10A | J22: 9999.566 | K22: 26 | M22: 50 | N22: 50.00002 | O22: 0.03 | Q22: 20 mg | R22: 0.003 | S22: 0.01 | T22: 0.03 | U22: 0.1 | V22: 0.3 | W22: - | X22: -
B23: ISI DATA | I23: A | J23: 19999.312 | K23: 45 | M23: 100 | N23: 100.00029 | O23: 0.05 | Q23: 10 mg | R23: 0.002 | S23: 0.008 | T23: 0.025 | U23: 0.08 | V23: 0.25 | W23: - | X23: -
B24: Deskripsi | C24: Isi | D24: Satuan | I24: B | J24: 19999.19 | K24: 45 | M24: 200 | N24: 200.00025 | O24: 0.08 | Q24: 5 mg | R24: 0.002 | S24: 0.006 | T24: 0.02 | U24: 0.06 | V24: 0.2 | W24: - | X24: -
B25: No Order | C25: K519-1 | I25: C | J25: 19999.069 | K25: 45 | M25: 200t | N25: 200.00025 | O25: 0.08 | Q25: 2 mg | R25: 0.002 | S25: 0.006 | T25: 0.02 | U25: 0.06 | V25: 0.2 | W25: - | X25: -
B26: Pemilik Alat | C26: PT. XXXXXX | I26: D | J26: 19999.282 | K26: 45 | M26: 500 | N26: 500.00075 | O26: 0.16 | Q26: 1 mg | R26: 0.002 | S26: 0.006 | T26: 0.02 | U26: 0.06 | V26: 0.2 | W26: - | X26: -
B27: Alamat Pemilik Alat | C27: Jalan, Desa, Kecamatan, Kabupaten, Provinsi | I27: E | J27: 19999.268 | K27: 45 | M27: 1000 | N27: 1000.0009 | O27: 0.16
B28: Lokasi Alat | C28: Lab massa BBLM | I28: F | J28: 19999.33 | K28: 45
B29: Nama Alat | C29: Anak timbangan | I29: G | J29: 19999.21 | K29: 45
B30: Merk | C30: - | I30: H | J30: 20000.486 | K30: 45
B31: Tipe | C31: F1 | I31: I | J31: 19999.254 | K31: 45
B32: No Seri | C32: 124918
B33: No. Identifikasi | C33: -
B34: Temperatur Awal | C34: 20.1 | D34: °C
B35: Temperatur Akhir | C35: 20.1 | D35: °C
B36: Temperatur rata2 | C36: =AVERAGE(C34,C35) -> 20.1 | D36: °C
B37: Kelembaban Awal | C37: 60 | D37: %RH
B38: Kelembaban Akhir | C38: 60 | D38: %RH
B39: Kelembapan rata2 | C39: =AVERAGE(C37,C38) -> 60 | D39: %RH
B40: Tekanan awal | C40: 922 | D40: hPa | E40: =C40*H40 -> 691.55901 | F40: mmHg | G40: 1 hPa | H40: 0.750064 | I40: mmHg
B41: Tekanan akhir | C41: 922 | D41: hPa | E41: =C41*H41 -> 691.55901 | F41: mmHg | G41: 1 hPa | H41: 0.750064 | I41: mmHg
B42: Tekanan rata2 | C42: =AVERAGE(C40:C41) -> 922 | D42: hPa | E42: =C42*H42 -> 691.55901 | F42: mmHg | G42: 1 hPa | H42: 0.750064 | I42: mmHg
B43: Tanggal Terima | C43: 22 September 2025 | E43: Tanggal ditulis dengan format text
B44: Tanggal Kalibrasi | C44: 22 September 2025 | E44: Tanggal ditulis dengan format text
B45: Titik Ukur | C45: 0.2 | D45: g
B46: Mass Comp
B47: Resolusi | C47: 2e-05 | D47: g
B48: No. Seri Mass comp | C48: 90803270
B49: Kalibrator | C49: E2 METTLER TOLEDO | E49: `
B50: Merk Kalibrator | C50: Mettler Toledo
B51: No Seri | C51: 158856
B52: Massa standard | C52: =N12 -> 0.200009 | D52: g
B53: U95 standard | C53: =O12 -> 0.005 | D53: mg
B55: X1 | C55: X2 | D55: X3 | E55: X4 | F55: X5 | G55: dm
B56: ( g ) | C56: ( g ) | D56: ( g ) | E56: ( g ) | F56: ( g ) | G56: g
A57: r1 | B57: 0.20002
A58: t1 | B58: 0.20003 | G58: =B58-B57 -> 1e-05
A59: t2 | B59: 0.20003
A60: r2 | B60: 0.2 | G60: =B59-B60 -> 3e-05
A61: r3 | C61: 0.20001
A62: t3 | C62: 0.20002 | G62: =C62-C61 -> 1e-05
A63: t4 | C63: 0.20002
A64: r4 | C64: 0.2 | G64: =C63-C64 -> 2e-05
A65: r5 | D65: 0.19999
A66: t5 | D66: 0.2 | G66: =D66-D65 -> 1e-05
A67: t6 | D67: 0.20003
A68: r6 | D68: 0.2 | G68: =D67-D68 -> 3e-05
A69: r7 | E69: 0.19998
A70: t7 | E70: 0.20002 | G70: =E70-E69 -> 4e-05
A71: t8 | E71: 0.20001
A72: r8 | E72: 0.2 | G72: =E71-E72 -> 1e-05
A73: r9 | F73: 0.2
A74: t9 | F74: 0.20002 | G74: =F74-F73 -> 2e-05
A75: t10 | F75: 0.20003
A76: r10 | F76: 0.20001 | G76: =F75-F76 -> 2e-05
F78: Mean | G78: =AVERAGE(G57:G76) -> 2e-05 | H78: g
F80: Stdev | G80: =STDEVP(G57:G76) -> 1e-05 | H80: g
F82: S_res | G82: =(0.82*C47)/2 -> 8.2e-06 | H82: g
F84: Mt | G84: =C52+G78 -> 0.200029 | H84: g
G85: =G84 -> 0.200029
F86: Srepeat | G86: =IF(G80>G82,G80,G82) -> 1e-05
B88: UNCERTAINTY BUDGET SEBAGAI PENDUKUNG KLAIM BMC
B89: Besaran yang diukur : | C89: Massa
B90: Jenis alat yang dikalibrasi : | C90: Anak timbangan M3
B91: Standar yang digunakan : | C91: Anak timbangan F1
B92: Titik Ukur : | C92: =C45 -> 0.2 | D92: g | F92: MPE 0,2 | G92: =S19 -> 0.02 | H92: mg
B93: Model matematis : Mt= Ms +dm dengan Mt= massa massa konvensional yang dikalibrasi Ms = massa standar dm= koreksi alat
B95: Komponen | C95: Satuan | D95: Distribusi | E95: U | F95: Pembagi | G95: vi | H95: ui | I95: ci | J95: uici | K95: (uici)2 | L95: (uici)4/vi
B96: 1 | C96: 2 | D96: 3 | E96: 4 | F96: 5 | G96: 6 | H96: 7 | I96: 8 | J96: 9 | K96: 10 | L96: 11
B97: Standar | C97: mg | D97: Normal | E97: =C53 -> 0.005 | F97: 2 | G97: 60 | H97: =E97/F97 -> 0.0025 | I97: 1 | J97: =H97*I97 -> 0.0025 | K97: =J97^2 -> 6.25e-06 | L97: =J97^4/G97 -> 6.5104167e-13
B98: Repeatability | C98: mg | D98: Rectangular | E98: =(G86*1000)/SQRT(10) -> 0.0031622777 | F98: 1 | G98: =IF(G80>G82,9,1000) -> 9 | H98: =E98/F98 -> 0.0031622777 | I98: 1 | J98: =H98*I98 -> 0.0031622777 | K98: =J98^2 -> 1e-05 | L98: =J98^4/G98 -> 1.1111111e-11
B99: Rounding | C99: mg | D99: Rectangular | E99: 5e-05 | F99: =SQRT(3) -> 1.7320508 | G99: 1000 | H99: =E99/F99 -> 2.8867513e-05 | I99: 1 | J99: =H99*I99 -> 2.8867513e-05 | K99: =J99^2 -> 8.3333333e-10 | L99: =J99^4/G99 -> 6.9444444e-22
B100: Instability | C100: mg | D100: Normal | E100: =0.08*G92 -> 0.0016 | F100: 1 | G100: 4 | H100: =E100/F100 -> 0.0016 | I100: 1 | J100: =H100*I100 -> 0.0016 | K100: =J100^2 -> 2.56e-06 | L100: =J100^4/G100 -> 1.6384e-12
B101: Buoyancy | C101: mg | D101: Rectangular | E101: =4.5*10^-9*8000*0.114*$C$92 -> 8.208e-07 | F101: 1 | G101: 1000 | H101: =E101/F101 -> 8.208e-07 | I101: 1 | J101: =H101*I101 -> 8.208e-07 | K101: =J101^2 -> 6.7371264e-13 | L101: =J101^4/G101 -> 4.5388872e-28
B102: Sums | K102: =SUM(K97:K101) -> 1.8810834e-05 | L102: =SUM(L97:L101) -> 1.3400553e-11
B103: Ketidakpastian baku gabungan, uc, mg | K103: =SQRT(K102) -> 0.0043371458
B104: Dearajat kebebasan efektif, veff | K104: =(K103^4)/L102 -> 26.405439
B105: Faktor cakupan, k-student for veff and CL 95% | K105: =TINV(0.05,K104) -> 2.0555294
B106: Ketidakpastian bentangan, U = kuc, mg | K106: =K105*K103 -> 0.0089151309
B107: Atau ketidakpastian bentangan, U = kuc, mg | K107: =K105*K103 -> 0.0089151309
...

Sheet 0,2t
A1: E2 2024 | E1: F1 (B4T 2024) | I1: M1 | M1: E2 METTLER TOLEDO 2025 | Q1: TABEL MPE OIML R111-1
A2: Nominal (g) | B2: Massa konvensional (g) | C2: U95 (mg) | E2: Nominal (g) | F2: Massa konvensional (g) | G2: U95 (mg) | I2: Identitas | J2: Massa konvensional (g) | K2: U95 (mg) | M2: Nominal (g) | N2: Massa konvensional (g) | O2: U95 (mg) | Q2: Nominal Value | R2: Class E1 | S2: Class E2 | T2: Class F1 | U2: Class F2 | V2: Class M1 | W2: Class M2 | X2: Class M3
A3: 2000 | B3: 1999.9985 | C3: 0.32 | E3: 20000 | F3: 20000.022 | G3: 13 | I3: M1 | J3: 19999.414 | K3: 45 | M3: 0.001 | N3: 0.001003 | O3: 0.002 | Q3: 50 kg | R3: 25 | S3: 75 | T3: 250 | U3: 750 | V3: 2500 | W3: 7500 | X3: 25000
A4: 1000 | B4: 1000.0005 | C4: 0.14 | E4: 10000 | F4: 10000.041 | G4: 4.6 | I4: M2 | J4: 19999.234 | K4: 45 | M4: 0.002 | N4: 0.002003 | O4: 0.002 | Q4: 20 kg | R4: 10 | S4: 30 | T4: 100 | U4: 300 | V4: 1000 | W4: 3000 | X4: 10000
A5: 500 | B5: 500.00001 | C5: 0.08 | E5: 5000 | F5: 5000.005 | G5: 8 | I5: M3 | J5: 19999.627 | K5: 45 | M5: 0,002t | N5: 0.002001 | O5: 0.002 | Q5: 10 kg | R5: 5 | S5: 15 | T5: 50 | U5: 150 | V5: 500 | W5: 1500 | X5: 5000
A6: 200 | B6: 200.00001 | C6: 0.04 | E6: 2000* | F6: 1999.999 | G6: 3 | I6: M4 | J6: 20000.346 | K6: 45 | M6: 0.005 | N6: 0.005004 | O6: 0.002 | Q6: 5 kg | R6: 2.5 | S6: 7.5 | T6: 25 | U6: 75 | V6: 250 | W6: 750 | X6: 2500
A7: 200* | B7: 200.00005 | C7: 0.04 | E7: 2000 | F7: 1999.996 | G7: 3 | I7: M5 | J7: 20000.124 | K7: 45 | M7: 0.01 | N7: 0.010002 | O7: 0.003 | Q7: 2 kg | R7: 1 | S7: 3 | T7: 10 | U7: 30 | V7: 100 | W7: 300 | X7: 1000
A8: 100 | B8: 100.00008 | C8: 0.03 | E8: 1000 | F8: 1000.001 | G8: 1.7 | I8: M6 | J8: 20000.154 | K8: 45 | M8: 0.02 | N8: 0.020003 | O8: 0.003 | Q8: 1 kg | R8: 0.5 | S8: 1.5 | T8: 5 | U8: 15 | V8: 50 | W8: 150 | X8: 500
A9: 50 | B9: 50.00002 | C9: 0.02 | E9: 500 | F9: 500 | G9: 1.1 | I9: M7 | J9: 19999.125 | K9: 45 | M9: 0,02t | N9: 0.020005 | O9: 0.003 | Q9: 500 g | R9: 0.25 | S9: 0.75 | T9: 2.5 | U9: 7.5 | V9: 25 | W9: 75 | X9: 250
A10: 20 | B10: 19.999978 | C10: 0.009 | E10: 200 | F10: 199.99953 | G10: 0.3 | I10: M8 | J10: 19999.806 | K10: 45 | M10: 0.05 | N10: 0.050005 | O10: 0.003 | Q10: 200 g | R10: 0.01 | S10: 0.3 | T10: 1 | U10: 3 | V10: 10 | W10: 30 | X10: 100
A11: 20* | B11: 19.999977 | C11: 0.009 | E11: 200* | F11: 199.99873 | G11: 0.3 | I11: M9 | J11: 20000.237 | K11: 45 | M11: 0.1 | N11: 0.100008 | O11: 0.003 | Q11: 100 g | R11: 0.05 | S11: 0.15 | T11: 0.5 | U11: 1.5 | V11: 5 | W11: 15 | X11: 50
A12: 10 | B12: 9.999976 | C12: 0.008 | E12: 100 | F12: 99.99961 | G12: 0.16 | I12: M10 | J12: 19999.832 | K12: 45 | M12: 0.2 | N12: 0.200009 | O12: 0.005 | Q12: 50 g | R12: 0.03 | S12: 0.1 | T12: 0.3 | U12: 1 | V12: 3 | W12: 10 | X12: 30
A13: 5 | B13: 5.000006 | C13: 0.007 | E13: 50 | F13: 49.99956 | G13: 0.1 | I13: M11 | J13: 19999.934 | K13: 45 | M13: 0,2t | N13: 0.200002 | O13: 0.005 | Q13: 20 g | R13: 0.025 | S13: 0.08 | T13: 0.25 | U13: 0.8 | V13: 2.5 | W13: 8 | X13: 25
A14: 2 | B14: 2.000013 | C14: 0.005 | E14: 20 | F14: 20.00001 | G14: 0.08 | I14: M12 | J14: 19999.845 | K14: 45 | M14: 0.5 | N14: 0.500006 | O14: 0.006 | Q14: 10 g | R14: 0.02 | S14: 0.06 | T14: 0.2 | U14: 0.6 | V14: 2 | W14: 6 | X14: 20
A15: 2* | B15: 2.000015 | C15: 0.005 | E15: 20* | F15: 20.00004 | G15: 0.08 | I15: M13 | J15: 20000.802 | K15: 45 | M15: 1 | N15: 1.000016 | O15: 0.007 | Q15: 5 g | R15: 0.015 | S15: 0.05 | T15: 0.15 | U15: 0.5 | V15: 1.5 | W15: 5 | X15: 15
A16: 1 | B16: 0.999997 | C16: 0.005 | E16: 10 | F16: 10.00001 | G16: 0.06 | I16: M14 | J16: 19999.575 | K16: 45 | M16: 2 | N16: 1.999992 | O16: 0.009 | Q16: 2 g | R16: 0.012 | S16: 0.04 | T16: 0.12 | U16: 0.4 | V16: 1.2 | W16: 4 | X16: 12
A17: 0.5 | B17: 0.500018 | C17: 0.004 | E17: 5 | F17: 4.99994 | G17: 0.05 | I17: M15 | J17: 20000.329 | K17: 45 | M17: 2t | N17: 1.999991 | O17: 0.009 | Q17: 1 g | R17: 0.01 | S17: 0.03 | T17: 0.1 | U17: 0.3 | V17: 1 | W17: 3 | X17: 10
A18: 0.2 | B18: 0.200013 | C18: 0.003 | E18: 2 | F18: 2 | G18: 0.04 | I18: M16 | J18: 20000.932 | K18: 45 | M18: 5 | N18: 0.500006 | O18: 0.011 | Q18: 500 mg | R18: 0.008 | S18: 0.025 | T18: 0.08 | U18: 0.25 | V18: 0.8 | W18: 2.5 | X18: -
A19: 0.2* | B19: 0.200015 | C19: 0.003 | E19: 2* | F19: 1.99998 | G19: 0.04 | I19: 20LZ1 | J19: 20001.683 | K19: 45 | M19: 10 | N19: 10.000033 | O19: 0.014 | Q19: 200 mg | R19: 0.006 | S19: 0.02 | T19: 0.06 | U19: 0.2 | V19: 0.6 | W19: 2 | X19: -
A20: 0.1 | B20: 0.100003 | C20: 0.002 | E20: 1 | F20: 1 | G20: 0.03 | I20: 10LZ1 | J20: 10001.617 | K20: 26 | M20: 20 | N20: 20.000035 | O20: 0.018 | Q20: 100 mg | R20: 0.005 | S20: 0.015 | T20: 0.05 | U20: 0.15 | V20: 0.5 | W20: 1.5 | X20: -
I21: 5A | J21: 4998.996 | K21: 5.7 | M21: 20t | N21: 20.000038 | O21: 0.018 | Q21: 50 mg | R21: 0.004 | S21: 0.012 | T21: 0.04 | U21: 0.12 | V21: 0.4 | W21: - | X21: -
I22: 10A | J22: 9999.566 | K22: 26 | M22: 50 | N22: 50.00002 | O22: 0.03 | Q22: 20 mg | R22: 0.003 | S22: 0.01 | T22: 0.03 | U22: 0.1 | V22: 0.3 | W22: - | X22: -
B23: ISI DATA | I23: A | J23: 19999.312 | K23: 45 | M23: 100 | N23: 100.00029 | O23: 0.05 | Q23: 10 mg | R23: 0.002 | S23: 0.008 | T23: 0.025 | U23: 0.08 | V23: 0.25 | W23: - | X23: -
B24: Deskripsi | C24: Isi | D24: Satuan | I24: B | J24: 19999.19 | K24: 45 | M24: 200 | N24: 200.00025 | O24: 0.08 | Q24: 5 mg | R24: 0.002 | S24: 0.006 | T24: 0.02 | U24: 0.06 | V24: 0.2 | W24: - | X24: -
B25: No Order | C25: K519-1 | I25: C | J25: 19999.069 | K25: 45 | M25: 200t | N25: 200.00025 | O25: 0.08 | Q25: 2 mg | R25: 0.002 | S25: 0.006 | T25: 0.02 | U25: 0.06 | V25: 0.2 | W25: - | X25: -
B26: Pemilik Alat | C26: PT. XXXXXX | I26: D | J26: 19999.282 | K26: 45 | M26: 500 | N26: 500.00075 | O26: 0.16 | Q26: 1 mg | R26: 0.002 | S26: 0.006 | T26: 0.02 | U26: 0.06 | V26: 0.2 | W26: - | X26: -
B27: Alamat Pemilik Alat | C27: Jalan, Desa, Kecamatan, Kabupaten, Provinsi | I27: E | J27: 19999.268 | K27: 45 | M27: 1000 | N27: 1000.0009 | O27: 0.16
B28: Lokasi Alat | C28: Lab massa BBLM | I28: F | J28: 19999.33 | K28: 45
B29: Nama Alat | C29: Anak timbangan | I29: G | J29: 19999.21 | K29: 45
B30: Merk | C30: - | I30: H | J30: 20000.486 | K30: 45
B31: Tipe | C31: F1 | I31: I | J31: 19999.254 | K31: 45
B32: No Seri | C32: 124918
B33: No. Identifikasi | C33: -
B34: Temperatur Awal | C34: 20.1 | D34: °C
B35: Temperatur Akhir | C35: 20.1 | D35: °C
B36: Temperatur rata2 | C36: =AVERAGE(C34,C35) -> 20.1 | D36: °C
B37: Kelembaban Awal | C37: 60 | D37: %RH
B38: Kelembaban Akhir | C38: 60 | D38: %RH
B39: Kelembapan rata2 | C39: =AVERAGE(C37,C38) -> 60 | D39: %RH
B40: Tekanan awal | C40: 922 | D40: hPa | E40: =C40*H40 -> 691.55901 | F40: mmHg | G40: 1 hPa | H40: 0.750064 | I40: mmHg
B41: Tekanan akhir | C41: 922 | D41: hPa | E41: =C41*H41 -> 691.55901 | F41: mmHg | G41: 1 hPa | H41: 0.750064 | I41: mmHg
B42: Tekanan rata2 | C42: =AVERAGE(C40:C41) -> 922 | D42: hPa | E42: =C42*H42 -> 691.55901 | F42: mmHg | G42: 1 hPa | H42: 0.750064 | I42: mmHg
B43: Tanggal Terima | C43: 22 September 2025 | E43: Tanggal ditulis dengan format text
B44: Tanggal Kalibrasi | C44: 22 September 2025 | E44: Tanggal ditulis dengan format text
B45: Titik Ukur | C45: 0.02 | D45: g
B46: Mass Comp
B47: Resolusi | C47: 1e-05 | D47: g
B48: No. Seri Mass comp | C48: 90803270
B49: Kalibrator | C49: E2 METTLER TOLEDO | E49: `
B50: Merk Kalibrator | C50: Mettler Toledo
B51: No Seri | C51: 158856
B52: Massa standard | C52: =N13 -> 0.200002 | D52: g
B53: U95 standard | C53: =O13 -> 0.005 | D53: mg
B55: X1 | C55: X2 | D55: X3 | E55: X4 | F55: X5 | G55: dm
B56: ( g ) | C56: ( g ) | D56: ( g ) | E56: ( g ) | F56: ( g ) | G56: g
A57: r1 | B57: 0.2
A58: t1 | B58: 0.20005 | G58: =B58-B57 -> 5e-05
A59: t2 | B59: 0.20003
A60: r2 | B60: 0.20001 | G60: =B59-B60 -> 2e-05
A61: r3 | C61: 0.2
A62: t3 | C62: 0.20003 | G62: =C62-C61 -> 3e-05
A63: t4 | C63: 0.20003
A64: r4 | C64: 0.2 | G64: =C63-C64 -> 3e-05
A65: r5 | D65: 0.2
A66: t5 | D66: 0.20004 | G66: =D66-D65 -> 4e-05
A67: t6 | D67: 0.20003
A68: r6 | D68: 0.2 | G68: =D67-D68 -> 3e-05
A69: r7 | E69: 0.2
A70: t7 | E70: 0.20004 | G70: =E70-E69 -> 4e-05
A71: t8 | E71: 0.20004
A72: r8 | E72: 0.2 | G72: =E71-E72 -> 4e-05
A73: r9 | F73: 0.20001
A74: t9 | F74: 0.20004 | G74: =F74-F73 -> 3e-05
A75: t10 | F75: 0.20002
A76: r10 | F76: 0.2 | G76: =F75-F76 -> 2e-05
F78: Mean | G78: =AVERAGE(G57:G76) -> 3.3e-05 | H78: g
F80: Stdev | G80: =STDEVP(G57:G76) -> 9e-06 | H80: g
F82: S_res | G82: =(0.82*C47)/2 -> 4.1e-06 | H82: g
F84: Mt | G84: =C52+G78 -> 0.200035 | H84: g
G85: =G84 -> 0.200035
F86: Srepeat | G86: =IF(G80>G82,G80,G82) -> 9e-06
B88: UNCERTAINTY BUDGET SEBAGAI PENDUKUNG KLAIM BMC
B89: Besaran yang diukur : | C89: Massa
B90: Jenis alat yang dikalibrasi : | C90: Anak timbangan M3
B91: Standar yang digunakan : | C91: Anak timbangan F1
B92: Titik Ukur : | C92: =C45 -> 0.02 | D92: g | F92: MPE 0,2 | G92: =S19 -> 0.02 | H92: mg
B93: Model matematis : Mt= Ms +dm dengan Mt= massa massa konvensional yang dikalibrasi Ms = massa standar dm= koreksi alat
B95: Komponen | C95: Satuan | D95: Distribusi | E95: U | F95: Pembagi | G95: vi | H95: ui | I95: ci | J95: uici | K95: (uici)2 | L95: (uici)4/vi
B96: 1 | C96: 2 | D96: 3 | E96: 4 | F96: 5 | G96: 6 | H96: 7 | I96: 8 | J96: 9 | K96: 10 | L96: 11
B97: Standar | C97: mg | D97: Normal | E97: =C53 -> 0.005 | F97: 2 | G97: 60 | H97: =E97/F97 -> 0.0025 | I97: 1 | J97: =H97*I97 -> 0.0025 | K97: =J97^2 -> 6.25e-06 | L97: =J97^4/G97 -> 6.5104167e-13
B98: Repeatability | C98: mg | D98: Rectangular | E98: =(G86*1000)/SQRT(10) -> 0.0028460499 | F98: 1 | G98: =IF(G80>G82,9,1000) -> 9 | H98: =E98/F98 -> 0.0028460499 | I98: 1 | J98: =H98*I98 -> 0.0028460499 | K98: =J98^2 -> 8.1e-06 | L98: =J98^4/G98 -> 7.29e-12
B99: Rounding | C99: mg | D99: Rectangular | E99: 5e-05 | F99: =SQRT(3) -> 1.7320508 | G99: 1000 | H99: =E99/F99 -> 2.8867513e-05 | I99: 1 | J99: =H99*I99 -> 2.8867513e-05 | K99: =J99^2 -> 8.3333333e-10 | L99: =J99^4/G99 -> 6.9444444e-22
B100: Instability | C100: mg | D100: Normal | E100: =0.08*G92 -> 0.0016 | F100: 1 | G100: 4 | H100: =E100/F100 -> 0.0016 | I100: 1 | J100: =H100*I100 -> 0.0016 | K100: =J100^2 -> 2.56e-06 | L100: =J100^4/G100 -> 1.6384e-12
B101: Buoyancy | C101: mg | D101: Rectangular | E101: =4.5*10^-9*8000*0.114*$C$92 -> 8.208e-08 | F101: 1 | G101: 1000 | H101: =E101/F101 -> 8.208e-08 | I101: 1 | J101: =H101*I101 -> 8.208e-08 | K101: =J101^2 -> 6.7371264e-15 | L101: =J101^4/G101 -> 4.5388872e-32
B102: Sums | K102: =SUM(K97:K101) -> 1.6910833e-05 | L102: =SUM(L97:L101) -> 9.5794417e-12
B103: Ketidakpastian baku gabungan, uc, mg | K103: =SQRT(K102) -> 0.0041122784
B104: Dearajat kebebasan efektif, veff | K104: =(K103^4)/L102 -> 29.853127
B105: Faktor cakupan, k-student for veff and CL 95% | K105: =TINV(0.05,K104) -> 2.0452296
B106: Ketidakpastian bentangan, U = kuc, mg | K106: =K105*K103 -> 0.0084105536
B107: Atau ketidakpastian bentangan, U = kuc, mg | K107: =K105*K103 -> 0.0084105536
...

Sheet 0,5
A1: E2 2024 | E1: F1 (B4T 2024) | I1: M1 | M1: E2 METTLER TOLEDO 2025 | Q1: TABEL MPE OIML R111-1
A2: Nominal (g) | B2: Massa konvensional (g) | C2: U95 (mg) | E2: Nominal (g) | F2: Massa konvensional (g) | G2: U95 (mg) | I2: Identitas | J2: Massa konvensional (g) | K2: U95 (mg) | M2: Nominal (g) | N2: Massa konvensional (g) | O2: U95 (mg) | Q2: Nominal Value | R2: Class E1 | S2: Class E2 | T2: Class F1 | U2: Class F2 | V2: Class M1 | W2: Class M2 | X2: Class M3
A3: 2000 | B3: 1999.9985 | C3: 0.32 | E3: 20000 | F3: 20000.022 | G3: 13 | I3: M1 | J3: 19999.414 | K3: 45 | M3: 0.001 | N3: 0.001003 | O3: 0.002 | Q3: 50 kg | R3: 25 | S3: 75 | T3: 250 | U3: 750 | V3: 2500 | W3: 7500 | X3: 25000
A4: 1000 | B4: 1000.0005 | C4: 0.14 | E4: 10000 | F4: 10000.041 | G4: 4.6 | I4: M2 | J4: 19999.234 | K4: 45 | M4: 0.002 | N4: 0.002003 | O4: 0.002 | Q4: 20 kg | R4: 10 | S4: 30 | T4: 100 | U4: 300 | V4: 1000 | W4: 3000 | X4: 10000
A5: 500 | B5: 500.00001 | C5: 0.08 | E5: 5000 | F5: 5000.005 | G5: 8 | I5: M3 | J5: 19999.627 | K5: 45 | M5: 0,002t | N5: 0.002001 | O5: 0.002 | Q5: 10 kg | R5: 5 | S5: 15 | T5: 50 | U5: 150 | V5: 500 | W5: 1500 | X5: 5000
A6: 200 | B6: 200.00001 | C6: 0.04 | E6: 2000* | F6: 1999.999 | G6: 3 | I6: M4 | J6: 20000.346 | K6: 45 | M6: 0.005 | N6: 0.005004 | O6: 0.002 | Q6: 5 kg | R6: 2.5 | S6: 7.5 | T6: 25 | U6: 75 | V6: 250 | W6: 750 | X6: 2500
A7: 200* | B7: 200.00005 | C7: 0.04 | E7: 2000 | F7: 1999.996 | G7: 3 | I7: M5 | J7: 20000.124 | K7: 45 | M7: 0.01 | N7: 0.010002 | O7: 0.003 | Q7: 2 kg | R7: 1 | S7: 3 | T7: 10 | U7: 30 | V7: 100 | W7: 300 | X7: 1000
A8: 100 | B8: 100.00008 | C8: 0.03 | E8: 1000 | F8: 1000.001 | G8: 1.7 | I8: M6 | J8: 20000.154 | K8: 45 | M8: 0.02 | N8: 0.020003 | O8: 0.003 | Q8: 1 kg | R8: 0.5 | S8: 1.5 | T8: 5 | U8: 15 | V8: 50 | W8: 150 | X8: 500
A9: 50 | B9: 50.00002 | C9: 0.02 | E9: 500 | F9: 500 | G9: 1.1 | I9: M7 | J9: 19999.125 | K9: 45 | M9: 0,02t | N9: 0.020005 | O9: 0.003 | Q9: 500 g | R9: 0.25 | S9: 0.75 | T9: 2.5 | U9: 7.5 | V9: 25 | W9: 75 | X9: 250
A10: 20 | B10: 19.999978 | C10: 0.009 | E10: 200 | F10: 199.99953 | G10: 0.3 | I10: M8 | J10: 19999.806 | K10: 45 | M10: 0.05 | N10: 0.050005 | O10: 0.003 | Q10: 200 g | R10: 0.01 | S10: 0.3 | T10: 1 | U10: 3 | V10: 10 | W10: 30 | X10: 100
A11: 20* | B11: 19.999977 | C11: 0.009 | E11: 200* | F11: 199.99873 | G11: 0.3 | I11: M9 | J11: 20000.237 | K11: 45 | M11: 0.1 | N11: 0.100008 | O11: 0.003 | Q11: 100 g | R11: 0.05 | S11: 0.15 | T11: 0.5 | U11: 1.5 | V11: 5 | W11: 15 | X11: 50
A12: 10 | B12: 9.999976 | C12: 0.008 | E12: 100 | F12: 99.99961 | G12: 0.16 | I12: M10 | J12: 19999.832 | K12: 45 | M12: 0.2 | N12: 0.200009 | O12: 0.005 | Q12: 50 g | R12: 0.03 | S12: 0.1 | T12: 0.3 | U12: 1 | V12: 3 | W12: 10 | X12: 30
A13: 5 | B13: 5.000006 | C13: 0.007 | E13: 50 | F13: 49.99956 | G13: 0.1 | I13: M11 | J13: 19999.934 | K13: 45 | M13: 0,2t | N13: 0.200002 | O13: 0.005 | Q13: 20 g | R13: 0.025 | S13: 0.08 | T13: 0.25 | U13: 0.8 | V13: 2.5 | W13: 8 | X13: 25
A14: 2 | B14: 2.000013 | C14: 0.005 | E14: 20 | F14: 20.00001 | G14: 0.08 | I14: M12 | J14: 19999.845 | K14: 45 | M14: 0.5 | N14: 0.500006 | O14: 0.006 | Q14: 10 g | R14: 0.02 | S14: 0.06 | T14: 0.2 | U14: 0.6 | V14: 2 | W14: 6 | X14: 20
A15: 2* | B15: 2.000015 | C15: 0.005 | E15: 20* | F15: 20.00004 | G15: 0.08 | I15: M13 | J15: 20000.802 | K15: 45 | M15: 1 | N15: 1.000016 | O15: 0.007 | Q15: 5 g | R15: 0.015 | S15: 0.05 | T15: 0.15 | U15: 0.5 | V15: 1.5 | W15: 5 | X15: 15
A16: 1 | B16: 0.999997 | C16: 0.005 | E16: 10 | F16: 10.00001 | G16: 0.06 | I16: M14 | J16: 19999.575 | K16: 45 | M16: 2 | N16: 1.999992 | O16: 0.009 | Q16: 2 g | R16: 0.012 | S16: 0.04 | T16: 0.12 | U16: 0.4 | V16: 1.2 | W16: 4 | X16: 12
A17: 0.5 | B17: 0.500018 | C17: 0.004 | E17: 5 | F17: 4.99994 | G17: 0.05 | I17: M15 | J17: 20000.329 | K17: 45 | M17: 2t | N17: 1.999991 | O17: 0.009 | Q17: 1 g | R17: 0.01 | S17: 0.03 | T17: 0.1 | U17: 0.3 | V17: 1 | W17: 3 | X17: 10
A18: 0.2 | B18: 0.200013 | C18: 0.003 | E18: 2 | F18: 2 | G18: 0.04 | I18: M16 | J18: 20000.932 | K18: 45 | M18: 5 | N18: 0.500006 | O18: 0.011 | Q18: 500 mg | R18: 0.008 | S18: 0.025 | T18: 0.08 | U18: 0.25 | V18: 0.8 | W18: 2.5 | X18: -
A19: 0.2* | B19: 0.200015 | C19: 0.003 | E19: 2* | F19: 1.99998 | G19: 0.04 | I19: 20LZ1 | J19: 20001.683 | K19: 45 | M19: 10 | N19: 10.000033 | O19: 0.014 | Q19: 200 mg | R19: 0.006 | S19: 0.02 | T19: 0.06 | U19: 0.2 | V19: 0.6 | W19: 2 | X19: -
A20: 0.1 | B20: 0.100003 | C20: 0.002 | E20: 1 | F20: 1 | G20: 0.03 | I20: 10LZ1 | J20: 10001.617 | K20: 26 | M20: 20 | N20: 20.000035 | O20: 0.018 | Q20: 100 mg | R20: 0.005 | S20: 0.015 | T20: 0.05 | U20: 0.15 | V20: 0.5 | W20: 1.5 | X20: -
I21: 5A | J21: 4998.996 | K21: 5.7 | M21: 20t | N21: 20.000038 | O21: 0.018 | Q21: 50 mg | R21: 0.004 | S21: 0.012 | T21: 0.04 | U21: 0.12 | V21: 0.4 | W21: - | X21: -
I22: 10A | J22: 9999.566 | K22: 26 | M22: 50 | N22: 50.00002 | O22: 0.03 | Q22: 20 mg | R22: 0.003 | S22: 0.01 | T22: 0.03 | U22: 0.1 | V22: 0.3 | W22: - | X22: -
B23: ISI DATA | I23: A | J23: 19999.312 | K23: 45 | M23: 100 | N23: 100.00029 | O23: 0.05 | Q23: 10 mg | R23: 0.002 | S23: 0.008 | T23: 0.025 | U23: 0.08 | V23: 0.25 | W23: - | X23: -
B24: Deskripsi | C24: Isi | D24: Satuan | I24: B | J24: 19999.19 | K24: 45 | M24: 200 | N24: 200.00025 | O24: 0.08 | Q24: 5 mg | R24: 0.002 | S24: 0.006 | T24: 0.02 | U24: 0.06 | V24: 0.2 | W24: - | X24: -
B25: No Order | C25: K519-1 | I25: C | J25: 19999.069 | K25: 45 | M25: 200t | N25: 200.00025 | O25: 0.08 | Q25: 2 mg | R25: 0.002 | S25: 0.006 | T25: 0.02 | U25: 0.06 | V25: 0.2 | W25: - | X25: -
B26: Pemilik Alat | C26: PT. XXXXXX | I26: D | J26: 19999.282 | K26: 45 | M26: 500 | N26: 500.00075 | O26: 0.16 | Q26: 1 mg | R26: 0.002 | S26: 0.006 | T26: 0.02 | U26: 0.06 | V26: 0.2 | W26: - | X26: -
B27: Alamat Pemilik Alat | C27: Jalan, Desa, Kecamatan, Kabupaten, Provinsi | I27: E | J27: 19999.268 | K27: 45 | M27: 1000 | N27: 1000.0009 | O27: 0.16
B28: Lokasi Alat | C28: Lab massa BBLM | I28: F | J28: 19999.33 | K28: 45
B29: Nama Alat | C29: Anak timbangan | I29: G | J29: 19999.21 | K29: 45
B30: Merk | C30: - | I30: H | J30: 20000.486 | K30: 45
B31: Tipe | C31: F1 | I31: I | J31: 19999.254 | K31: 45
B32: No Seri | C32: 124918
B33: No. Identifikasi | C33: -
B34: Temperatur Awal | C34: 20.1 | D34: °C
B35: Temperatur Akhir | C35: 20.1 | D35: °C
B36: Temperatur rata2 | C36: =AVERAGE(C34,C35) -> 20.1 | D36: °C
B37: Kelembaban Awal | C37: 60 | D37: %RH
B38: Kelembaban Akhir | C38: 60 | D38: %RH
B39: Kelembapan rata2 | C39: =AVERAGE(C37,C38) -> 60 | D39: %RH
B40: Tekanan awal | C40: 922 | D40: hPa | E40: =C40*H40 -> 691.55901 | F40: mmHg | G40: 1 hPa | H40: 0.750064 | I40: mmHg
B41: Tekanan akhir | C41: 922 | D41: hPa | E41: =C41*H41 -> 691.55901 | F41: mmHg | G41: 1 hPa | H41: 0.750064 | I41: mmHg
B42: Tekanan rata2 | C42: =AVERAGE(C40:C41) -> 922 | D42: hPa | E42: =C42*H42 -> 691.55901 | F42: mmHg | G42: 1 hPa | H42: 0.750064 | I42: mmHg
B43: Tanggal Terima | C43: 22 September 2025 | E43: Tanggal ditulis dengan format text
B44: Tanggal Kalibrasi | C44: 22 September 2025 | E44: Tanggal ditulis dengan format text
B45: Titik Ukur | C45: 0.5 | D45: g
B46: Mass Comp
B47: Resolusi | C47: 1e-05 | D47: g
B48: No. Seri Mass comp | C48: 90803270
B49: Kalibrator | C49: E2 METTLER TOLEDO | E49: `
B50: Merk Kalibrator | C50: Mettler Toledo
B51: No Seri | C51: 158856
B52: Massa standard | C52: =N14 -> 0.500006 | D52: g
B53: U95 standard | C53: =O14 -> 0.006 | D53: mg
B55: X1 | C55: X2 | D55: X3 | E55: X4 | F55: X5 | G55: dm
B56: ( g ) | C56: ( g ) | D56: ( g ) | E56: ( g ) | F56: ( g ) | G56: g
A57: r1 | B57: 0.49999
A58: t1 | B58: 0.50003 | G58: =B58-B57 -> 4e-05
A59: t2 | B59: 0.50001
A60: r2 | B60: 0.5 | G60: =B59-B60 -> 1e-05
A61: r3 | C61: 0.50001
A62: t3 | C62: 0.50003 | G62: =C62-C61 -> 2e-05
A63: t4 | C63: 0.50002
A64: r4 | C64: 0.49997 | G64: =C63-C64 -> 5e-05
A65: r5 | D65: 0.49999
A66: t5 | D66: 0.50003 | G66: =D66-D65 -> 4e-05
A67: t6 | D67: 0.50001
A68: r6 | D68: 0.49999 | G68: =D67-D68 -> 2e-05
A69: r7 | E69: 0.5
A70: t7 | E70: 0.50003 | G70: =E70-E69 -> 3e-05
A71: t8 | E71: 0.50004
A72: r8 | E72: 0.50001 | G72: =E71-E72 -> 3e-05
A73: r9 | F73: 0.49998
A74: t9 | F74: 0.50001 | G74: =F74-F73 -> 3e-05
A75: t10 | F75: 0.50002
A76: r10 | F76: 0.49999 | G76: =F75-F76 -> 3e-05
F78: Mean | G78: =AVERAGE(G57:G76) -> 3e-05 | H78: g
F80: Stdev | G80: =STDEVP(G57:G76) -> 1.0954451e-05 | H80: g
F82: S_res | G82: =(0.82*C47)/2 -> 4.1e-06 | H82: g
F84: Mt | G84: =C52+G78 -> 0.500036 | H84: g
G85: =G84 -> 0.500036
F86: Srepeat | G86: =IF(G80>G82,G80,G82) -> 1.0954451e-05
B88: UNCERTAINTY BUDGET SEBAGAI PENDUKUNG KLAIM BMC
B89: Besaran yang diukur : | C89: Massa
B90: Jenis alat yang dikalibrasi : | C90: Anak timbangan M3
B91: Standar yang digunakan : | C91: Anak timbangan F1
B92: Titik Ukur : | C92: =C45 -> 0.5 | D92: g | F92: MPE 0,5 | G92: =S18 -> 0.025 | H92: mg
B93: Model matematis : Mt= Ms +dm dengan Mt= massa massa konvensional yang dikalibrasi Ms = massa standar dm= koreksi alat
B95: Komponen | C95: Satuan | D95: Distribusi | E95: U | F95: Pembagi | G95: vi | H95: ui | I95: ci | J95: uici | K95: (uici)2 | L95: (uici)4/vi
B96: 1 | C96: 2 | D96: 3 | E96: 4 | F96: 5 | G96: 6 | H96: 7 | I96: 8 | J96: 9 | K96: 10 | L96: 11
B97: Standar | C97: mg | D97: Normal | E97: =C53 -> 0.006 | F97: 2 | G97: 60 | H97: =E97/F97 -> 0.003 | I97: 1 | J97: =H97*I97 -> 0.003 | K97: =J97^2 -> 9e-06 | L97: =J97^4/G97 -> 1.35e-12
B98: Repeatability | C98: mg | D98: Rectangular | E98: =(G86*1000)/SQRT(10) -> 0.0034641016 | F98: 1 | G98: =IF(G80>G82,9,1000) -> 9 | H98: =E98/F98 -> 0.0034641016 | I98: 1 | J98: =H98*I98 -> 0.0034641016 | K98: =J98^2 -> 1.2e-05 | L98: =J98^4/G98 -> 1.6e-11
B99: Rounding | C99: mg | D99: Rectangular | E99: 0.0005 | F99: =SQRT(3) -> 1.7320508 | G99: 1000 | H99: =E99/F99 -> 0.00028867513 | I99: 1 | J99: =H99*I99 -> 0.00028867513 | K99: =J99^2 -> 8.3333333e-08 | L99: =J99^4/G99 -> 6.9444444e-18
B100: Instability | C100: mg | D100: Normal | E100: =0.08*G92 -> 0.002 | F100: 1 | G100: 4 | H100: =E100/F100 -> 0.002 | I100: 1 | J100: =H100*I100 -> 0.002 | K100: =J100^2 -> 4e-06 | L100: =J100^4/G100 -> 4e-12
B101: Buoyancy | C101: mg | D101: Rectangular | E101: =4.5*10^-9*8000*0.114*$C$92 -> 2.052e-06 | F101: 1 | G101: 1000 | H101: =E101/F101 -> 2.052e-06 | I101: 1 | J101: =H101*I101 -> 2.052e-06 | K101: =J101^2 -> 4.210704e-12 | L101: =J101^4/G101 -> 1.7730028e-26
B102: Sums | K102: =SUM(K97:K101) -> 2.5083338e-05 | L102: =SUM(L97:L101) -> 2.1350007e-11
B103: Ketidakpastian baku gabungan, uc, mg | K103: =SQRT(K102) -> 0.0050083268
B104: Dearajat kebebasan efektif, veff | K104: =(K103^4)/L102 -> 29.46949
B105: Faktor cakupan, k-student for veff and CL 95% | K105: =TINV(0.05,K104) -> 2.0452296
B106: Ketidakpastian bentangan, U = kuc, mg | K106: =K105*K103 -> 0.010243178
B107: Atau ketidakpastian bentangan, U = kuc, mg | K107: =K105*K103 -> 0.010243178
...

Sheet 1
A1: E2 2024 | E1: F1 (B4T 2024) | I1: M1 | M1: E2 METTLER TOLEDO 2025 | Q1: TABEL MPE OIML R111-1
A2: Nominal (g) | B2: Massa konvensional (g) | C2: U95 (mg) | E2: Nominal (g) | F2: Massa konvensional (g) | G2: U95 (mg) | I2: Identitas | J2: Massa konvensional (g) | K2: U95 (mg) | M2: Nominal (g) | N2: Massa konvensional (g) | O2: U95 (mg) | Q2: Nominal Value | R2: Class E1 | S2: Class E2 | T2: Class F1 | U2: Class F2 | V2: Class M1 | W2: Class M2 | X2: Class M3
A3: 2000 | B3: 1999.9985 | C3: 0.32 | E3: 20000 | F3: 20000.022 | G3: 13 | I3: M1 | J3: 19999.414 | K3: 45 | M3: 0.001 | N3: 0.001003 | O3: 0.002 | Q3: 50 kg | R3: 25 | S3: 75 | T3: 250 | U3: 750 | V3: 2500 | W3: 7500 | X3: 25000
A4: 1000 | B4: 1000.0005 | C4: 0.14 | E4: 10000 | F4: 10000.041 | G4: 4.6 | I4: M2 | J4: 19999.234 | K4: 45 | M4: 0.002 | N4: 0.002003 | O4: 0.002 | Q4: 20 kg | R4: 10 | S4: 30 | T4: 100 | U4: 300 | V4: 1000 | W4: 3000 | X4: 10000
A5: 500 | B5: 500.00001 | C5: 0.08 | E5: 5000 | F5: 5000.005 | G5: 8 | I5: M3 | J5: 19999.627 | K5: 45 | M5: 0,002t | N5: 0.002001 | O5: 0.002 | Q5: 10 kg | R5: 5 | S5: 15 | T5: 50 | U5: 150 | V5: 500 | W5: 1500 | X5: 5000
A6: 200 | B6: 200.00001 | C6: 0.04 | E6: 2000* | F6: 1999.999 | G6: 3 | I6: M4 | J6: 20000.346 | K6: 45 | M6: 0.005 | N6: 0.005004 | O6: 0.002 | Q6: 5 kg | R6: 2.5 | S6: 7.5 | T6: 25 | U6: 75 | V6: 250 | W6: 750 | X6: 2500
A7: 200* | B7: 200.00005 | C7: 0.04 | E7: 2000 | F7: 1999.996 | G7: 3 | I7: M5 | J7: 20000.124 | K7: 45 | M7: 0.01 | N7: 0.010002 | O7: 0.003 | Q7: 2 kg | R7: 1 | S7: 3 | T7: 10 | U7: 30 | V7: 100 | W7: 300 | X7: 1000
A8: 100 | B8: 100.00008 | C8: 0.03 | E8: 1000 | F8: 1000.001 | G8: 1.7 | I8: M6 | J8: 20000.154 | K8: 45 | M8: 0.02 | N8: 0.020003 | O8: 0.003 | Q8: 1 kg | R8: 0.5 | S8: 1.5 | T8: 5 | U8: 15 | V8: 50 | W8: 150 | X8: 500
A9: 50 | B9: 50.00002 | C9: 0.02 | E9: 500 | F9: 500 | G9: 1.1 | I9: M7 | J9: 19999.125 | K9: 45 | M9: 0,02t | N9: 0.020005 | O9: 0.003 | Q9: 500 g | R9: 0.25 | S9: 0.75 | T9: 2.5 | U9: 7.5 | V9: 25 | W9: 75 | X9: 250
A10: 20 | B10: 19.999978 | C10: 0.009 | E10: 200 | F10: 199.99953 | G10: 0.3 | I10: M8 | J10: 19999.806 | K10: 45 | M10: 0.05 | N10: 0.050005 | O10: 0.003 | Q10: 200 g | R10: 0.01 | S10: 0.3 | T10: 1 | U10: 3 | V10: 10 | W10: 30 | X10: 100
A11: 20* | B11: 19.999977 | C11: 0.009 | E11: 200* | F11: 199.99873 | G11: 0.3 | I11: M9 | J11: 20000.237 | K11: 45 | M11: 0.1 | N11: 0.100008 | O11: 0.003 | Q11: 100 g | R11: 0.05 | S11: 0.15 | T11: 0.5 | U11: 1.5 | V11: 5 | W11: 15 | X11: 50
A12: 10 | B12: 9.999976 | C12: 0.008 | E12: 100 | F12: 99.99961 | G12: 0.16 | I12: M10 | J12: 19999.832 | K12: 45 | M12: 0.2 | N12: 0.200009 | O12: 0.005 | Q12: 50 g | R12: 0.03 | S12: 0.1 | T12: 0.3 | U12: 1 | V12: 3 | W12: 10 | X12: 30
A13: 5 | B13: 5.000006 | C13: 0.007 | E13: 50 | F13: 49.99956 | G13: 0.1 | I13: M11 | J13: 19999.934 | K13: 45 | M13: 0,2t | N13: 0.200002 | O13: 0.005 | Q13: 20 g | R13: 0.025 | S13: 0.08 | T13: 0.25 | U13: 0.8 | V13: 2.5 | W13: 8 | X13: 25
A14: 2 | B14: 2.000013 | C14: 0.005 | E14: 20 | F14: 20.00001 | G14: 0.08 | I14: M12 | J14: 19999.845 | K14: 45 | M14: 0.5 | N14: 0.500006 | O14: 0.006 | Q14: 10 g | R14: 0.02 | S14: 0.06 | T14: 0.2 | U14: 0.6 | V14: 2 | W14: 6 | X14: 20
A15: 2* | B15: 2.000015 | C15: 0.005 | E15: 20* | F15: 20.00004 | G15: 0.08 | I15: M13 | J15: 20000.802 | K15: 45 | M15: 1 | N15: 1.000016 | O15: 0.007 | Q15: 5 g | R15: 0.015 | S15: 0.05 | T15: 0.15 | U15: 0.5 | V15: 1.5 | W15: 5 | X15: 15
A16: 1 | B16: 0.999997 | C16: 0.005 | E16: 10 | F16: 10.00001 | G16: 0.06 | I16: M14 | J16: 19999.575 | K16: 45 | M16: 2 | N16: 1.999992 | O16: 0.009 | Q16: 2 g | R16: 0.012 | S16: 0.04 | T16: 0.12 | U16: 0.4 | V16: 1.2 | W16: 4 | X16: 12
A17: 0.5 | B17: 0.500018 | C17: 0.004 | E17: 5 | F17: 4.99994 | G17: 0.05 | I17: M15 | J17: 20000.329 | K17: 45 | M17: 2t | N17: 1.999991 | O17: 0.009 | Q17: 1 g | R17: 0.01 | S17: 0.03 | T17: 0.1 | U17: 0.3 | V17: 1 | W17: 3 | X17: 10
A18: 0.2 | B18: 0.200013 | C18: 0.003 | E18: 2 | F18: 2 | G18: 0.04 | I18: M16 | J18: 20000.932 | K18: 45 | M18: 5 | N18: 0.500006 | O18: 0.011 | Q18: 500 mg | R18: 0.008 | S18: 0.025 | T18: 0.08 | U18: 0.25 | V18: 0.8 | W18: 2.5 | X18: -
A19: 0.2* | B19: 0.200015 | C19: 0.003 | E19: 2* | F19: 1.99998 | G19: 0.04 | I19: 20LZ1 | J19: 20001.683 | K19: 45 | M19: 10 | N19: 10.000033 | O19: 0.014 | Q19: 200 mg | R19: 0.006 | S19: 0.02 | T19: 0.06 | U19: 0.2 | V19: 0.6 | W19: 2 | X19: -
A20: 0.1 | B20: 0.100003 | C20: 0.002 | E20: 1 | F20: 1 | G20: 0.03 | I20: 10LZ1 | J20: 10001.617 | K20: 26 | M20: 20 | N20: 20.000035 | O20: 0.018 | Q20: 100 mg | R20: 0.005 | S20: 0.015 | T20: 0.05 | U20: 0.15 | V20: 0.5 | W20: 1.5 | X20: -
I21: 5A | J21: 4998.996 | K21: 5.7 | M21: 20t | N21: 20.000038 | O21: 0.018 | Q21: 50 mg | R21: 0.004 | S21: 0.012 | T21: 0.04 | U21: 0.12 | V21: 0.4 | W21: - | X21: -
I22: 10A | J22: 9999.566 | K22: 26 | M22: 50 | N22: 50.00002 | O22: 0.03 | Q22: 20 mg | R22: 0.003 | S22: 0.01 | T22: 0.03 | U22: 0.1 | V22: 0.3 | W22: - | X22: -
B23: ISI DATA | I23: A | J23: 19999.312 | K23: 45 | M23: 100 | N23: 100.00029 | O23: 0.05 | Q23: 10 mg | R23: 0.002 | S23: 0.008 | T23: 0.025 | U23: 0.08 | V23: 0.25 | W23: - | X23: -
B24: Deskripsi | C24: Isi | D24: Satuan | I24: B | J24: 19999.19 | K24: 45 | M24: 200 | N24: 200.00025 | O24: 0.08 | Q24: 5 mg | R24: 0.002 | S24: 0.006 | T24: 0.02 | U24: 0.06 | V24: 0.2 | W24: - | X24: -
B25: No Order | C25: K519-1 | I25: C | J25: 19999.069 | K25: 45 | M25: 200t | N25: 200.00025 | O25: 0.08 | Q25: 2 mg | R25: 0.002 | S25: 0.006 | T25: 0.02 | U25: 0.06 | V25: 0.2 | W25: - | X25: -
B26: Pemilik Alat | C26: PT. XXXXXX | I26: D | J26: 19999.282 | K26: 45 | M26: 500 | N26: 500.00075 | O26: 0.16 | Q26: 1 mg | R26: 0.002 | S26: 0.006 | T26: 0.02 | U26: 0.06 | V26: 0.2 | W26: - | X26: -
B27: Alamat Pemilik Alat | C27: Jalan, Desa, Kecamatan, Kabupaten, Provinsi | I27: E | J27: 19999.268 | K27: 45 | M27: 1000 | N27: 1000.0009 | O27: 0.16
B28: Lokasi Alat | C28: Lab massa BBLM | I28: F | J28: 19999.33 | K28: 45
B29: Nama Alat | C29: Anak timbangan | I29: G | J29: 19999.21 | K29: 45
B30: Merk | C30: - | I30: H | J30: 20000.486 | K30: 45
B31: Tipe | C31: F1 | I31: I | J31: 19999.254 | K31: 45
B32: No Seri | C32: 124918
B33: No. Identifikasi | C33: -
B34: Temperatur Awal | C34: 20.1 | D34: °C
B35: Temperatur Akhir | C35: 20.1 | D35: °C
B36: Temperatur rata2 | C36: =AVERAGE(C34,C35) -> 20.1 | D36: °C
B37: Kelembaban Awal | C37: 60 | D37: %RH
B38: Kelembaban Akhir | C38: 60 | D38: %RH
B39: Kelembapan rata2 | C39: =AVERAGE(C37,C38) -> 60 | D39: %RH
B40: Tekanan awal | C40: 922 | D40: hPa | E40: =C40*H40 -> 691.55901 | F40: mmHg | G40: 1 hPa | H40: 0.750064 | I40: mmHg
B41: Tekanan akhir | C41: 922 | D41: hPa | E41: =C41*H41 -> 691.55901 | F41: mmHg | G41: 1 hPa | H41: 0.750064 | I41: mmHg
B42: Tekanan rata2 | C42: =AVERAGE(C40:C41) -> 922 | D42: hPa | E42: =C42*H42 -> 691.55901 | F42: mmHg | G42: 1 hPa | H42: 0.750064 | I42: mmHg
B43: Tanggal Terima | C43: 22 September 2025 | E43: Tanggal ditulis dengan format text
B44: Tanggal Kalibrasi | C44: 22 September 2025 | E44: Tanggal ditulis dengan format text
B45: Titik Ukur | C45: 1 | D45: g
B46: Mass Comp
B47: Resolusi | C47: 1e-05 | D47: g
B48: No. Seri Mass comp | C48: 90803270
B49: Kalibrator | C49: E2 METTLER TOLEDO | E49: `
B50: Merk Kalibrator | C50: Mettler Toledo
B51: No Seri | C51: 158856
B52: Massa standard | C52: =N15 -> 1.000016 | D52: g
B53: U95 standard | C53: =O15 -> 0.007 | D53: mg
B55: X1 | C55: X2 | D55: X3 | E55: X4 | F55: X5 | G55: dm
B56: ( g ) | C56: ( g ) | D56: ( g ) | E56: ( g ) | F56: ( g ) | G56: g
A57: r1 | B57: 0.99998
A58: t1 | B58: 1.00005 | G58: =B58-B57 -> 7e-05
A59: t2 | B59: 1.00006
A60: r2 | B60: 1.00001 | G60: =B59-B60 -> 5e-05
A61: r3 | C61: 1
A62: t3 | C62: 1.00003 | G62: =C62-C61 -> 3e-05
A63: t4 | C63: 1.00002
A64: r4 | C64: 1 | G64: =C63-C64 -> 2e-05
A65: r5 | D65: 0.99998
A66: t5 | D66: 1.00004 | G66: =D66-D65 -> 6e-05
A67: t6 | D67: 1.00005
A68: r6 | D68: 0.99997 | G68: =D67-D68 -> 8e-05
A69: r7 | E69: 1
A70: t7 | E70: 1.00007 | G70: =E70-E69 -> 7e-05
A71: t8 | E71: 1.00007
A72: r8 | E72: 1 | G72: =E71-E72 -> 7e-05
A73: r9 | F73: 0.99999
A74: t9 | F74: 1.00005 | G74: =F74-F73 -> 6e-05
A75: t10 | F75: 1.00004
A76: r10 | F76: 0.99999 | G76: =F75-F76 -> 5e-05
F78: Mean | G78: =AVERAGE(G57:G76) -> 5.6e-05 | H78: g
F80: Stdev | G80: =STDEVP(G57:G76) -> 1.8e-05 | H80: g
F82: S_res | G82: =(0.82*C47)/2 -> 4.1e-06 | H82: g
F84: Mt | G84: =C52+G78 -> 1.000072 | H84: g
G85: =G84 -> 1.000072
F86: Srepeat | G86: =IF(G80>G82,G80,G82) -> 1.8e-05
B88: UNCERTAINTY BUDGET SEBAGAI PENDUKUNG KLAIM BMC
B89: Besaran yang diukur : | C89: Massa
B90: Jenis alat yang dikalibrasi : | C90: Anak timbangan M3
B91: Standar yang digunakan : | C91: Anak timbangan F1
B92: Titik Ukur : | C92: =C45 -> 1 | D92: g | F92: MPE 1 | G92: =S17 -> 0.03 | H92: mg
B93: Model matematis : Mt= Ms +dm dengan Mt= massa massa konvensional yang dikalibrasi Ms = massa standar dm= koreksi alat
B95: Komponen | C95: Satuan | D95: Distribusi | E95: U | F95: Pembagi | G95: vi | H95: ui | I95: ci | J95: uici | K95: (uici)2 | L95: (uici)4/vi
B96: 1 | C96: 2 | D96: 3 | E96: 4 | F96: 5 | G96: 6 | H96: 7 | I96: 8 | J96: 9 | K96: 10 | L96: 11
B97: Standar | C97: mg | D97: Normal | E97: =C53 -> 0.007 | F97: 2 | G97: 60 | H97: =E97/F97 -> 0.0035 | I97: 1 | J97: =H97*I97 -> 0.0035 | K97: =J97^2 -> 1.225e-05 | L97: =J97^4/G97 -> 2.5010417e-12
B98: Repeatability | C98: mg | D98: Rectangular | E98: =(G86*1000)/SQRT(10) -> 0.0056920998 | F98: 1 | G98: =IF(G80>G82,9,1000) -> 9 | H98: =E98/F98 -> 0.0056920998 | I98: 1 | J98: =H98*I98 -> 0.0056920998 | K98: =J98^2 -> 3.24e-05 | L98: =J98^4/G98 -> 1.1664e-10
B99: Rounding | C99: mg | D99: Rectangular | E99: =0.0005 -> 0.0005 | F99: =SQRT(3) -> 1.7320508 | G99: 1000 | H99: =E99/F99 -> 0.00028867513 | I99: 1 | J99: =H99*I99 -> 0.00028867513 | K99: =J99^2 -> 8.3333333e-08 | L99: =J99^4/G99 -> 6.9444444e-18
B100: Instability | C100: mg | D100: Normal | E100: =0.08*G92 -> 0.0024 | F100: 1 | G100: 4 | H100: =E100/F100 -> 0.0024 | I100: 1 | J100: =H100*I100 -> 0.0024 | K100: =J100^2 -> 5.76e-06 | L100: =J100^4/G100 -> 8.2944e-12
B101: Buoyancy | C101: mg | D101: Rectangular | E101: =4.5*10^-9*8000*0.114*$C$92 -> 4.104e-06 | F101: 1 | G101: 1000 | H101: =E101/F101 -> 4.104e-06 | I101: 1 | J101: =H101*I101 -> 4.104e-06 | K101: =J101^2 -> 1.6842816e-11 | L101: =J101^4/G101 -> 2.8368045e-25
B102: Sums | K102: =SUM(K97:K101) -> 5.049335e-05 | L102: =SUM(L97:L101) -> 1.2743545e-10
B103: Ketidakpastian baku gabungan, uc, mg | K103: =SQRT(K102) -> 0.0071058673
B104: Dearajat kebebasan efektif, veff | K104: =(K103^4)/L102 -> 20.006823
B105: Faktor cakupan, k-student for veff and CL 95% | K105: =TINV(0.05,K104) -> 2.0859634
B106: Ketidakpastian bentangan, U = kuc, mg | K106: =K105*K103 -> 0.014822579
B107: Atau ketidakpastian bentangan, U = kuc, mg | K107: =K105*K103 -> 0.014822579
...

Sheet 2
A1: E2 2024 | E1: F1 (B4T 2024) | I1: M1 | M1: E2 METTLER TOLEDO 2025 | Q1: TABEL MPE OIML R111-1
A2: Nominal (g) | B2: Massa konvensional (g) | C2: U95 (mg) | E2: Nominal (g) | F2: Massa konvensional (g) | G2: U95 (mg) | I2: Identitas | J2: Massa konvensional (g) | K2: U95 (mg) | M2: Nominal (g) | N2: Massa konvensional (g) | O2: U95 (mg) | Q2: Nominal Value | R2: Class E1 | S2: Class E2 | T2: Class F1 | U2: Class F2 | V2: Class M1 | W2: Class M2 | X2: Class M3
A3: 2000 | B3: 1999.9985 | C3: 0.32 | E3: 20000 | F3: 20000.022 | G3: 13 | I3: M1 | J3: 19999.414 | K3: 45 | M3: 0.001 | N3: 0.001003 | O3: 0.002 | Q3: 50 kg | R3: 25 | S3: 75 | T3: 250 | U3: 750 | V3: 2500 | W3: 7500 | X3: 25000
A4: 1000 | B4: 1000.0005 | C4: 0.14 | E4: 10000 | F4: 10000.041 | G4: 4.6 | I4: M2 | J4: 19999.234 | K4: 45 | M4: 0.002 | N4: 0.002003 | O4: 0.002 | Q4: 20 kg | R4: 10 | S4: 30 | T4: 100 | U4: 300 | V4: 1000 | W4: 3000 | X4: 10000
A5: 500 | B5: 500.00001 | C5: 0.08 | E5: 5000 | F5: 5000.005 | G5: 8 | I5: M3 | J5: 19999.627 | K5: 45 | M5: 0,002t | N5: 0.002001 | O5: 0.002 | Q5: 10 kg | R5: 5 | S5: 15 | T5: 50 | U5: 150 | V5: 500 | W5: 1500 | X5: 5000
A6: 200 | B6: 200.00001 | C6: 0.04 | E6: 2000* | F6: 1999.999 | G6: 3 | I6: M4 | J6: 20000.346 | K6: 45 | M6: 0.005 | N6: 0.005004 | O6: 0.002 | Q6: 5 kg | R6: 2.5 | S6: 7.5 | T6: 25 | U6: 75 | V6: 250 | W6: 750 | X6: 2500
A7: 200* | B7: 200.00005 | C7: 0.04 | E7: 2000 | F7: 1999.996 | G7: 3 | I7: M5 | J7: 20000.124 | K7: 45 | M7: 0.01 | N7: 0.010002 | O7: 0.003 | Q7: 2 kg | R7: 1 | S7: 3 | T7: 10 | U7: 30 | V7: 100 | W7: 300 | X7: 1000
A8: 100 | B8: 100.00008 | C8: 0.03 | E8: 1000 | F8: 1000.001 | G8: 1.7 | I8: M6 | J8: 20000.154 | K8: 45 | M8: 0.02 | N8: 0.020003 | O8: 0.003 | Q8: 1 kg | R8: 0.5 | S8: 1.5 | T8: 5 | U8: 15 | V8: 50 | W8: 150 | X8: 500
A9: 50 | B9: 50.00002 | C9: 0.02 | E9: 500 | F9: 500 | G9: 1.1 | I9: M7 | J9: 19999.125 | K9: 45 | M9: 0,02t | N9: 0.020005 | O9: 0.003 | Q9: 500 g | R9: 0.25 | S9: 0.75 | T9: 2.5 | U9: 7.5 | V9: 25 | W9: 75 | X9: 250
A10: 20 | B10: 19.999978 | C10: 0.009 | E10: 200 | F10: 199.99953 | G10: 0.3 | I10: M8 | J10: 19999.806 | K10: 45 | M10: 0.05 | N10: 0.050005 | O10: 0.003 | Q10: 200 g | R10: 0.01 | S10: 0.3 | T10: 1 | U10: 3 | V10: 10 | W10: 30 | X10: 100
A11: 20* | B11: 19.999977 | C11: 0.009 | E11: 200* | F11: 199.99873 | G11: 0.3 | I11: M9 | J11: 20000.237 | K11: 45 | M11: 0.1 | N11: 0.100008 | O11: 0.003 | Q11: 100 g | R11: 0.05 | S11: 0.15 | T11: 0.5 | U11: 1.5 | V11: 5 | W11: 15 | X11: 50
A12: 10 | B12: 9.999976 | C12: 0.008 | E12: 100 | F12: 99.99961 | G12: 0.16 | I12: M10 | J12: 19999.832 | K12: 45 | M12: 0.2 | N12: 0.200009 | O12: 0.005 | Q12: 50 g | R12: 0.03 | S12: 0.1 | T12: 0.3 | U12: 1 | V12: 3 | W12: 10 | X12: 30
A13: 5 | B13: 5.000006 | C13: 0.007 | E13: 50 | F13: 49.99956 | G13: 0.1 | I13: M11 | J13: 19999.934 | K13: 45 | M13: 0,2t | N13: 0.200002 | O13: 0.005 | Q13: 20 g | R13: 0.025 | S13: 0.08 | T13: 0.25 | U13: 0.8 | V13: 2.5 | W13: 8 | X13: 25
A14: 2 | B14: 2.000013 | C14: 0.005 | E14: 20 | F14: 20.00001 | G14: 0.08 | I14: M12 | J14: 19999.845 | K14: 45 | M14: 0.5 | N14: 0.500006 | O14: 0.006 | Q14: 10 g | R14: 0.02 | S14: 0.06 | T14: 0.2 | U14: 0.6 | V14: 2 | W14: 6 | X14: 20
A15: 2* | B15: 2.000015 | C15: 0.005 | E15: 20* | F15: 20.00004 | G15: 0.08 | I15: M13 | J15: 20000.802 | K15: 45 | M15: 1 | N15: 1.000016 | O15: 0.007 | Q15: 5 g | R15: 0.015 | S15: 0.05 | T15: 0.15 | U15: 0.5 | V15: 1.5 | W15: 5 | X15: 15
A16: 1 | B16: 0.999997 | C16: 0.005 | E16: 10 | F16: 10.00001 | G16: 0.06 | I16: M14 | J16: 19999.575 | K16: 45 | M16: 2 | N16: 1.999992 | O16: 0.009 | Q16: 2 g | R16: 0.012 | S16: 0.04 | T16: 0.12 | U16: 0.4 | V16: 1.2 | W16: 4 | X16: 12
A17: 0.5 | B17: 0.500018 | C17: 0.004 | E17: 5 | F17: 4.99994 | G17: 0.05 | I17: M15 | J17: 20000.329 | K17: 45 | M17: 2t | N17: 1.999991 | O17: 0.009 | Q17: 1 g | R17: 0.01 | S17: 0.03 | T17: 0.1 | U17: 0.3 | V17: 1 | W17: 3 | X17: 10
A18: 0.2 | B18: 0.200013 | C18: 0.003 | E18: 2 | F18: 2 | G18: 0.04 | I18: M16 | J18: 20000.932 | K18: 45 | M18: 5 | N18: 0.500006 | O18: 0.011 | Q18: 500 mg | R18: 0.008 | S18: 0.025 | T18: 0.08 | U18: 0.25 | V18: 0.8 | W18: 2.5 | X18: -
A19: 0.2* | B19: 0.200015 | C19: 0.003 | E19: 2* | F19: 1.99998 | G19: 0.04 | I19: 20LZ1 | J19: 20001.683 | K19: 45 | M19: 10 | N19: 10.000033 | O19: 0.014 | Q19: 200 mg | R19: 0.006 | S19: 0.02 | T19: 0.06 | U19: 0.2 | V19: 0.6 | W19: 2 | X19: -
A20: 0.1 | B20: 0.100003 | C20: 0.002 | E20: 1 | F20: 1 | G20: 0.03 | I20: 10LZ1 | J20: 10001.617 | K20: 26 | M20: 20 | N20: 20.000035 | O20: 0.018 | Q20: 100 mg | R20: 0.005 | S20: 0.015 | T20: 0.05 | U20: 0.15 | V20: 0.5 | W20: 1.5 | X20: -
I21: 5A | J21: 4998.996 | K21: 5.7 | M21: 20t | N21: 20.000038 | O21: 0.018 | Q21: 50 mg | R21: 0.004 | S21: 0.012 | T21: 0.04 | U21: 0.12 | V21: 0.4 | W21: - | X21: -
I22: 10A | J22: 9999.566 | K22: 26 | M22: 50 | N22: 50.00002 | O22: 0.03 | Q22: 20 mg | R22: 0.003 | S22: 0.01 | T22: 0.03 | U22: 0.1 | V22: 0.3 | W22: - | X22: -
B23: ISI DATA | I23: A | J23: 19999.312 | K23: 45 | M23: 100 | N23: 100.00029 | O23: 0.05 | Q23: 10 mg | R23: 0.002 | S23: 0.008 | T23: 0.025 | U23: 0.08 | V23: 0.25 | W23: - | X23: -
B24: Deskripsi | C24: Isi | D24: Satuan | I24: B | J24: 19999.19 | K24: 45 | M24: 200 | N24: 200.00025 | O24: 0.08 | Q24: 5 mg | R24: 0.002 | S24: 0.006 | T24: 0.02 | U24: 0.06 | V24: 0.2 | W24: - | X24: -
B25: No Order | C25: K519-1 | I25: C | J25: 19999.069 | K25: 45 | M25: 200t | N25: 200.00025 | O25: 0.08 | Q25: 2 mg | R25: 0.002 | S25: 0.006 | T25: 0.02 | U25: 0.06 | V25: 0.2 | W25: - | X25: -
B26: Pemilik Alat | C26: PT. XXXXXX | I26: D | J26: 19999.282 | K26: 45 | M26: 500 | N26: 500.00075 | O26: 0.16 | Q26: 1 mg | R26: 0.002 | S26: 0.006 | T26: 0.02 | U26: 0.06 | V26: 0.2 | W26: - | X26: -
B27: Alamat Pemilik Alat | C27: Jalan, Desa, Kecamatan, Kabupaten, Provinsi | I27: E | J27: 19999.268 | K27: 45 | M27: 1000 | N27: 1000.0009 | O27: 0.16
B28: Lokasi Alat | C28: Lab massa BBLM | I28: F | J28: 19999.33 | K28: 45
B29: Nama Alat | C29: Anak timbangan | I29: G | J29: 19999.21 | K29: 45
B30: Merk | C30: - | I30: H | J30: 20000.486 | K30: 45
B31: Tipe | C31: F1 | I31: I | J31: 19999.254 | K31: 45
B32: No Seri | C32: 124918
B33: No. Identifikasi | C33: -
B34: Temperatur Awal | C34: 20.1 | D34: °C
B35: Temperatur Akhir | C35: 20.1 | D35: °C
B36: Temperatur rata2 | C36: =AVERAGE(C34,C35) -> 20.1 | D36: °C
B37: Kelembaban Awal | C37: 60 | D37: %RH
B38: Kelembaban Akhir | C38: 60 | D38: %RH
B39: Kelembapan rata2 | C39: =AVERAGE(C37,C38) -> 60 | D39: %RH
B40: Tekanan awal | C40: 922 | D40: hPa | E40: =C40*H40 -> 691.55901 | F40: mmHg | G40: 1 hPa | H40: 0.750064 | I40: mmHg
B41: Tekanan akhir | C41: 922 | D41: hPa | E41: =C41*H41 -> 691.55901 | F41: mmHg | G41: 1 hPa | H41: 0.750064 | I41: mmHg
B42: Tekanan rata2 | C42: =AVERAGE(C40:C41) -> 922 | D42: hPa | E42: =C42*H42 -> 691.55901 | F42: mmHg | G42: 1 hPa | H42: 0.750064 | I42: mmHg
B43: Tanggal Terima | C43: 22 September 2025 | E43: Tanggal ditulis dengan format text
B44: Tanggal Kalibrasi | C44: 22 September 2025 | E44: Tanggal ditulis dengan format text
B45: Titik Ukur | C45: 2 | D45: g
B46: Mass Comp
B47: Resolusi | C47: 1e-05 | D47: g
B48: No. Seri Mass comp | C48: 90803270
B49: Kalibrator | C49: E2 METTLER TOLEDO | E49: `
B50: Merk Kalibrator | C50: Mettler Toledo
B51: No Seri | C51: 158856
B52: Massa standard | C52: =N16 -> 1.999992 | D52: g
B53: U95 standard | C53: =O16 -> 0.009 | D53: mg
B55: X1 | C55: X2 | D55: X3 | E55: X4 | F55: X5 | G55: dm
B56: ( g ) | C56: ( g ) | D56: ( g ) | E56: ( g ) | F56: ( g ) | G56: g
A57: r1 | B57: 2.00003
A58: t1 | B58: 2.00008 | G58: =B58-B57 -> 5e-05
A59: t2 | B59: 2.00008
A60: r2 | B60: 2.00002 | G60: =B59-B60 -> 6e-05
A61: r3 | C61: 2
A62: t3 | C62: 2.00009 | G62: =C62-C61 -> 9e-05
A63: t4 | C63: 2.00008
A64: r4 | C64: 2.00001 | G64: =C63-C64 -> 7e-05
A65: r5 | D65: 1.99999
A66: t5 | D66: 2.00008 | G66: =D66-D65 -> 9e-05
A67: t6 | D67: 2.00006
A68: r6 | D68: 1.99999 | G68: =D67-D68 -> 7e-05
A69: r7 | E69: 1.99998
A70: t7 | E70: 2.00005 | G70: =E70-E69 -> 7e-05
A71: t8 | E71: 2.00006
A72: r8 | E72: 2 | G72: =E71-E72 -> 6e-05
A73: r9 | F73: 2.000004
A74: t9 | F74: 2.00006 | G74: =F74-F73 -> 5.6e-05
A75: t10 | F75: 2.00005
A76: r10 | F76: 2 | G76: =F75-F76 -> 5e-05
F78: Mean | G78: =AVERAGE(G57:G76) -> 6.66e-05 | H78: g
F80: Stdev | G80: =STDEVP(G57:G76) -> 1.3712768e-05 | H80: g
F82: S_res | G82: =(0.82*C47)/2 -> 4.1e-06 | H82: g
F84: Mt | G84: =C52+G78 -> 2.0000586 | H84: g
G85: =G84 -> 2.0000586
F86: Srepeat | G86: =IF(G80>G82,G80,G82) -> 1.3712768e-05
B88: UNCERTAINTY BUDGET SEBAGAI PENDUKUNG KLAIM BMC
B89: Besaran yang diukur : | C89: Massa
B90: Jenis alat yang dikalibrasi : | C90: Anak timbangan M3
B91: Standar yang digunakan : | C91: Anak timbangan F1
B92: Titik Ukur : | C92: =C45 -> 2 | D92: g | F92: MPE 2 g | G92: =S16 -> 0.04 | H92: mg
B93: Model matematis : Mt= Ms +dm dengan Mt= massa massa konvensional yang dikalibrasi Ms = massa standar dm= koreksi alat
B95: Komponen | C95: Satuan | D95: Distribusi | E95: U | F95: Pembagi | G95: vi | H95: ui | I95: ci | J95: uici | K95: (uici)2 | L95: (uici)4/vi
B96: 1 | C96: 2 | D96: 3 | E96: 4 | F96: 5 | G96: 6 | H96: 7 | I96: 8 | J96: 9 | K96: 10 | L96: 11
B97: Standar | C97: mg | D97: Normal | E97: =C53 -> 0.009 | F97: 2 | G97: 60 | H97: =E97/F97 -> 0.0045 | I97: 1 | J97: =H97*I97 -> 0.0045 | K97: =J97^2 -> 2.025e-05 | L97: =J97^4/G97 -> 6.834375e-12
B98: Repeatability | C98: mg | D98: Rectangular | E98: =(G86*1000)/SQRT(10) -> 0.0043363579 | F98: 1 | G98: =IF(G80>G82,9,1000) -> 9 | H98: =E98/F98 -> 0.0043363579 | I98: 1 | J98: =H98*I98 -> 0.0043363579 | K98: =J98^2 -> 1.8804e-05 | L98: =J98^4/G98 -> 3.9287824e-11
B99: Rounding | C99: mg | D99: Rectangular | E99: 0.0005 | F99: =SQRT(3) -> 1.7320508 | G99: 1000 | H99: =E99/F99 -> 0.00028867513 | I99: 1 | J99: =H99*I99 -> 0.00028867513 | K99: =J99^2 -> 8.3333333e-08 | L99: =J99^4/G99 -> 6.9444444e-18
B100: Instability | C100: mg | D100: Normal | E100: =0.08*G92 -> 0.0032 | F100: 1 | G100: 4 | H100: =E100/F100 -> 0.0032 | I100: 1 | J100: =H100*I100 -> 0.0032 | K100: =J100^2 -> 1.024e-05 | L100: =J100^4/G100 -> 2.62144e-11
B101: Buoyancy | C101: mg | D101: Rectangular | E101: =4.5*10^-9*8000*0.114*$C$92 -> 8.208e-06 | F101: 1 | G101: 1000 | H101: =E101/F101 -> 8.208e-06 | I101: 1 | J101: =H101*I101 -> 8.208e-06 | K101: =J101^2 -> 6.7371264e-11 | L101: =J101^4/G101 -> 4.5388872e-24
B102: Sums | K102: =SUM(K97:K101) -> 4.9377401e-05 | L102: =SUM(L97:L101) -> 7.2336606e-11
B103: Ketidakpastian baku gabungan, uc, mg | K103: =SQRT(K102) -> 0.0070269055
B104: Dearajat kebebasan efektif, veff | K104: =(K103^4)/L102 -> 33.70531
B105: Faktor cakupan, k-student for veff and CL 95% | K105: =TINV(0.05,K104) -> 2.0345153
B106: Ketidakpastian bentangan, U = kuc, mg | K106: =K105*K103 -> 0.014296347
B107: Atau ketidakpastian bentangan, U = kuc, mg | K107: =K105*K103 -> 0.014296347
...

Sheet 2t
A1: E2 2024 | E1: F1 (B4T 2024) | I1: M1 | M1: E2 METTLER TOLEDO 2025 | Q1: TABEL MPE OIML R111-1
A2: Nominal (g) | B2: Massa konvensional (g) | C2: U95 (mg) | E2: Nominal (g) | F2: Massa konvensional (g) | G2: U95 (mg) | I2: Identitas | J2: Massa konvensional (g) | K2: U95 (mg) | M2: Nominal (g) | N2: Massa konvensional (g) | O2: U95 (mg) | Q2: Nominal Value | R2: Class E1 | S2: Class E2 | T2: Class F1 | U2: Class F2 | V2: Class M1 | W2: Class M2 | X2: Class M3
A3: 2000 | B3: 1999.9985 | C3: 0.32 | E3: 20000 | F3: 20000.022 | G3: 13 | I3: M1 | J3: 19999.414 | K3: 45 | M3: 0.001 | N3: 0.001003 | O3: 0.002 | Q3: 50 kg | R3: 25 | S3: 75 | T3: 250 | U3: 750 | V3: 2500 | W3: 7500 | X3: 25000
A4: 1000 | B4: 1000.0005 | C4: 0.14 | E4: 10000 | F4: 10000.041 | G4: 4.6 | I4: M2 | J4: 19999.234 | K4: 45 | M4: 0.002 | N4: 0.002003 | O4: 0.002 | Q4: 20 kg | R4: 10 | S4: 30 | T4: 100 | U4: 300 | V4: 1000 | W4: 3000 | X4: 10000
A5: 500 | B5: 500.00001 | C5: 0.08 | E5: 5000 | F5: 5000.005 | G5: 8 | I5: M3 | J5: 19999.627 | K5: 45 | M5: 0,002t | N5: 0.002001 | O5: 0.002 | Q5: 10 kg | R5: 5 | S5: 15 | T5: 50 | U5: 150 | V5: 500 | W5: 1500 | X5: 5000
A6: 200 | B6: 200.00001 | C6: 0.04 | E6: 2000* | F6: 1999.999 | G6: 3 | I6: M4 | J6: 20000.346 | K6: 45 | M6: 0.005 | N6: 0.005004 | O6: 0.002 | Q6: 5 kg | R6: 2.5 | S6: 7.5 | T6: 25 | U6: 75 | V6: 250 | W6: 750 | X6: 2500
A7: 200* | B7: 200.00005 | C7: 0.04 | E7: 2000 | F7: 1999.996 | G7: 3 | I7: M5 | J7: 20000.124 | K7: 45 | M7: 0.01 | N7: 0.010002 | O7: 0.003 | Q7: 2 kg | R7: 1 | S7: 3 | T7: 10 | U7: 30 | V7: 100 | W7: 300 | X7: 1000
A8: 100 | B8: 100.00008 | C8: 0.03 | E8: 1000 | F8: 1000.001 | G8: 1.7 | I8: M6 | J8: 20000.154 | K8: 45 | M8: 0.02 | N8: 0.020003 | O8: 0.003 | Q8: 1 kg | R8: 0.5 | S8: 1.5 | T8: 5 | U8: 15 | V8: 50 | W8: 150 | X8: 500
A9: 50 | B9: 50.00002 | C9: 0.02 | E9: 500 | F9: 500 | G9: 1.1 | I9: M7 | J9: 19999.125 | K9: 45 | M9: 0,02t | N9: 0.020005 | O9: 0.003 | Q9: 500 g | R9: 0.25 | S9: 0.75 | T9: 2.5 | U9: 7.5 | V9: 25 | W9: 75 | X9: 250
A10: 20 | B10: 19.999978 | C10: 0.009 | E10: 200 | F10: 199.99953 | G10: 0.3 | I10: M8 | J10: 19999.806 | K10: 45 | M10: 0.05 | N10: 0.050005 | O10: 0.003 | Q10: 200 g | R10: 0.01 | S10: 0.3 | T10: 1 | U10: 3 | V10: 10 | W10: 30 | X10: 100
A11: 20* | B11: 19.999977 | C11: 0.009 | E11: 200* | F11: 199.99873 | G11: 0.3 | I11: M9 | J11: 20000.237 | K11: 45 | M11: 0.1 | N11: 0.100008 | O11: 0.003 | Q11: 100 g | R11: 0.05 | S11: 0.15 | T11: 0.5 | U11: 1.5 | V11: 5 | W11: 15 | X11: 50
A12: 10 | B12: 9.999976 | C12: 0.008 | E12: 100 | F12: 99.99961 | G12: 0.16 | I12: M10 | J12: 19999.832 | K12: 45 | M12: 0.2 | N12: 0.200009 | O12: 0.005 | Q12: 50 g | R12: 0.03 | S12: 0.1 | T12: 0.3 | U12: 1 | V12: 3 | W12: 10 | X12: 30
A13: 5 | B13: 5.000006 | C13: 0.007 | E13: 50 | F13: 49.99956 | G13: 0.1 | I13: M11 | J13: 19999.934 | K13: 45 | M13: 0,2t | N13: 0.200002 | O13: 0.005 | Q13: 20 g | R13: 0.025 | S13: 0.08 | T13: 0.25 | U13: 0.8 | V13: 2.5 | W13: 8 | X13: 25
A14: 2 | B14: 2.000013 | C14: 0.005 | E14: 20 | F14: 20.00001 | G14: 0.08 | I14: M12 | J14: 19999.845 | K14: 45 | M14: 0.5 | N14: 0.500006 | O14: 0.006 | Q14: 10 g | R14: 0.02 | S14: 0.06 | T14: 0.2 | U14: 0.6 | V14: 2 | W14: 6 | X14: 20
A15: 2* | B15: 2.000015 | C15: 0.005 | E15: 20* | F15: 20.00004 | G15: 0.08 | I15: M13 | J15: 20000.802 | K15: 45 | M15: 1 | N15: 1.000016 | O15: 0.007 | Q15: 5 g | R15: 0.015 | S15: 0.05 | T15: 0.15 | U15: 0.5 | V15: 1.5 | W15: 5 | X15: 15
A16: 1 | B16: 0.999997 | C16: 0.005 | E16: 10 | F16: 10.00001 | G16: 0.06 | I16: M14 | J16: 19999.575 | K16: 45 | M16: 2 | N16: 1.999992 | O16: 0.009 | Q16: 2 g | R16: 0.012 | S16: 0.04 | T16: 0.12 | U16: 0.4 | V16: 1.2 | W16: 4 | X16: 12
A17: 0.5 | B17: 0.500018 | C17: 0.004 | E17: 5 | F17: 4.99994 | G17: 0.05 | I17: M15 | J17: 20000.329 | K17: 45 | M17: 2t | N17: 1.999991 | O17: 0.009 | Q17: 1 g | R17: 0.01 | S17: 0.03 | T17: 0.1 | U17: 0.3 | V17: 1 | W17: 3 | X17: 10
A18: 0.2 | B18: 0.200013 | C18: 0.003 | E18: 2 | F18: 2 | G18: 0.04 | I18: M16 | J18: 20000.932 | K18: 45 | M18: 5 | N18: 0.500006 | O18: 0.011 | Q18: 500 mg | R18: 0.008 | S18: 0.025 | T18: 0.08 | U18: 0.25 | V18: 0.8 | W18: 2.5 | X18: -
A19: 0.2* | B19: 0.200015 | C19: 0.003 | E19: 2* | F19: 1.99998 | G19: 0.04 | I19: 20LZ1 | J19: 20001.683 | K19: 45 | M19: 10 | N19: 10.000033 | O19: 0.014 | Q19: 200 mg | R19: 0.006 | S19: 0.02 | T19: 0.06 | U19: 0.2 | V19: 0.6 | W19: 2 | X19: -
A20: 0.1 | B20: 0.100003 | C20: 0.002 | E20: 1 | F20: 1 | G20: 0.03 | I20: 10LZ1 | J20: 10001.617 | K20: 26 | M20: 20 | N20: 20.000035 | O20: 0.018 | Q20: 100 mg | R20: 0.005 | S20: 0.015 | T20: 0.05 | U20: 0.15 | V20: 0.5 | W20: 1.5 | X20: -
I21: 5A | J21: 4998.996 | K21: 5.7 | M21: 20t | N21: 20.000038 | O21: 0.018 | Q21: 50 mg | R21: 0.004 | S21: 0.012 | T21: 0.04 | U21: 0.12 | V21: 0.4 | W21: - | X21: -
I22: 10A | J22: 9999.566 | K22: 26 | M22: 50 | N22: 50.00002 | O22: 0.03 | Q22: 20 mg | R22: 0.003 | S22: 0.01 | T22: 0.03 | U22: 0.1 | V22: 0.3 | W22: - | X22: -
B23: ISI DATA | I23: A | J23: 19999.312 | K23: 45 | M23: 100 | N23: 100.00029 | O23: 0.05 | Q23: 10 mg | R23: 0.002 | S23: 0.008 | T23: 0.025 | U23: 0.08 | V23: 0.25 | W23: - | X23: -
B24: Deskripsi | C24: Isi | D24: Satuan | I24: B | J24: 19999.19 | K24: 45 | M24: 200 | N24: 200.00025 | O24: 0.08 | Q24: 5 mg | R24: 0.002 | S24: 0.006 | T24: 0.02 | U24: 0.06 | V24: 0.2 | W24: - | X24: -
B25: No Order | C25: K519-1 | I25: C | J25: 19999.069 | K25: 45 | M25: 200t | N25: 200.00025 | O25: 0.08 | Q25: 2 mg | R25: 0.002 | S25: 0.006 | T25: 0.02 | U25: 0.06 | V25: 0.2 | W25: - | X25: -
B26: Pemilik Alat | C26: PT. XXXXXX | I26: D | J26: 19999.282 | K26: 45 | M26: 500 | N26: 500.00075 | O26: 0.16 | Q26: 1 mg | R26: 0.002 | S26: 0.006 | T26: 0.02 | U26: 0.06 | V26: 0.2 | W26: - | X26: -
B27: Alamat Pemilik Alat | C27: Jalan, Desa, Kecamatan, Kabupaten, Provinsi | I27: E | J27: 19999.268 | K27: 45 | M27: 1000 | N27: 1000.0009 | O27: 0.16
B28: Lokasi Alat | C28: Lab massa BBLM | I28: F | J28: 19999.33 | K28: 45
B29: Nama Alat | C29: Anak timbangan | I29: G | J29: 19999.21 | K29: 45
B30: Merk | C30: - | I30: H | J30: 20000.486 | K30: 45
B31: Tipe | C31: F1 | I31: I | J31: 19999.254 | K31: 45
B32: No Seri | C32: 124918
B33: No. Identifikasi | C33: -
B34: Temperatur Awal | C34: 20.1 | D34: °C
B35: Temperatur Akhir | C35: 20.1 | D35: °C
B36: Temperatur rata2 | C36: =AVERAGE(C34,C35) -> 20.1 | D36: °C
B37: Kelembaban Awal | C37: 60 | D37: %RH
B38: Kelembaban Akhir | C38: 60 | D38: %RH
B39: Kelembapan rata2 | C39: =AVERAGE(C37,C38) -> 60 | D39: %RH
B40: Tekanan awal | C40: 922 | D40: hPa | E40: =C40*H40 -> 691.55901 | F40: mmHg | G40: 1 hPa | H40: 0.750064 | I40: mmHg
B41: Tekanan akhir | C41: 922 | D41: hPa | E41: =C41*H41 -> 691.55901 | F41: mmHg | G41: 1 hPa | H41: 0.750064 | I41: mmHg
B42: Tekanan rata2 | C42: =AVERAGE(C40:C41) -> 922 | D42: hPa | E42: =C42*H42 -> 691.55901 | F42: mmHg | G42: 1 hPa | H42: 0.750064 | I42: mmHg
B43: Tanggal Terima | C43: 22 September 2025 | E43: Tanggal ditulis dengan format text
B44: Tanggal Kalibrasi | C44: 22 September 2025 | E44: Tanggal ditulis dengan format text
B45: Titik Ukur | C45: 2 | D45: g
B46: Mass Comp
B47: Resolusi | C47: 1e-05 | D47: g
B48: No. Seri Mass comp | C48: 90803270
B49: Kalibrator | C49: E2 METTLER TOLEDO | E49: `
B50: Merk Kalibrator | C50: Mettler Toledo
B51: No Seri | C51: 158856
B52: Massa standard | C52: =N17 -> 1.999991 | D52: g
B53: U95 standard | C53: =O17 -> 0.009 | D53: mg
B55: X1 | C55: X2 | D55: X3 | E55: X4 | F55: X5 | G55: dm
B56: ( g ) | C56: ( g ) | D56: ( g ) | E56: ( g ) | F56: ( g ) | G56: g
A57: r1 | B57: 1.99999
A58: t1 | B58: 2.00004 | G58: =B58-B57 -> 5e-05
A59: t2 | B59: 2.00004
A60: r2 | B60: 2 | G60: =B59-B60 -> 4e-05
A61: r3 | C61: 2
A62: t3 | C62: 2.00005 | G62: =C62-C61 -> 5e-05
A63: t4 | C63: 2.00006
A64: r4 | C64: 2 | G64: =C63-C64 -> 6e-05
A65: r5 | D65: 1.99999
A66: t5 | D66: 2.00005 | G66: =D66-D65 -> 6e-05
A67: t6 | D67: 2.00006
A68: r6 | D68: 1.99999 | G68: =D67-D68 -> 7e-05
A69: r7 | E69: 2
A70: t7 | E70: 2.00006 | G70: =E70-E69 -> 6e-05
A71: t8 | E71: 2.00005
A72: r8 | E72: 2 | G72: =E71-E72 -> 5e-05
A73: r9 | F73: 1.99999
A74: t9 | F74: 2.00005 | G74: =F74-F73 -> 6e-05
A75: t10 | F75: 2.00005
A76: r10 | F76: 2 | G76: =F75-F76 -> 5e-05
F78: Mean | G78: =AVERAGE(G57:G76) -> 5.5e-05 | H78: g
F80: Stdev | G80: =STDEVP(G57:G76) -> 8.0622577e-06 | H80: g
F82: S_res | G82: =(0.82*C47)/2 -> 4.1e-06 | H82: g
F84: Mt | G84: =C52+G78 -> 2.000046 | H84: g
G85: =G84 -> 2.000046
F86: Srepeat | G86: =IF(G80>G82,G80,G82) -> 8.0622577e-06
B88: UNCERTAINTY BUDGET SEBAGAI PENDUKUNG KLAIM BMC
B89: Besaran yang diukur : | C89: Massa
B90: Jenis alat yang dikalibrasi : | C90: Anak timbangan M3
B91: Standar yang digunakan : | C91: Anak timbangan F1
B92: Titik Ukur : | C92: =C45 -> 2 | D92: g | F92: MPE 2 | G92: =S16 -> 0.04 | H92: mg
B93: Model matematis : Mt= Ms +dm dengan Mt= massa massa konvensional yang dikalibrasi Ms = massa standar dm= koreksi alat
B95: Komponen | C95: Satuan | D95: Distribusi | E95: U | F95: Pembagi | G95: vi | H95: ui | I95: ci | J95: uici | K95: (uici)2 | L95: (uici)4/vi
B96: 1 | C96: 2 | D96: 3 | E96: 4 | F96: 5 | G96: 6 | H96: 7 | I96: 8 | J96: 9 | K96: 10 | L96: 11
B97: Standar | C97: mg | D97: Normal | E97: =C53 -> 0.009 | F97: 2 | G97: 60 | H97: =E97/F97 -> 0.0045 | I97: 1 | J97: =H97*I97 -> 0.0045 | K97: =J97^2 -> 2.025e-05 | L97: =J97^4/G97 -> 6.834375e-12
B98: Repeatability | C98: mg | D98: Rectangular | E98: =(G86*1000)/SQRT(10) -> 0.0025495098 | F98: 1 | G98: =IF(G80>G82,9,1000) -> 9 | H98: =E98/F98 -> 0.0025495098 | I98: 1 | J98: =H98*I98 -> 0.0025495098 | K98: =J98^2 -> 6.5e-06 | L98: =J98^4/G98 -> 4.6944444e-12
B99: Rounding | C99: mg | D99: Rectangular | E99: =0.0005 -> 0.0005 | F99: =SQRT(3) -> 1.7320508 | G99: 1000 | H99: =E99/F99 -> 0.00028867513 | I99: 1 | J99: =H99*I99 -> 0.00028867513 | K99: =J99^2 -> 8.3333333e-08 | L99: =J99^4/G99 -> 6.9444444e-18
B100: Instability | C100: mg | D100: Normal | E100: =0.08*G92 -> 0.0032 | F100: 1 | G100: 4 | H100: =E100/F100 -> 0.0032 | I100: 1 | J100: =H100*I100 -> 0.0032 | K100: =J100^2 -> 1.024e-05 | L100: =J100^4/G100 -> 2.62144e-11
B101: Buoyancy | C101: mg | D101: Rectangular | E101: =4.5*10^-9*8000*0.114*$C$92 -> 8.208e-06 | F101: 1 | G101: 1000 | H101: =E101/F101 -> 8.208e-06 | I101: 1 | J101: =H101*I101 -> 8.208e-06 | K101: =J101^2 -> 6.7371264e-11 | L101: =J101^4/G101 -> 4.5388872e-24
B102: Sums | K102: =SUM(K97:K101) -> 3.7073401e-05 | L102: =SUM(L97:L101) -> 3.7743226e-11
B103: Ketidakpastian baku gabungan, uc, mg | K103: =SQRT(K102) -> 0.006088793
B104: Dearajat kebebasan efektif, veff | K104: =(K103^4)/L102 -> 36.415462
B105: Faktor cakupan, k-student for veff and CL 95% | K105: =TINV(0.05,K104) -> 2.028094
B106: Ketidakpastian bentangan, U = kuc, mg | K106: =K105*K103 -> 0.012348645
B107: Atau ketidakpastian bentangan, U = kuc, mg | K107: =K105*K103 -> 0.012348645
...

Sheet 5
A1: E2 2024 | E1: F1 (B4T 2024) | I1: M1 | M1: E2 METTLER TOLEDO 2025 | Q1: TABEL MPE OIML R111-1
A2: Nominal (g) | B2: Massa konvensional (g) | C2: U95 (mg) | E2: Nominal (g) | F2: Massa konvensional (g) | G2: U95 (mg) | I2: Identitas | J2: Massa konvensional (g) | K2: U95 (mg) | M2: Nominal (g) | N2: Massa konvensional (g) | O2: U95 (mg) | Q2: Nominal Value | R2: Class E1 | S2: Class E2 | T2: Class F1 | U2: Class F2 | V2: Class M1 | W2: Class M2 | X2: Class M3
A3: 2000 | B3: 1999.9985 | C3: 0.32 | E3: 20000 | F3: 20000.022 | G3: 13 | I3: M1 | J3: 19999.414 | K3: 45 | M3: 0.001 | N3: 0.001003 | O3: 0.002 | Q3: 50 kg | R3: 25 | S3: 75 | T3: 250 | U3: 750 | V3: 2500 | W3: 7500 | X3: 25000
A4: 1000 | B4: 1000.0005 | C4: 0.14 | E4: 10000 | F4: 10000.041 | G4: 4.6 | I4: M2 | J4: 19999.234 | K4: 45 | M4: 0.002 | N4: 0.002003 | O4: 0.002 | Q4: 20 kg | R4: 10 | S4: 30 | T4: 100 | U4: 300 | V4: 1000 | W4: 3000 | X4: 10000
A5: 500 | B5: 500.00001 | C5: 0.08 | E5: 5000 | F5: 5000.005 | G5: 8 | I5: M3 | J5: 19999.627 | K5: 45 | M5: 0,002t | N5: 0.002001 | O5: 0.002 | Q5: 10 kg | R5: 5 | S5: 15 | T5: 50 | U5: 150 | V5: 500 | W5: 1500 | X5: 5000
A6: 200 | B6: 200.00001 | C6: 0.04 | E6: 2000* | F6: 1999.999 | G6: 3 | I6: M4 | J6: 20000.346 | K6: 45 | M6: 0.005 | N6: 0.005004 | O6: 0.002 | Q6: 5 kg | R6: 2.5 | S6: 7.5 | T6: 25 | U6: 75 | V6: 250 | W6: 750 | X6: 2500
A7: 200* | B7: 200.00005 | C7: 0.04 | E7: 2000 | F7: 1999.996 | G7: 3 | I7: M5 | J7: 20000.124 | K7: 45 | M7: 0.01 | N7: 0.010002 | O7: 0.003 | Q7: 2 kg | R7: 1 | S7: 3 | T7: 10 | U7: 30 | V7: 100 | W7: 300 | X7: 1000
A8: 100 | B8: 100.00008 | C8: 0.03 | E8: 1000 | F8: 1000.001 | G8: 1.7 | I8: M6 | J8: 20000.154 | K8: 45 | M8: 0.02 | N8: 0.020003 | O8: 0.003 | Q8: 1 kg | R8: 0.5 | S8: 1.5 | T8: 5 | U8: 15 | V8: 50 | W8: 150 | X8: 500
A9: 50 | B9: 50.00002 | C9: 0.02 | E9: 500 | F9: 500 | G9: 1.1 | I9: M7 | J9: 19999.125 | K9: 45 | M9: 0,02t | N9: 0.020005 | O9: 0.003 | Q9: 500 g | R9: 0.25 | S9: 0.75 | T9: 2.5 | U9: 7.5 | V9: 25 | W9: 75 | X9: 250
A10: 20 | B10: 19.999978 | C10: 0.009 | E10: 200 | F10: 199.99953 | G10: 0.3 | I10: M8 | J10: 19999.806 | K10: 45 | M10: 0.05 | N10: 0.050005 | O10: 0.003 | Q10: 200 g | R10: 0.01 | S10: 0.3 | T10: 1 | U10: 3 | V10: 10 | W10: 30 | X10: 100
A11: 20* | B11: 19.999977 | C11: 0.009 | E11: 200* | F11: 199.99873 | G11: 0.3 | I11: M9 | J11: 20000.237 | K11: 45 | M11: 0.1 | N11: 0.100008 | O11: 0.003 | Q11: 100 g | R11: 0.05 | S11: 0.15 | T11: 0.5 | U11: 1.5 | V11: 5 | W11: 15 | X11: 50
A12: 10 | B12: 9.999976 | C12: 0.008 | E12: 100 | F12: 99.99961 | G12: 0.16 | I12: M10 | J12: 19999.832 | K12: 45 | M12: 0.2 | N12: 0.200009 | O12: 0.005 | Q12: 50 g | R12: 0.03 | S12: 0.1 | T12: 0.3 | U12: 1 | V12: 3 | W12: 10 | X12: 30
A13: 5 | B13: 5.000006 | C13: 0.007 | E13: 50 | F13: 49.99956 | G13: 0.1 | I13: M11 | J13: 19999.934 | K13: 45 | M13: 0,2t | N13: 0.200002 | O13: 0.005 | Q13: 20 g | R13: 0.025 | S13: 0.08 | T13: 0.25 | U13: 0.8 | V13: 2.5 | W13: 8 | X13: 25
A14: 2 | B14: 2.000013 | C14: 0.005 | E14: 20 | F14: 20.00001 | G14: 0.08 | I14: M12 | J14: 19999.845 | K14: 45 | M14: 0.5 | N14: 0.500006 | O14: 0.006 | Q14: 10 g | R14: 0.02 | S14: 0.06 | T14: 0.2 | U14: 0.6 | V14: 2 | W14: 6 | X14: 20
A15: 2* | B15: 2.000015 | C15: 0.005 | E15: 20* | F15: 20.00004 | G15: 0.08 | I15: M13 | J15: 20000.802 | K15: 45 | M15: 1 | N15: 1.000016 | O15: 0.007 | Q15: 5 g | R15: 0.015 | S15: 0.05 | T15: 0.15 | U15: 0.5 | V15: 1.5 | W15: 5 | X15: 15
A16: 1 | B16: 0.999997 | C16: 0.005 | E16: 10 | F16: 10.00001 | G16: 0.06 | I16: M14 | J16: 19999.575 | K16: 45 | M16: 2 | N16: 1.999992 | O16: 0.009 | Q16: 2 g | R16: 0.012 | S16: 0.04 | T16: 0.12 | U16: 0.4 | V16: 1.2 | W16: 4 | X16: 12
A17: 0.5 | B17: 0.500018 | C17: 0.004 | E17: 5 | F17: 4.99994 | G17: 0.05 | I17: M15 | J17: 20000.329 | K17: 45 | M17: 2t | N17: 1.999991 | O17: 0.009 | Q17: 1 g | R17: 0.01 | S17: 0.03 | T17: 0.1 | U17: 0.3 | V17: 1 | W17: 3 | X17: 10
A18: 0.2 | B18: 0.200013 | C18: 0.003 | E18: 2 | F18: 2 | G18: 0.04 | I18: M16 | J18: 20000.932 | K18: 45 | M18: 5 | N18: 5.000023 | O18: 0.011 | Q18: 500 mg | R18: 0.008 | S18: 0.025 | T18: 0.08 | U18: 0.25 | V18: 0.8 | W18: 2.5 | X18: -
A19: 0.2* | B19: 0.200015 | C19: 0.003 | E19: 2* | F19: 1.99998 | G19: 0.04 | I19: 20LZ1 | J19: 20001.683 | K19: 45 | M19: 10 | N19: 10.000033 | O19: 0.014 | Q19: 200 mg | R19: 0.006 | S19: 0.02 | T19: 0.06 | U19: 0.2 | V19: 0.6 | W19: 2 | X19: -
A20: 0.1 | B20: 0.100003 | C20: 0.002 | E20: 1 | F20: 1 | G20: 0.03 | I20: 10LZ1 | J20: 10001.617 | K20: 26 | M20: 20 | N20: 20.000035 | O20: 0.018 | Q20: 100 mg | R20: 0.005 | S20: 0.015 | T20: 0.05 | U20: 0.15 | V20: 0.5 | W20: 1.5 | X20: -
I21: 5A | J21: 4998.996 | K21: 5.7 | M21: 20t | N21: 20.000038 | O21: 0.018 | Q21: 50 mg | R21: 0.004 | S21: 0.012 | T21: 0.04 | U21: 0.12 | V21: 0.4 | W21: - | X21: -
I22: 10A | J22: 9999.566 | K22: 26 | M22: 50 | N22: 50.00002 | O22: 0.03 | Q22: 20 mg | R22: 0.003 | S22: 0.01 | T22: 0.03 | U22: 0.1 | V22: 0.3 | W22: - | X22: -
B23: ISI DATA | I23: A | J23: 19999.312 | K23: 45 | M23: 100 | N23: 100.00029 | O23: 0.05 | Q23: 10 mg | R23: 0.002 | S23: 0.008 | T23: 0.025 | U23: 0.08 | V23: 0.25 | W23: - | X23: -
B24: Deskripsi | C24: Isi | D24: Satuan | I24: B | J24: 19999.19 | K24: 45 | M24: 200 | N24: 200.00025 | O24: 0.08 | Q24: 5 mg | R24: 0.002 | S24: 0.006 | T24: 0.02 | U24: 0.06 | V24: 0.2 | W24: - | X24: -
B25: No Order | C25: K519-1 | I25: C | J25: 19999.069 | K25: 45 | M25: 200t | N25: 200.00025 | O25: 0.08 | Q25: 2 mg | R25: 0.002 | S25: 0.006 | T25: 0.02 | U25: 0.06 | V25: 0.2 | W25: - | X25: -
B26: Pemilik Alat | C26: PT. XXXXXX | I26: D | J26: 19999.282 | K26: 45 | M26: 500 | N26: 500.00075 | O26: 0.16 | Q26: 1 mg | R26: 0.002 | S26: 0.006 | T26: 0.02 | U26: 0.06 | V26: 0.2 | W26: - | X26: -
B27: Alamat Pemilik Alat | C27: Jalan, Desa, Kecamatan, Kabupaten, Provinsi | I27: E | J27: 19999.268 | K27: 45 | M27: 1000 | N27: 1000.0009 | O27: 0.16
B28: Lokasi Alat | C28: Lab massa BBLM | I28: F | J28: 19999.33 | K28: 45
B29: Nama Alat | C29: Anak timbangan | I29: G | J29: 19999.21 | K29: 45
B30: Merk | C30: - | I30: H | J30: 20000.486 | K30: 45
B31: Tipe | C31: F1 | I31: I | J31: 19999.254 | K31: 45
B32: No Seri | C32: 124918
B33: No. Identifikasi | C33: -
B34: Temperatur Awal | C34: 20.1 | D34: °C
B35: Temperatur Akhir | C35: 20.1 | D35: °C
B36: Temperatur rata2 | C36: =AVERAGE(C34,C35) -> 20.1 | D36: °C
B37: Kelembaban Awal | C37: 60 | D37: %RH
B38: Kelembaban Akhir | C38: 60 | D38: %RH
B39: Kelembapan rata2 | C39: =AVERAGE(C37,C38) -> 60 | D39: %RH
B40: Tekanan awal | C40: 922 | D40: hPa | E40: =C40*H40 -> 691.55901 | F40: mmHg | G40: 1 hPa | H40: 0.750064 | I40: mmHg
B41: Tekanan akhir | C41: 922 | D41: hPa | E41: =C41*H41 -> 691.55901 | F41: mmHg | G41: 1 hPa | H41: 0.750064 | I41: mmHg
B42: Tekanan rata2 | C42: =AVERAGE(C40:C41) -> 922 | D42: hPa | E42: =C42*H42 -> 691.55901 | F42: mmHg | G42: 1 hPa | H42: 0.750064 | I42: mmHg
B43: Tanggal Terima | C43: 22 September 2025 | E43: Tanggal ditulis dengan format text
B44: Tanggal Kalibrasi | C44: 22 September 2025 | E44: Tanggal ditulis dengan format text
B45: Titik Ukur | C45: 5 | D45: g
B46: Mass Comp
B47: Resolusi | C47: 1e-05 | D47: g
B48: No. Seri Mass comp | C48: 90803270
B49: Kalibrator | C49: E2 METTLER TOLEDO | E49: `
B50: Merk Kalibrator | C50: Mettler Toledo
B51: No Seri | C51: 158856
B52: Massa standard | C52: =N18 -> 5.000023 | D52: g
B53: U95 standard | C53: =O18 -> 0.011 | D53: mg
B55: X1 | C55: X2 | D55: X3 | E55: X4 | F55: X5 | G55: dm
B56: ( g ) | C56: ( g ) | D56: ( g ) | E56: ( g ) | F56: ( g ) | G56: g
A57: r1 | B57: 5.00002
A58: t1 | B58: 5.00008 | G58: =B58-B57 -> 6e-05
A59: t2 | B59: 5.00008
A60: r2 | B60: 5.00002 | G60: =B59-B60 -> 6e-05
A61: r3 | C61: 5
A62: t3 | C62: 5.00012 | G62: =C62-C61 -> 0.00012
A63: t4 | C63: 5.00006
A64: r4 | C64: 4.99998 | G64: =C63-C64 -> 8e-05
A65: r5 | D65: 5
A66: t5 | D66: 5.00008 | G66: =D66-D65 -> 8e-05
A67: t6 | D67: 5.00005
A68: r6 | D68: 5.00001 | G68: =D67-D68 -> 4e-05
A69: r7 | E69: 4.99997
A70: t7 | E70: 5.0001 | G70: =E70-E69 -> 0.00013
A71: t8 | E71: 5.00007
A72: r8 | E72: 5.00001 | G72: =E71-E72 -> 6e-05
A73: r9 | F73: 5
A74: t9 | F74: 5.00008 | G74: =F74-F73 -> 8e-05
A75: t10 | F75: 5.00006
A76: r10 | F76: 4.99999 | G76: =F75-F76 -> 7e-05
F78: Mean | G78: =AVERAGE(G57:G76) -> 7.8e-05 | H78: g
F80: Stdev | G80: =STDEVP(G57:G76) -> 2.6381812e-05 | H80: g
F82: S_res | G82: =(0.82*C47)/2 -> 4.1e-06 | H82: g
F84: Mt | G84: =C52+G78 -> 5.000101 | H84: g
G85: =G84 -> 5.000101
F86: Srepeat | G86: =IF(G80>G82,G80,G82) -> 2.6381812e-05
B88: UNCERTAINTY BUDGET SEBAGAI PENDUKUNG KLAIM BMC
B89: Besaran yang diukur : | C89: Massa
B90: Jenis alat yang dikalibrasi : | C90: Anak timbangan M3
B91: Standar yang digunakan : | C91: Anak timbangan F1
B92: Titik Ukur : | C92: =C45 -> 5 | D92: g | F92: MPE 5 g | G92: =S15 -> 0.05 | H92: mg
B93: Model matematis : Mt= Ms +dm dengan Mt= massa massa konvensional yang dikalibrasi Ms = massa standar dm= koreksi alat
B95: Komponen | C95: Satuan | D95: Distribusi | E95: U | F95: Pembagi | G95: vi | H95: ui | I95: ci | J95: uici | K95: (uici)2 | L95: (uici)4/vi
B96: 1 | C96: 2 | D96: 3 | E96: 4 | F96: 5 | G96: 6 | H96: 7 | I96: 8 | J96: 9 | K96: 10 | L96: 11
B97: Standar | C97: mg | D97: Normal | E97: =C53 -> 0.011 | F97: 2 | G97: 60 | H97: =E97/F97 -> 0.0055 | I97: 1 | J97: =H97*I97 -> 0.0055 | K97: =J97^2 -> 3.025e-05 | L97: =J97^4/G97 -> 1.5251042e-11
B98: Repeatability | C98: mg | D98: Rectangular | E98: =(G86*1000)/SQRT(10) -> 0.0083426614 | F98: 1 | G98: =IF(G80>G82,9,1000) -> 9 | H98: =E98/F98 -> 0.0083426614 | I98: 1 | J98: =H98*I98 -> 0.0083426614 | K98: =J98^2 -> 6.96e-05 | L98: =J98^4/G98 -> 5.3824e-10
B99: Rounding | C99: mg | D99: Rectangular | E99: =0.0005 -> 0.0005 | F99: =SQRT(3) -> 1.7320508 | G99: 1000 | H99: =E99/F99 -> 0.00028867513 | I99: 1 | J99: =H99*I99 -> 0.00028867513 | K99: =J99^2 -> 8.3333333e-08 | L99: =J99^4/G99 -> 6.9444444e-18
B100: Instability | C100: mg | D100: Normal | E100: =0.08*G92 -> 0.004 | F100: 1 | G100: 4 | H100: =E100/F100 -> 0.004 | I100: 1 | J100: =H100*I100 -> 0.004 | K100: =J100^2 -> 1.6e-05 | L100: =J100^4/G100 -> 6.4e-11
B101: Buoyancy | C101: mg | D101: Rectangular | E101: =4.5*10^-9*8000*0.114*$C$92 -> 2.052e-05 | F101: 1 | G101: 1000 | H101: =E101/F101 -> 2.052e-05 | I101: 1 | J101: =H101*I101 -> 2.052e-05 | K101: =J101^2 -> 4.210704e-10 | L101: =J101^4/G101 -> 1.7730028e-22
B102: Sums | K102: =SUM(K97:K101) -> 0.00011593375 | L102: =SUM(L97:L101) -> 6.1749105e-10
B103: Ketidakpastian baku gabungan, uc, mg | K103: =SQRT(K102) -> 0.010767254
B104: Dearajat kebebasan efektif, veff | K104: =(K103^4)/L102 -> 21.766527
B105: Faktor cakupan, k-student for veff and CL 95% | K105: =TINV(0.05,K104) -> 2.0796138
B106: Ketidakpastian bentangan, U = kuc, mg | K106: =K105*K103 -> 0.02239173
B107: Atau ketidakpastian bentangan, U = kuc, mg | K107: =K105*K103 -> 0.02239173
...

Sheet 10
A1: E2 2024 | E1: F1 (B4T 2024) | I1: M1 | M1: E2 METTLER TOLEDO 2025 | Q1: TABEL MPE OIML R111-1
A2: Nominal (g) | B2: Massa konvensional (g) | C2: U95 (mg) | E2: Nominal (g) | F2: Massa konvensional (g) | G2: U95 (mg) | I2: Identitas | J2: Massa konvensional (g) | K2: U95 (mg) | M2: Nominal (g) | N2: Massa konvensional (g) | O2: U95 (mg) | Q2: Nominal Value | R2: Class E1 | S2: Class E2 | T2: Class F1 | U2: Class F2 | V2: Class M1 | W2: Class M2 | X2: Class M3
A3: 2000 | B3: 1999.9985 | C3: 0.32 | E3: 20000 | F3: 20000.022 | G3: 13 | I3: M1 | J3: 19999.414 | K3: 45 | M3: 0.001 | N3: 0.001003 | O3: 0.002 | Q3: 50 kg | R3: 25 | S3: 75 | T3: 250 | U3: 750 | V3: 2500 | W3: 7500 | X3: 25000
A4: 1000 | B4: 1000.0005 | C4: 0.14 | E4: 10000 | F4: 10000.041 | G4: 4.6 | I4: M2 | J4: 19999.234 | K4: 45 | M4: 0.002 | N4: 0.002003 | O4: 0.002 | Q4: 20 kg | R4: 10 | S4: 30 | T4: 100 | U4: 300 | V4: 1000 | W4: 3000 | X4: 10000
A5: 500 | B5: 500.00001 | C5: 0.08 | E5: 5000 | F5: 5000.005 | G5: 8 | I5: M3 | J5: 19999.627 | K5: 45 | M5: 0,002t | N5: 0.002001 | O5: 0.002 | Q5: 10 kg | R5: 5 | S5: 15 | T5: 50 | U5: 150 | V5: 500 | W5: 1500 | X5: 5000
A6: 200 | B6: 200.00001 | C6: 0.04 | E6: 2000* | F6: 1999.999 | G6: 3 | I6: M4 | J6: 20000.346 | K6: 45 | M6: 0.005 | N6: 0.005004 | O6: 0.002 | Q6: 5 kg | R6: 2.5 | S6: 7.5 | T6: 25 | U6: 75 | V6: 250 | W6: 750 | X6: 2500
A7: 200* | B7: 200.00005 | C7: 0.04 | E7: 2000 | F7: 1999.996 | G7: 3 | I7: M5 | J7: 20000.124 | K7: 45 | M7: 0.01 | N7: 0.010002 | O7: 0.003 | Q7: 2 kg | R7: 1 | S7: 3 | T7: 10 | U7: 30 | V7: 100 | W7: 300 | X7: 1000
A8: 100 | B8: 100.00008 | C8: 0.03 | E8: 1000 | F8: 1000.001 | G8: 1.7 | I8: M6 | J8: 20000.154 | K8: 45 | M8: 0.02 | N8: 0.020003 | O8: 0.003 | Q8: 1 kg | R8: 0.5 | S8: 1.5 | T8: 5 | U8: 15 | V8: 50 | W8: 150 | X8: 500
A9: 50 | B9: 50.00002 | C9: 0.02 | E9: 500 | F9: 500 | G9: 1.1 | I9: M7 | J9: 19999.125 | K9: 45 | M9: 0,02t | N9: 0.020005 | O9: 0.003 | Q9: 500 g | R9: 0.25 | S9: 0.75 | T9: 2.5 | U9: 7.5 | V9: 25 | W9: 75 | X9: 250
A10: 20 | B10: 19.999978 | C10: 0.009 | E10: 200 | F10: 199.99953 | G10: 0.3 | I10: M8 | J10: 19999.806 | K10: 45 | M10: 0.05 | N10: 0.050005 | O10: 0.003 | Q10: 200 g | R10: 0.01 | S10: 0.3 | T10: 1 | U10: 3 | V10: 10 | W10: 30 | X10: 100
A11: 20* | B11: 19.999977 | C11: 0.009 | E11: 200* | F11: 199.99873 | G11: 0.3 | I11: M9 | J11: 20000.237 | K11: 45 | M11: 0.1 | N11: 0.100008 | O11: 0.003 | Q11: 100 g | R11: 0.05 | S11: 0.15 | T11: 0.5 | U11: 1.5 | V11: 5 | W11: 15 | X11: 50
A12: 10 | B12: 9.999976 | C12: 0.008 | E12: 100 | F12: 99.99961 | G12: 0.16 | I12: M10 | J12: 19999.832 | K12: 45 | M12: 0.2 | N12: 0.200009 | O12: 0.005 | Q12: 50 g | R12: 0.03 | S12: 0.1 | T12: 0.3 | U12: 1 | V12: 3 | W12: 10 | X12: 30
A13: 5 | B13: 5.000006 | C13: 0.007 | E13: 50 | F13: 49.99956 | G13: 0.1 | I13: M11 | J13: 19999.934 | K13: 45 | M13: 0,2t | N13: 0.200002 | O13: 0.005 | Q13: 20 g | R13: 0.025 | S13: 0.08 | T13: 0.25 | U13: 0.8 | V13: 2.5 | W13: 8 | X13: 25
A14: 2 | B14: 2.000013 | C14: 0.005 | E14: 20 | F14: 20.00001 | G14: 0.08 | I14: M12 | J14: 19999.845 | K14: 45 | M14: 0.5 | N14: 0.500006 | O14: 0.006 | Q14: 10 g | R14: 0.02 | S14: 0.06 | T14: 0.2 | U14: 0.6 | V14: 2 | W14: 6 | X14: 20
A15: 2* | B15: 2.000015 | C15: 0.005 | E15: 20* | F15: 20.00004 | G15: 0.08 | I15: M13 | J15: 20000.802 | K15: 45 | M15: 1 | N15: 1.000016 | O15: 0.007 | Q15: 5 g | R15: 0.015 | S15: 0.05 | T15: 0.15 | U15: 0.5 | V15: 1.5 | W15: 5 | X15: 15
A16: 1 | B16: 0.999997 | C16: 0.005 | E16: 10 | F16: 10.00001 | G16: 0.06 | I16: M14 | J16: 19999.575 | K16: 45 | M16: 2 | N16: 1.999992 | O16: 0.009 | Q16: 2 g | R16: 0.012 | S16: 0.04 | T16: 0.12 | U16: 0.4 | V16: 1.2 | W16: 4 | X16: 12
A17: 0.5 | B17: 0.500018 | C17: 0.004 | E17: 5 | F17: 4.99994 | G17: 0.05 | I17: M15 | J17: 20000.329 | K17: 45 | M17: 2t | N17: 1.999991 | O17: 0.009 | Q17: 1 g | R17: 0.01 | S17: 0.03 | T17: 0.1 | U17: 0.3 | V17: 1 | W17: 3 | X17: 10
A18: 0.2 | B18: 0.200013 | C18: 0.003 | E18: 2 | F18: 2 | G18: 0.04 | I18: M16 | J18: 20000.932 | K18: 45 | M18: 5 | N18: 0.500006 | O18: 0.011 | Q18: 500 mg | R18: 0.008 | S18: 0.025 | T18: 0.08 | U18: 0.25 | V18: 0.8 | W18: 2.5 | X18: -
A19: 0.2* | B19: 0.200015 | C19: 0.003 | E19: 2* | F19: 1.99998 | G19: 0.04 | I19: 20LZ1 | J19: 20001.683 | K19: 45 | M19: 10 | N19: 10.000033 | O19: 0.014 | Q19: 200 mg | R19: 0.006 | S19: 0.02 | T19: 0.06 | U19: 0.2 | V19: 0.6 | W19: 2 | X19: -
A20: 0.1 | B20: 0.100003 | C20: 0.002 | E20: 1 | F20: 1 | G20: 0.03 | I20: 10LZ1 | J20: 10001.617 | K20: 26 | M20: 20 | N20: 20.000035 | O20: 0.018 | Q20: 100 mg | R20: 0.005 | S20: 0.015 | T20: 0.05 | U20: 0.15 | V20: 0.5 | W20: 1.5 | X20: -
I21: 5A | J21: 4998.996 | K21: 5.7 | M21: 20t | N21: 20.000038 | O21: 0.018 | Q21: 50 mg | R21: 0.004 | S21: 0.012 | T21: 0.04 | U21: 0.12 | V21: 0.4 | W21: - | X21: -
I22: 10A | J22: 9999.566 | K22: 26 | M22: 50 | N22: 50.00002 | O22: 0.03 | Q22: 20 mg | R22: 0.003 | S22: 0.01 | T22: 0.03 | U22: 0.1 | V22: 0.3 | W22: - | X22: -
B23: ISI DATA | I23: A | J23: 19999.312 | K23: 45 | M23: 100 | N23: 100.00029 | O23: 0.05 | Q23: 10 mg | R23: 0.002 | S23: 0.008 | T23: 0.025 | U23: 0.08 | V23: 0.25 | W23: - | X23: -
B24: Deskripsi | C24: Isi | D24: Satuan | I24: B | J24: 19999.19 | K24: 45 | M24: 200 | N24: 200.00025 | O24: 0.08 | Q24: 5 mg | R24: 0.002 | S24: 0.006 | T24: 0.02 | U24: 0.06 | V24: 0.2 | W24: - | X24: -
B25: No Order | C25: K519-1 | I25: C | J25: 19999.069 | K25: 45 | M25: 200t | N25: 200.00025 | O25: 0.08 | Q25: 2 mg | R25: 0.002 | S25: 0.006 | T25: 0.02 | U25: 0.06 | V25: 0.2 | W25: - | X25: -
B26: Pemilik Alat | C26: PT. XXXXXX | I26: D | J26: 19999.282 | K26: 45 | M26: 500 | N26: 500.00075 | O26: 0.16 | Q26: 1 mg | R26: 0.002 | S26: 0.006 | T26: 0.02 | U26: 0.06 | V26: 0.2 | W26: - | X26: -
B27: Alamat Pemilik Alat | C27: Jalan, Desa, Kecamatan, Kabupaten, Provinsi | I27: E | J27: 19999.268 | K27: 45 | M27: 1000 | N27: 1000.0009 | O27: 0.16
B28: Lokasi Alat | C28: Lab massa BBLM | I28: F | J28: 19999.33 | K28: 45
