Workbook

Sheet Sertifikat
B2: S E R T I F I K A T K A L I B R A S I
B3: C A L I B R A T I O N C E R T I F I C A T E
G4: Nomor / | H4: Number | K4: : | N4: 0092-6.1 | O4: =CONCATENATE("/KALIBRASI BBLM/",ROMAN(TEXT(T36,"m")),"/",TEXT(T36,"yyyy")) -> /KALIBRASI BBLM/XI/2025
B7: IDENTITAS ALAT
B8: INSTRUMENT DETAILS
B10: Nama Alat | H10: =PROPER(RIGHT(Data!F2,11)) -> Multi Meter
B11: Instrument Name
B12: Merek | H12: =Data!D8 -> FLUKE
B13: Brand
B14: Tipe | H14: =Data!J8 -> 179
B15: Type
B16: Nomor Identitas | H16: =Data!J10 -> -
B17: Identity Number
B18: Nomor Seri | H18: =Data!D10 -> 66340242
B19: Serial Number
B20: Lain-lain | H20: Kapasitas | M20: =Data!D9 -> -
B21: Others | H21: Kecermatan | M21: -
B24: IDENTITAS PEMILIK
B25: OWNER'S IDENTIFICATION
B27: Nama | H27: PT Rukun Sejahtera Teknik
B28: Designation
B29: Alamat | H29: Karawang Sentral Bizhub, Jl. Raya Telukjambe No. 8 Karawang, Jawa Barat
B30: Address
P33: Halaman | Q33: 1 | R33: dari | T33: 4 | U33: halaman
P34: Page | R34: of | U34: pages
S36: Diterbitkan Tanggal | T36: 45965
S37: Date of Issue
L40: Ketua Tim Laboratorium Kalibrasi dan Penguji,
L41: Yoyon Suyono
L42: NIP. 196804111996031001
M51: Nomor | Q51: =CONCATENATE($N$4,$O$4) -> 0092-6.1/KALIBRASI BBLM/XI/2025
M52: No. Order | Q52: =Data!C$15 -> K560
M53: Halaman | Q53: =CONCATENATE(INT(ROW()/49)+1, " dari ",T$33) -> 2 dari 4
B56: SPESIFIKASI ALAT
B57: Nama | J57: =PROPER(RIGHT(Data!F2,11)) -> Multi Meter
B58: Merek / Tipe | J58: =CONCATENATE(Data!D8," / ",Data!J8) -> FLUKE / 179
B59: No. Identitas / No. Seri | J59: =CONCATENATE(Data!J10," / ",Data!D10) -> - / 66340242
B60: Kapasitas | J60: =Data!D9 -> -
B61: Kecermatan | J61: -
B62: Prosedur Kalibrasi | J62: =Data!D11 -> IK-K-KL-01
B63: Tanggal Terima | J63: =Data!C16 -> 45937 | Q63: Kondisi ruang
B64: Tanggal Kalibrasi | J64: =Data!C17 -> 45952 | Q64: Suhu ruang | V64: =CONCATENATE("(",ROUND(Data!F14,1)," ± ",ROUND(Data!G14,1),") °C") -> (22,9 ± 0,5) °C
Q65: Kelembaban | V65: =CONCATENATE("(",ROUND(Data!L14,1)," ± ",ROUND(Data!M14,1),") %RH") -> (63,3 ± 1,4) %RH
B68: HASIL KALIBRASI
E71: Tegangan AC (AC Voltmeter), f = 50 Hz
E73: Rentang Ukur | J73: Pembacaan Alat | O73: Koreksi Alat | T73: Ketidakpastian U95% (k=2)
J75: ="* "&'Kor&U95% VAC'!H2 -> * 60,3 | M75: ='Kor&U95% VAC'!I2 -> mV | O75: ='Kor&U95% VAC'!J2 -> -0.31153335 | R75: =M75 -> mV | T75: =IF('Kor&U95% VAC'!K2>'Kor&U95% VAC'!M2,'Kor&U95% VAC'!K2,'Kor&U95% VAC'!M2) -> 0.072 | W75: =R75 -> mV
F76: =CONCATENATE('Kor&U95% VAC'!C2," ",'Kor&U95% VAC'!D2) -> 50 Hz | J76: ='Kor&U95% VAC'!H3 -> 300.1 | M76: ='Kor&U95% VAC'!I3 -> mV | O76: ='Kor&U95% VAC'!J3 -> -0.097787121 | R76: =M76 -> mV | T76: =IF('Kor&U95% VAC'!K3>'Kor&U95% VAC'!M3,'Kor&U95% VAC'!K3,'Kor&U95% VAC'!M3) -> 0.36 | W76: =R76 -> mV
J77: ='Kor&U95% VAC'!H4 -> 539.9 | M77: ='Kor&U95% VAC'!I4 -> mV | O77: ='Kor&U95% VAC'!J4 -> 0.1 | R77: =M77 -> mV | T77: =IF('Kor&U95% VAC'!K4>'Kor&U95% VAC'!M4,'Kor&U95% VAC'!K4,'Kor&U95% VAC'!M4) -> 113.7667 | W77: =R77 -> mV
J78: ='Kor&U95% VAC'!H5 -> 0.603 | M78: ='Kor&U95% VAC'!I5 -> V | O78: ='Kor&U95% VAC'!J5 -> 0.0028722388 | R78: =M78 -> V | T78: =IF('Kor&U95% VAC'!K5>'Kor&U95% VAC'!M5,'Kor&U95% VAC'!K5,'Kor&U95% VAC'!M5) -> 0.047445186 | W78: =R78 -> V
F79: =CONCATENATE('Kor&U95% VAC'!C5," ",'Kor&U95% VAC'!D5) -> 50 Hz | J79: ='Kor&U95% VAC'!H6 -> 3.003 | M79: ='Kor&U95% VAC'!I6 -> V | O79: ='Kor&U95% VAC'!J6 -> -0.0022303262 | R79: =M79 -> V | T79: =IF('Kor&U95% VAC'!K6>'Kor&U95% VAC'!M6,'Kor&U95% VAC'!K6,'Kor&U95% VAC'!M6) -> 0.00177 | W79: =R79 -> V
J80: ='Kor&U95% VAC'!H7 -> 5.398 | M80: ='Kor&U95% VAC'!I7 -> V | O80: ='Kor&U95% VAC'!J7 -> 0.00063910448 | R80: =M80 -> V | T80: =IF('Kor&U95% VAC'!K7>'Kor&U95% VAC'!M7,'Kor&U95% VAC'!K7,'Kor&U95% VAC'!M7) -> 0.004104 | W80: =R80 -> V
J81: ='Kor&U95% VAC'!H8 -> 6.02 | M81: ='Kor&U95% VAC'!I8 -> V | O81: ='Kor&U95% VAC'!J8 -> -0.021326866 | R81: =M81 -> V | T81: =IF('Kor&U95% VAC'!K8>'Kor&U95% VAC'!M8,'Kor&U95% VAC'!K8,'Kor&U95% VAC'!M8) -> 0.0061061546 | W81: =R81 -> V
F82: =CONCATENATE('Kor&U95% VAC'!C8," ",'Kor&U95% VAC'!D8) -> 50 Hz | J82: ='Kor&U95% VAC'!H9 -> 30.03 | M82: ='Kor&U95% VAC'!I9 -> V | O82: ='Kor&U95% VAC'!J9 -> -0.030097452 | R82: =M82 -> V | T82: =IF('Kor&U95% VAC'!K9>'Kor&U95% VAC'!M9,'Kor&U95% VAC'!K9,'Kor&U95% VAC'!M9) -> 0.0228 | W82: =R82 -> V
J83: ='Kor&U95% VAC'!H10 -> 53.98 | M83: ='Kor&U95% VAC'!I10 -> V | O83: ='Kor&U95% VAC'!J10 -> 0.0038328358 | R83: =M83 -> V | T83: =IF('Kor&U95% VAC'!K10>'Kor&U95% VAC'!M10,'Kor&U95% VAC'!K10,'Kor&U95% VAC'!M10) -> 0.0459 | W83: =R83 -> V
J84: ='Kor&U95% VAC'!H11 -> 60.2 | M84: ='Kor&U95% VAC'!I11 -> V | O84: ='Kor&U95% VAC'!J11 -> -0.21601493 | R84: =M84 -> V | T84: =IF('Kor&U95% VAC'!K11>'Kor&U95% VAC'!M11,'Kor&U95% VAC'!K11,'Kor&U95% VAC'!M11) -> 0.061010325 | W84: =R84 -> V
F85: =CONCATENATE('Kor&U95% VAC'!C11," ",'Kor&U95% VAC'!D11) -> 50 Hz | J85: ='Kor&U95% VAC'!H12 -> 300.1 | M85: ='Kor&U95% VAC'!I12 -> V | O85: ='Kor&U95% VAC'!J12 -> -0.10152607 | R85: =M85 -> V | T85: =IF('Kor&U95% VAC'!K12>'Kor&U95% VAC'!M12,'Kor&U95% VAC'!K12,'Kor&U95% VAC'!M12) -> 0.255 | W85: =R85 -> V
J86: ='Kor&U95% VAC'!H13 -> 539.9 | M86: ='Kor&U95% VAC'!I13 -> V | O86: ='Kor&U95% VAC'!J13 -> 0.06880597 | R86: =M86 -> V | T86: =IF('Kor&U95% VAC'!K13>'Kor&U95% VAC'!M13,'Kor&U95% VAC'!K13,'Kor&U95% VAC'!M13) -> 0.4374 | W86: =R86 -> V
J87: ='Kor&U95% VAC'!H14 -> 101 | M87: ='Kor&U95% VAC'!I14 -> V | O87: ='Kor&U95% VAC'!J14 -> -1.015 | R87: =M87 -> V | T87: =IF('Kor&U95% VAC'!K14>'Kor&U95% VAC'!M14,'Kor&U95% VAC'!K14,'Kor&U95% VAC'!M14) -> 0.57768218 | W87: =R87 -> V
F88: =CONCATENATE('Kor&U95% VAC'!C14," ",'Kor&U95% VAC'!D14) -> 50 Hz | J88: ='Kor&U95% VAC'!H15 -> 500 | M88: ='Kor&U95% VAC'!I15 -> V | O88: ='Kor&U95% VAC'!J15 -> -0.034776119 | R88: =M88 -> V | T88: =IF('Kor&U95% VAC'!K15>'Kor&U95% VAC'!M15,'Kor&U95% VAC'!K15,'Kor&U95% VAC'!M15) -> 0.58726762 | W88: =R88 -> V
J89: ='Kor&U95% VAC'!H16 -> 899 | M89: ='Kor&U95% VAC'!I16 -> V | O89: ='Kor&U95% VAC'!J16 -> 1.0010448 | R89: =M89 -> V | T89: =IF('Kor&U95% VAC'!K16>'Kor&U95% VAC'!M16,'Kor&U95% VAC'!K16,'Kor&U95% VAC'!M16) -> 0.729 | W89: =R89 -> V
M102: Nomor | Q102: =CONCATENATE($N$4,$O$4) -> 0092-6.1/KALIBRASI BBLM/XI/2025
M103: No. Order | Q103: =Data!C$15 -> K560
M104: Halaman | Q104: =CONCATENATE(INT(ROW()/49)+1, " dari ",T$33) -> 3 dari 4
E107: Tegangan DC (DC Voltmeter)
E109: Rentang Ukur | J109: Pembacaan Alat | O109: Koreksi Alat | T109: Ketidakpastian U95% (k=2)
J111: ='Kor&U95% VDC'!F2 -> 60 | M111: ='Kor&U95% VDC'!G2 -> mV | O111: ='Kor&U95% VDC'!H2 -> -0.0022033294 | R111: =M111 -> mV | T111: =IF('Kor&U95% VDC'!I2>'Kor&U95% VDC'!K2,'Kor&U95% VDC'!I2,'Kor&U95% VDC'!K2) -> 0.057876079 | W111: =R111 -> mV
F112: =CONCATENATE('Kor&U95% VDC'!A2," ",'Kor&U95% VDC'!B2) -> 600 mV | J112: ='Kor&U95% VDC'!F3 -> 299.9 | M112: ='Kor&U95% VDC'!G3 -> mV | O112: ='Kor&U95% VDC'!H3 -> 0.089631098 | R112: =M112 -> mV | T112: =IF('Kor&U95% VDC'!I3>'Kor&U95% VDC'!K3,'Kor&U95% VDC'!I3,'Kor&U95% VDC'!K3) -> 0.108 | W112: =R112 -> mV
J113: ='Kor&U95% VDC'!F4 -> 539.9 | M113: ='Kor&U95% VDC'!G4 -> mV | O113: ='Kor&U95% VDC'!H4 -> 0.092925373 | R113: =M113 -> mV | T113: =IF('Kor&U95% VDC'!I4>'Kor&U95% VDC'!K4,'Kor&U95% VDC'!I4,'Kor&U95% VDC'!K4) -> 0.058450412 | W113: =R113 -> mV
J114: ='Kor&U95% VDC'!F5 -> 0.6 | M114: ='Kor&U95% VDC'!G5 -> V | O114: ='Kor&U95% VDC'!H5 -> -7.638806e-06 | R114: =M114 -> V | T114: =IF('Kor&U95% VDC'!I5>'Kor&U95% VDC'!K5,'Kor&U95% VDC'!I5,'Kor&U95% VDC'!K5) -> 0.00057742017 | W114: =R114 -> V
F115: =CONCATENATE('Kor&U95% VDC'!A5," ",'Kor&U95% VDC'!B5) -> 6 V | J115: ='Kor&U95% VDC'!F6 -> 2.999 | M115: ='Kor&U95% VDC'!G6 -> V | O115: ='Kor&U95% VDC'!H6 -> 0.00098001794 | R115: =M115 -> V | T115: =IF('Kor&U95% VDC'!I6>'Kor&U95% VDC'!K6,'Kor&U95% VDC'!I6,'Kor&U95% VDC'!K6) -> 0.00057815223 | W115: =R115 -> V
J116: ='Kor&U95% VDC'!F7 -> 5.399 | M116: ='Kor&U95% VDC'!G7 -> V | O116: ='Kor&U95% VDC'!H7 -> 0.00094913582 | R116: =M116 -> V | T116: =IF('Kor&U95% VDC'!I7>'Kor&U95% VDC'!K7,'Kor&U95% VDC'!I7,'Kor&U95% VDC'!K7) -> 0.00057967404 | W116: =R116 -> V
J117: ='Kor&U95% VDC'!F8 -> 6 | M117: ='Kor&U95% VDC'!G8 -> V | O117: ='Kor&U95% VDC'!H8 -> -5.4297114e-05 | R117: =M117 -> V | T117: =IF('Kor&U95% VDC'!I8>'Kor&U95% VDC'!K8,'Kor&U95% VDC'!I8,'Kor&U95% VDC'!K8) -> 0.0057737592 | W117: =R117 -> V
F118: =CONCATENATE('Kor&U95% VDC'!A8," ",'Kor&U95% VDC'!B8) -> 60 V | J118: ='Kor&U95% VDC'!F9 -> 30 | M118: ='Kor&U95% VDC'!G9 -> V | O118: ='Kor&U95% VDC'!H9 -> -6.6790981e-05 | R118: =M118 -> V | T118: =IF('Kor&U95% VDC'!I9>'Kor&U95% VDC'!K9,'Kor&U95% VDC'!I9,'Kor&U95% VDC'!K9) -> 0.0057862811 | W118: =R118 -> V
J119: ='Kor&U95% VDC'!F10 -> 53.99 | M119: ='Kor&U95% VDC'!G10 -> V | O119: ='Kor&U95% VDC'!H10 -> 0.0098713433 | R119: =M119 -> V | T119: =IF('Kor&U95% VDC'!I10>'Kor&U95% VDC'!K10,'Kor&U95% VDC'!I10,'Kor&U95% VDC'!K10) -> 0.0058416326 | W119: =R119 -> V
J120: ='Kor&U95% VDC'!F11 -> 60 | M120: ='Kor&U95% VDC'!G11 -> V | O120: ='Kor&U95% VDC'!H11 -> -0.00011970149 | R120: =M120 -> V | T120: =IF('Kor&U95% VDC'!I11>'Kor&U95% VDC'!K11,'Kor&U95% VDC'!I11,'Kor&U95% VDC'!K11) -> 0.057741857 | W120: =R120 -> V
F121: =CONCATENATE('Kor&U95% VDC'!A11," ",'Kor&U95% VDC'!B11) -> 600 V | J121: ='Kor&U95% VDC'!F12 -> 299.9 | M121: ='Kor&U95% VDC'!G12 -> V | O121: ='Kor&U95% VDC'!H12 -> 0.10023796 | R121: =M121 -> V | T121: =IF('Kor&U95% VDC'!I12>'Kor&U95% VDC'!K12,'Kor&U95% VDC'!I12,'Kor&U95% VDC'!K12) -> 0.057863118 | W121: =R121 -> V
J122: ='Kor&U95% VDC'!F13 -> 539.9 | M122: ='Kor&U95% VDC'!G13 -> V | O122: ='Kor&U95% VDC'!H13 -> 0.096223014 | R122: =M122 -> V | T122: =IF('Kor&U95% VDC'!I13>'Kor&U95% VDC'!K13,'Kor&U95% VDC'!I13,'Kor&U95% VDC'!K13) -> 0.058200411 | W122: =R122 -> V
J123: ='Kor&U95% VDC'!F14 -> 100 | M123: ='Kor&U95% VDC'!G14 -> V | O123: ='Kor&U95% VDC'!H14 -> -6e-05 | R123: =M123 -> V | T123: =IF('Kor&U95% VDC'!I14>'Kor&U95% VDC'!K14,'Kor&U95% VDC'!I14,'Kor&U95% VDC'!K14) -> 0.57735094 | W123: =R123 -> V
F124: =CONCATENATE('Kor&U95% VDC'!A14," ",'Kor&U95% VDC'!B14) -> 1000 V | J124: ='Kor&U95% VDC'!F15 -> 500 | M124: ='Kor&U95% VDC'!G15 -> V | O124: ='Kor&U95% VDC'!H15 -> -0.0037 | R124: =M124 -> V | T124: =IF('Kor&U95% VDC'!I15>'Kor&U95% VDC'!K15,'Kor&U95% VDC'!I15,'Kor&U95% VDC'!K15) -> 0.57737942 | W124: =R124 -> V
J125: ='Kor&U95% VDC'!F16 -> 900 | M125: ='Kor&U95% VDC'!G16 -> V | O125: ='Kor&U95% VDC'!H16 -> -0.0053959766 | R125: =M125 -> V | T125: =IF('Kor&U95% VDC'!I16>'Kor&U95% VDC'!K16,'Kor&U95% VDC'!I16,'Kor&U95% VDC'!K16) -> 0.57741787 | W125: =R125 -> V
E128: Arus AC (AC Amperemeter), f = 50 Hz
E130: Rentang Ukur | J130: Pembacaan Alat | O130: Koreksi Alat | T130: Ketidakpastian U95% (k=2)
J132: ='Kor&U95% IAC'!H2 -> 6.02 | M132: ='Kor&U95% IAC'!I2 -> mA | O132: ='Kor&U95% IAC'!J2 -> -0.019737313 | R132: =M132 -> mA | T132: =IF('Kor&U95% IAC'!K2>'Kor&U95% IAC'!M2,'Kor&U95% IAC'!K2,'Kor&U95% IAC'!M2) -> 0.009 | W132: =R132 -> mA
F133: =CONCATENATE('Kor&U95% IAC'!C2," ",'Kor&U95% IAC'!D2) -> 50 Hz | J133: ='Kor&U95% IAC'!H3 -> 30.06 | M133: ='Kor&U95% IAC'!I3 -> mA | O133: ='Kor&U95% IAC'!J3 -> -0.054511443 | R133: =M133 -> mA | T133: =IF('Kor&U95% IAC'!K3>'Kor&U95% IAC'!M3,'Kor&U95% IAC'!K3,'Kor&U95% IAC'!M3) -> 0.045 | W133: =R133 -> mA
J134: ='Kor&U95% IAC'!H4 -> 54.05 | M134: ='Kor&U95% IAC'!I4 -> mA | O134: ='Kor&U95% IAC'!J4 -> -0.050373134 | R134: =M134 -> mA | T134: =IF('Kor&U95% IAC'!K4>'Kor&U95% IAC'!M4,'Kor&U95% IAC'!K4,'Kor&U95% IAC'!M4) -> 0.108 | W134: =R134 -> mA
J135: ='Kor&U95% IAC'!H5 -> 60.2 | M135: ='Kor&U95% IAC'!I5 -> mA | O135: ='Kor&U95% IAC'!J5 -> -0.20019403 | R135: =M135 -> mA | T135: =IF('Kor&U95% IAC'!K5>'Kor&U95% IAC'!M5,'Kor&U95% IAC'!K5,'Kor&U95% IAC'!M5) -> 0.12 | W135: =R135 -> mA
F136: =CONCATENATE('Kor&U95% IAC'!C5," ",'Kor&U95% IAC'!D5) -> 50 Hz | J136: ='Kor&U95% IAC'!H6 -> 300.4 | M136: ='Kor&U95% IAC'!I6 -> mA | O136: ='Kor&U95% IAC'!J6 -> -0.39102955 | R136: =M136 -> mA | T136: =IF('Kor&U95% IAC'!K6>'Kor&U95% IAC'!M6,'Kor&U95% IAC'!K6,'Kor&U95% IAC'!M6) -> 0.6 | W136: =R136 -> mA
J137: ='Kor&U95% IAC'!H7 -> 540.1 | M137: ='Kor&U95% IAC'!I7 -> mA | O137: ='Kor&U95% IAC'!J7 -> -0.17253731 | R137: =M137 -> mA | T137: =IF('Kor&U95% IAC'!K7>'Kor&U95% IAC'!M7,'Kor&U95% IAC'!K7,'Kor&U95% IAC'!M7) -> 1.026 | W137: =R137 -> mA
J138: ='Kor&U95% IAC'!H8 -> 0.602 | M138: ='Kor&U95% IAC'!I8 -> A | O138: ='Kor&U95% IAC'!J8 -> -0.0020761194 | R138: =M138 -> A | T138: =IF('Kor&U95% IAC'!K8>'Kor&U95% IAC'!M8,'Kor&U95% IAC'!K8,'Kor&U95% IAC'!M8) -> 0.0059218105 | W138: =R138 -> A
F139: =CONCATENATE('Kor&U95% IAC'!C8," ",'Kor&U95% IAC'!D8) -> 50 Hz | J139: ='Kor&U95% IAC'!H9 -> 3.004 | M139: ='Kor&U95% IAC'!I9 -> A | O139: ='Kor&U95% IAC'!J9 -> -0.004474359 | R139: =M139 -> A | T139: =IF('Kor&U95% IAC'!K9>'Kor&U95% IAC'!M9,'Kor&U95% IAC'!K9,'Kor&U95% IAC'!M9) -> 0.010432285 | W139: =R139 -> A
J140: ='Kor&U95% IAC'!H10 -> 5.403 | M140: ='Kor&U95% IAC'!I10 -> A | O140: ='Kor&U95% IAC'!J10 -> -0.0039974359 | R140: =M140 -> A | T140: =IF('Kor&U95% IAC'!K10>'Kor&U95% IAC'!M10,'Kor&U95% IAC'!K10,'Kor&U95% IAC'!M10) -> 0.018069977 | W140: =R140 -> A
J141: ='Kor&U95% IAC'!H11 -> 1.01 | M141: ='Kor&U95% IAC'!I11 -> A | O141: ='Kor&U95% IAC'!J11 -> -0.0101 | R141: =M141 -> A | T141: =IF('Kor&U95% IAC'!K11>'Kor&U95% IAC'!M11,'Kor&U95% IAC'!K11,'Kor&U95% IAC'!M11) -> 0.0019 | W141: =R141 -> A
F142: =CONCATENATE('Kor&U95% IAC'!C11," ",'Kor&U95% IAC'!D11) -> 50 Hz | J142: ='Kor&U95% IAC'!H12 -> 5.01 | M142: ='Kor&U95% IAC'!I12 -> A | O142: ='Kor&U95% IAC'!J12 -> -0.010910256 | R142: =M142 -> A | T142: =IF('Kor&U95% IAC'!K12>'Kor&U95% IAC'!M12,'Kor&U95% IAC'!K12,'Kor&U95% IAC'!M12) -> 0.01713606 | W142: =R142 -> A
J143: ='Kor&U95% IAC'!H13 -> 8.99 | M143: ='Kor&U95% IAC'!I13 -> A | O143: ='Kor&U95% IAC'!J13 -> 0.0082179487 | R143: =M143 -> A | T143: =IF('Kor&U95% IAC'!K13>'Kor&U95% IAC'!M13,'Kor&U95% IAC'!K13,'Kor&U95% IAC'!M13) -> 0.017103117 | W143: =R143 -> A
M153: Nomor | Q153: =CONCATENATE($N$4,$O$4) -> 0092-6.1/KALIBRASI BBLM/XI/2025
M154: No. Order | Q154: =Data!C$15 -> K560
M155: Halaman | Q155: =CONCATENATE(INT(ROW()/49)+1, " dari ",T$33) -> 4 dari 4
E157: Arus DC (DC Amperemeter)
E159: Rentang Ukur | J159: Pembacaan Alat | O159: Koreksi Alat | T159: Ketidakpastian U95% (k=2)
...

Sheet Data
F2: KALIBRASI MULTI METER
F3: LABORATORIUM KALIBRASI DAN PENGUJI
F4: BALAI BESAR LOGAM DAN MESIN
F5: BANDUNG
A8: Merk | D8: FLUKE | I8: Tipe | J8: 179 | K8: 6000 Count
A9: Kapasitas/Graduasi | D9: - | H9: / | I9: -
A10: No. Seri | D10: 66340242 | I10: No. ID | J10: -
A11: Standar Acuan | D11: IK-K-KL-01 | G11: (Euramet cg-15 versi 3.0 (02/15))
A12: Temperatur (°C) | D12: Awal | F12: 23.2 | G12: =FORECAST(F12,'24_THM A21011892'!B4:B5,'24_THM A21011892'!A4:A5) -> 0.16363636 | H12: Kelembaban (%RH) | K12: Awal | L12: 63.4 | M12: =FORECAST(L12,'24_THM A21011892'!F6:F7,'24_THM A21011892'!E6:E7) -> 1.2938776
D13: Akhir | F13: 22.5 | G13: =FORECAST(F13,'24_THM A21011892'!B4:B5,'24_THM A21011892'!A4:A5) -> 0.22727273 | K13: Akhir | L13: 63.2 | M13: =FORECAST(L13,'24_THM A21011892'!F6:F7,'24_THM A21011892'!E6:E7) -> 1.2897959
F14: =AVERAGE(F12:F13) -> 22.85 | G14: =MAX(MAX(SUM(F12:G12),SUM(F13:G13))-F14,F14-MIN(SUM(F12:G12),SUM(F13:G13))) -> 0.51363636 | L14: =AVERAGE(L12:L13) -> 63.3 | M14: =MAX(MAX(SUM(L12:M12),SUM(L13:M13))-L14,L14-MIN(SUM(L12:M12),SUM(L13:M13))) -> 1.3938776
A15: No. Order | C15: K560 | E15: Dikalibrasi | G15: Firman/Suratmaji | J15: Paraf
A16: Tgl. terima | C16: 45937 | E16: Diperiksa | G16: Nur
A17: Tgl. kalibrasi | C17: 45952 | E17: Disetujui | G17: Yoyon
A18: Kalibrator yang digunakan:
B19: Multiproduct Calibrator Fluke 5500A No. Seri 6790012 yang tertelusur ke SI melalui Laboratorium SNSU BSN.
A24: DATA VOLTAGE DC
A25: Range/Freq/ EMF/Shunt | C25: Pembacaan Standar/Alat | E25: Pembacaan Alat/Standar
E26: X1 | G26: X2 | I26: X3 | K26: X4 | M26: X5 | P26: Biarkan saja lur
A27: 600 | B27: mV | P27: Data Linear | Q27: Satuan
A28: -60 | B28: =IF(P28<=0.1,(ABS(SUM(AVERAGE(E28:N28),A28)/2)), "Non EMF") -> 0 | C28: =IF(0.1*A27 <329.9999, 0.1*A27,0.1*A27/1000) -> 60 | D28: =IF(P28<=0.329999,"mV", IF(P28<=3.29999, "V1", IF(P28<=32.9999,"V2", IF(P28<=329.9999,"V3", IF(P28<=1020,"V4", "Number Out of Range" ))))) -> mV | E28: 60 | G28: 60 | I28: 60 | K28: 60 | M28: 60 | P28: =IF(B27="mV",A27*0.1/1000) -> 0.06 | Q28: V
B29: =IF(P29<=0.1,(ABS(SUM(AVERAGE(E29:N29),A29)/2)), "Non EMF") -> Non EMF | C29: =IF(0.5*A27 <329.9999, 0.5*A27,0.1*A27/1000) -> 300 | D29: =IF(P29<=0.329999,"mV", IF(P29<=3.29999, "V1", IF(P29<=32.9999,"V2", IF(P29<=329.9999,"V3", IF(P29<=1020,"V4", "Number Out of Range" ))))) -> mV | E29: 299.9 | G29: 299.9 | I29: 299.9 | K29: 299.9 | M29: 299.9 | P29: =IF(B27="mV",A27*0.5/1000) -> 0.3 | Q29: V
B30: =IF(P30<=0.1,(ABS(SUM(AVERAGE(E30:N30),A30)/2)), "Non EMF") -> Non EMF | C30: =IF(0.9*A27<329.9999,0.9*A27,(0.9*A27)/1000) -> 0.54 | D30: =IF(P30<=0.329999,"mV", IF(P30<=3.29999, "V1", IF(P30<=32.9999,"V2", IF(P30<=329.9999,"V3", IF(P30<=1020,"V4", "Number Out of Range" ))))) -> V1 | E30: 539.9 | G30: 539.9 | I30: 539.9 | K30: 539.9 | M30: 539.9 | P30: =IF(B27="mV",A27*0.9/1000) -> 0.54 | Q30: V
A31: 6 | B31: V
B32: =IF(P32<=0.1,(ABS(SUM(AVERAGE(E32:N32),A32)/2)), "Non EMF") -> Non EMF | C32: =0.1*A31 -> 0.6 | D32: =IF(P32<=0.329999,"mV", IF(P32<=3.29999, "V1", IF(P32<=32.9999,"V2", IF(P32<=329.9999,"V3", IF(P32<=1020,"V4", "Number Out of Range" ))))) -> V1 | E32: 0.6 | G32: 0.6 | I32: 0.6 | K32: 0.6 | M32: 0.6 | P32: =A31*0.1 -> 0.6 | Q32: V
B33: =IF(P33<=0.1,(ABS(SUM(AVERAGE(E33:N33),A33)/2)), "Non EMF") -> Non EMF | C33: =0.5*A31 -> 3 | D33: =IF(P33<=0.329999,"mV", IF(P33<=3.29999, "V1", IF(P33<=32.9999,"V2", IF(P33<=329.9999,"V3", IF(P33<=1020,"V4", "Number Out of Range" ))))) -> V1 | E33: 2.999 | G33: 2.999 | I33: 2.999 | K33: 2.999 | M33: 2.999 | P33: =0.5*A31 -> 3 | Q33: V
B34: =IF(P34<=0.1,(ABS(SUM(AVERAGE(E34:N34),A34)/2)), "Non EMF") -> Non EMF | C34: =0.9*A31 -> 5.4 | D34: =IF(P34<=0.329999,"mV", IF(P34<=3.29999, "V1", IF(P34<=32.9999,"V2", IF(P34<=329.9999,"V3", IF(P34<=1020,"V4", "Number Out of Range" ))))) -> V2 | E34: 5.399 | G34: 5.399 | I34: 5.399 | K34: 5.399 | M34: 5.399 | P34: =0.9*A31 -> 5.4 | Q34: V
A35: 60 | B35: V
B36: =IF(P36<=0.1,(ABS(SUM(AVERAGE(E36:N36),A36)/2)), "Non EMF") -> Non EMF | C36: =0.1*A35 -> 6 | D36: =IF(P36<=0.329999,"mV", IF(P36<=3.29999, "V1", IF(P36<=32.9999,"V2", IF(P36<=329.9999,"V3", IF(P36<=1020,"V4", "Number Out of Range" ))))) -> V2 | E36: 6 | G36: 6 | I36: 6 | K36: 6 | M36: 6 | P36: =0.1*A35 -> 6 | Q36: V
B37: =IF(P37<=0.1,(ABS(SUM(AVERAGE(E37:N37),A37)/2)), "Non EMF") -> Non EMF | C37: =0.5*A35 -> 30 | D37: =IF(P37<=0.329999,"mV", IF(P37<=3.29999, "V1", IF(P37<=32.9999,"V2", IF(P37<=329.9999,"V3", IF(P37<=1020,"V4", "Number Out of Range" ))))) -> V2 | E37: 30 | G37: 30 | I37: 30 | K37: 30 | M37: 30 | P37: =0.5*A35 -> 30 | Q37: V
B38: =IF(P38<=0.1,(ABS(SUM(AVERAGE(E38:N38),A38)/2)), "Non EMF") -> Non EMF | C38: =0.9*A35 -> 54 | D38: =IF(P38<=0.329999,"mV", IF(P38<=3.29999, "V1", IF(P38<=32.9999,"V2", IF(P38<=329.9999,"V3", IF(P38<=1020,"V4", "Number Out of Range" ))))) -> V3 | E38: 53.99 | G38: 53.99 | I38: 53.99 | K38: 53.99 | M38: 53.99 | P38: =0.9*A35 -> 54 | Q38: V
A39: 600 | B39: V
B40: =IF(P40<=0.1,(ABS(SUM(AVERAGE(E40:N40),A40)/2)), "Non EMF") -> Non EMF | C40: =0.1*A39 -> 60 | D40: =IF(P40<=0.329999,"mV", IF(P40<=3.29999, "V1", IF(P40<=32.9999,"V2", IF(P40<=329.9999,"V3", IF(P40<=1020,"V4", "Number Out of Range" ))))) -> V3 | E40: 60 | G40: 60 | I40: 60 | K40: 60 | M40: 60 | P40: =0.1*A39 -> 60 | Q40: V
B41: =IF(P41<=0.1,(ABS(SUM(AVERAGE(E41:N41),A41)/2)), "Non EMF") -> Non EMF | C41: =0.5*A39 -> 300 | D41: =IF(P41<=0.329999,"mV", IF(P41<=3.29999, "V1", IF(P41<=32.9999,"V2", IF(P41<=329.9999,"V3", IF(P41<=1020,"V4", "Number Out of Range" ))))) -> V3 | E41: 299.9 | G41: 299.9 | I41: 299.9 | K41: 299.9 | M41: 299.9 | P41: =0.5*A39 -> 300 | Q41: V
B42: =IF(P42<=0.1,(ABS(SUM(AVERAGE(E42:N42),A42)/2)), "Non EMF") -> Non EMF | C42: =0.9*A39 -> 540 | D42: =IF(P42<=0.329999,"mV", IF(P42<=3.29999, "V1", IF(P42<=32.9999,"V2", IF(P42<=329.9999,"V3", IF(P42<=1020,"V4", "Number Out of Range" ))))) -> V4 | E42: 539.9 | G42: 539.9 | I42: 539.9 | K42: 539.9 | M42: 539.9 | P42: =0.9*A39 -> 540 | Q42: V
A43: 1000 | B43: V
B44: =IF(P44<=0.1,(ABS(SUM(AVERAGE(E44:N44),A44)/2)), "Non EMF") -> Non EMF | C44: =0.1*A43 -> 100 | D44: =IF(P44<=0.329999,"mV", IF(P44<=3.29999, "V1", IF(P44<=32.9999,"V2", IF(P44<=329.9999,"V3", IF(P44<=1020,"V4", "Number Out of Range" ))))) -> V3 | E44: 100 | G44: 100 | I44: 100 | K44: 100 | M44: 100 | P44: =0.1*A43 -> 100 | Q44: V
B45: =IF(P45<=0.1,(ABS(SUM(AVERAGE(E45:N45),A45)/2)), "Non EMF") -> Non EMF | C45: =0.5*A43 -> 500 | D45: =IF(P45<=0.329999,"mV", IF(P45<=3.29999, "V1", IF(P45<=32.9999,"V2", IF(P45<=329.9999,"V3", IF(P45<=1020,"V4", "Number Out of Range" ))))) -> V4 | E45: 500 | G45: 500 | I45: 500 | K45: 500 | M45: 500 | P45: =0.5*A43 -> 500 | Q45: V
B46: =IF(P46<=0.1,(ABS(SUM(AVERAGE(E46:N46),A46)/2)), "Non EMF") -> Non EMF | C46: =0.9*A43 -> 900 | D46: =IF(P46<=0.329999,"mV", IF(P46<=3.29999, "V1", IF(P46<=32.9999,"V2", IF(P46<=329.9999,"V3", IF(P46<=1020,"V4", "Number Out of Range" ))))) -> V4 | E46: 900 | G46: 900 | I46: 900 | K46: 900 | M46: 900 | P46: =0.9*A43 -> 900 | Q46: V
A49: DATA VOLTAGE AC
A50: Range/Freq/ EMF/Shunt | C50: Pembacaan Standar/Alat | E50: Pembacaan Alat/Standar
E51: X1 | G51: X2 | I51: X3 | K51: X4 | M51: X5
A52: 600 | B52: mV | P52: Data Linear | Q52: Satuan
A53: 50 | B53: Hz | C53: =IF(0.1*A52 <329.9999, 0.1*A52,0.1*A52/1000) -> 60 | D53: =IF(P53<=0.329999,"mV", IF(P53<=3.29999, "V1", IF(P53<=32.9999,"V2", IF(P53<=329.9999,"V3", IF(P53<=1020,"V4", "Number Out of Range" ))))) -> mV | E53: 60.3 | G53: 60.3 | I53: 60.3 | K53: 60.3 | M53: 60.3 | P53: =IF(B52="mV",A52*0.1/1000) -> 0.06 | Q53: V
C54: =IF(0.5*A52 <329.9999, 0.5*A52,0.1*A52/1000) -> 300 | D54: =IF(P54<=0.329999,"mV", IF(P54<=3.29999, "V1", IF(P54<=32.9999,"V2", IF(P54<=329.9999,"V3", IF(P54<=1020,"V4", "Number Out of Range" ))))) -> mV | E54: 300.1 | G54: 300.1 | I54: 300.1 | K54: 300.1 | M54: 300.1 | P54: =IF(B52="mV",A52*0.5/1000) -> 0.3 | Q54: V
C55: =IF(0.9*A52<329.9999,0.9*A52,(0.9*A52)/1000) -> 0.54 | D55: =IF(P55<=0.329999,"mV", IF(P55<=3.29999, "V1", IF(P55<=32.9999,"V2", IF(P55<=329.9999,"V3", IF(P55<=1020,"V4", "Number Out of Range" ))))) -> V1 | E55: 539.7 | G55: 539.8 | I55: 539.9 | K55: 540 | M55: 540.1 | P55: =IF(B52="mV",A52*0.9/1000) -> 0.54 | Q55: V
A56: 6 | B56: V
A57: 50 | B57: Hz | C57: =0.1*A56 -> 0.6 | D57: =IF(P57<=0.329999,"mV", IF(P57<=3.29999, "V1", IF(P57<=32.9999,"V2", IF(P57<=329.9999,"V3", IF(P57<=1020,"V4", "Number Out of Range" ))))) -> V1 | E57: 0.603 | G57: 0.603 | I57: 0.603 | K57: 0.603 | M57: 0.603 | P57: =A56*0.1 -> 0.6 | Q57: V
C58: =0.5*A56 -> 3 | D58: =IF(P58<=0.329999,"mV", IF(P58<=3.29999, "V1", IF(P58<=32.9999,"V2", IF(P58<=329.9999,"V3", IF(P58<=1020,"V4", "Number Out of Range" ))))) -> V1 | E58: 3.003 | G58: 3.003 | I58: 3.003 | K58: 3.003 | M58: 3.003 | P58: =0.5*A56 -> 3 | Q58: V
C59: =0.9*A56 -> 5.4 | D59: =IF(P59<=0.329999,"mV", IF(P59<=3.29999, "V1", IF(P59<=32.9999,"V2", IF(P59<=329.9999,"V3", IF(P59<=1020,"V4", "Number Out of Range" ))))) -> V2 | E59: 5.398 | G59: 5.398 | I59: 5.398 | K59: 5.398 | M59: 5.398 | P59: =0.9*A56 -> 5.4 | Q59: V
A60: 60 | B60: V
A61: 50 | B61: Hz | C61: =0.1*A60 -> 6 | D61: =IF(P61<=0.329999,"mV", IF(P61<=3.29999, "V1", IF(P61<=32.9999,"V2", IF(P61<=329.9999,"V3", IF(P61<=1020,"V4", "Number Out of Range" ))))) -> V2 | E61: 6.02 | G61: 6.02 | I61: 6.02 | K61: 6.02 | M61: 6.02 | P61: =0.1*A60 -> 6 | Q61: V
C62: =0.5*A60 -> 30 | D62: =IF(P62<=0.329999,"mV", IF(P62<=3.29999, "V1", IF(P62<=32.9999,"V2", IF(P62<=329.9999,"V3", IF(P62<=1020,"V4", "Number Out of Range" ))))) -> V2 | E62: 30.03 | G62: 30.03 | I62: 30.03 | K62: 30.03 | M62: 30.03 | P62: =0.5*A60 -> 30 | Q62: V
C63: =0.9*A60 -> 54 | D63: =IF(P63<=0.329999,"mV", IF(P63<=3.29999, "V1", IF(P63<=32.9999,"V2", IF(P63<=329.9999,"V3", IF(P63<=1020,"V4", "Number Out of Range" ))))) -> V3 | E63: 53.98 | G63: 53.98 | I63: 53.98 | K63: 53.98 | M63: 53.98 | P63: =0.9*A60 -> 54 | Q63: V
A64: 600 | B64: V
A65: 50 | B65: Hz | C65: =0.1*A64 -> 60 | D65: =IF(P65<=0.329999,"mV", IF(P65<=3.29999, "V1", IF(P65<=32.9999,"V2", IF(P65<=329.9999,"V3", IF(P65<=1020,"V4", "Number Out of Range" ))))) -> V3 | E65: 60.2 | G65: 60.2 | I65: 60.2 | K65: 60.2 | M65: 60.2 | P65: =0.1*A64 -> 60 | Q65: V
C66: =0.5*A64 -> 300 | D66: =IF(P66<=0.329999,"mV", IF(P66<=3.29999, "V1", IF(P66<=32.9999,"V2", IF(P66<=329.9999,"V3", IF(P66<=1020,"V4", "Number Out of Range" ))))) -> V3 | E66: 300.1 | G66: 300.1 | I66: 300.1 | K66: 300.1 | M66: 300.1 | P66: =0.5*A64 -> 300 | Q66: V
C67: =0.9*A64 -> 540 | D67: =IF(P67<=0.329999,"mV", IF(P67<=3.29999, "V1", IF(P67<=32.9999,"V2", IF(P67<=329.9999,"V3", IF(P67<=1020,"V4", "Number Out of Range" ))))) -> V4 | E67: 539.9 | G67: 539.9 | I67: 539.9 | K67: 539.9 | M67: 539.9 | P67: =0.9*A64 -> 540 | Q67: V
A68: 1000 | B68: V
A69: 50 | B69: Hz | C69: =0.1*A68 -> 100 | D69: =IF(P69<=0.329999,"mV", IF(P69<=3.29999, "V1", IF(P69<=32.9999,"V2", IF(P69<=329.9999,"V3", IF(P69<=1020,"V4", "Number Out of Range" ))))) -> V3 | E69: 101 | G69: 101 | I69: 101 | K69: 101 | M69: 101 | P69: =0.1*A68 -> 100 | Q69: V
C70: =0.5*A68 -> 500 | D70: =IF(P70<=0.329999,"mV", IF(P70<=3.29999, "V1", IF(P70<=32.9999,"V2", IF(P70<=329.9999,"V3", IF(P70<=1020,"V4", "Number Out of Range" ))))) -> V4 | E70: 500 | G70: 500 | I70: 500 | K70: 500 | M70: 500 | P70: =0.5*A68 -> 500 | Q70: V
C71: =0.9*A68 -> 900 | D71: =IF(P71<=0.329999,"mV", IF(P71<=3.29999, "V1", IF(P71<=32.9999,"V2", IF(P71<=329.9999,"V3", IF(P71<=1020,"V4", "Number Out of Range" ))))) -> V4 | E71: 899 | G71: 899 | I71: 899 | K71: 899 | M71: 899 | P71: =0.9*A68 -> 900 | Q71: V
A74: DATA ARUS AC
A75: Range/Freq/ EMF/Shunt | C75: Pembacaan Standar/Alat | E75: Pembacaan Alat/Standar
E76: X1 | G76: X2 | I76: X3 | K76: X4 | M76: X5
A77: 60 | B77: mA | P77: Data Linear | Q77: Satuan
A78: 50 | B78: Hz | C78: =IF(0.1*A77 <329.9999, 0.1*A77,0.1*A77/1000) -> 6 | D78: =IF(P78<=0.0032999,"mA1", IF(P78<=0.032999, "mA2", IF(P78<=0.32999,"mA3", IF(P78<=2.1999,"A1", IF(P78<=11,"A2", "Number Out of Range" ))))) -> mA2 | E78: 6.02 | G78: 6.02 | I78: 6.02 | K78: 6.02 | M78: 6.02 | P78: =IF(B77="mA",A77*0.1/1000,A77*0.1) -> 0.006 | Q78: A
C79: =IF(0.5*A77 <329.9999, 0.5*A77,0.1*A77/1000) -> 30 | D79: =IF(P79<=0.0032999,"mA1", IF(P79<=0.032999, "mA2", IF(P79<=0.32999,"mA3", IF(P79<=2.1999,"A1", IF(P79<=11,"A2", "Number Out of Range" ))))) -> mA2 | E79: 30.06 | G79: 30.06 | I79: 30.06 | K79: 30.06 | M79: 30.06 | P79: =IF(B77="mA",A77*0.5/1000,A77*0.5) -> 0.03 | Q79: A
C80: =IF(0.9*A77<329.9999,0.9*A77,(0.9*A77)/1000) -> 54 | D80: =IF(P80<=0.0032999,"mA1", IF(P80<=0.032999, "mA2", IF(P80<=0.32999,"mA3", IF(P80<=2.1999,"A1", IF(P80<=11,"A2", "Number Out of Range" ))))) -> mA3 | E80: 54.05 | G80: 54.05 | I80: 54.05 | K80: 54.05 | M80: 54.05 | P80: =IF(B77="mA", A77*0.9/1000,A77*0.9) -> 0.054 | Q80: A
A81: 600 | B81: mA
A82: 50 | B82: Hz | C82: =IF(0.1*A81 <329.9999, 0.1*A81,0.1*A81/1000) -> 60 | D82: =IF(P82<=0.0032999,"mA1", IF(P82<=0.032999, "mA2", IF(P82<=0.32999,"mA3", IF(P82<=2.1999,"A1", IF(P82<=11,"A2", "Number Out of Range" ))))) -> mA3 | E82: 60.2 | G82: 60.2 | I82: 60.2 | K82: 60.2 | M82: 60.2 | P82: =IF(B81="mA",A81*0.1/1000,A81*0.1) -> 0.06 | Q82: A
C83: =IF(0.5*A81 <329.9999, 0.5*A81,0.1*A81/1000) -> 300 | D83: =IF(P83<=0.0032999,"mA1", IF(P83<=0.032999, "mA2", IF(P83<=0.32999,"mA3", IF(P83<=2.1999,"A1", IF(P83<=11,"A2", "Number Out of Range" ))))) -> mA3 | E83: 300.4 | G83: 300.4 | I83: 300.4 | K83: 300.4 | M83: 300.4 | P83: =IF(B81="mA",A81*0.5/1000,A81*0.5) -> 0.3 | Q83: A
C84: =IF(0.9*A81<329.9999,0.9*A81,(0.9*A81)/1000) -> 0.54 | D84: =IF(P84<=0.0032999,"mA1", IF(P84<=0.032999, "mA2", IF(P84<=0.32999,"mA3", IF(P84<=2.1999,"A1", IF(P84<=11,"A2", "Number Out of Range" ))))) -> A1 | E84: 540.1 | G84: 540.1 | I84: 540.1 | K84: 540.1 | M84: 540.1 | P84: =IF(B81="mA", A81*0.9/1000,A81*0.9) -> 0.54 | Q84: A
A85: 6 | B85: A
A86: 50 | B86: Hz | C86: =0.1*A85 -> 0.6 | D86: =IF(P86<=0.0032999,"mA1", IF(P86<=0.032999, "mA2", IF(P86<=0.32999,"mA3", IF(P86<=2.1999,"A1", IF(P86<=11,"A2", "Number Out of Range" ))))) -> A1 | E86: 0.602 | G86: 0.602 | I86: 0.602 | K86: 0.602 | M86: 0.602 | P86: =IF(B85="mA",A85*0.1/1000,A85*0.1) -> 0.6 | Q86: A
C87: =0.5*A85 -> 3 | D87: =IF(P87<=0.0032999,"mA1", IF(P87<=0.032999, "mA2", IF(P87<=0.32999,"mA3", IF(P87<=2.1999,"A1", IF(P87<=11,"A2", "Number Out of Range" ))))) -> A2 | E87: 3.004 | G87: 3.004 | I87: 3.004 | K87: 3.004 | M87: 3.004 | P87: =IF(B85="mA",A85*0.5/1000,A85*0.5) -> 3 | Q87: A
C88: =0.9*A85 -> 5.4 | D88: =IF(P88<=0.0032999,"mA1", IF(P88<=0.032999, "mA2", IF(P88<=0.32999,"mA3", IF(P88<=2.1999,"A1", IF(P88<=11,"A2", "Number Out of Range" ))))) -> A2 | E88: 5.403 | G88: 5.403 | I88: 5.403 | K88: 5.403 | M88: 5.403 | P88: =IF(B85="mA", A85*0.9/1000,A85*0.9) -> 5.4 | Q88: A
A89: 10 | B89: A
A90: 50 | B90: Hz | C90: =0.1*A$89 -> 1 | D90: =IF(P86<=0.0032999,"mA1", IF(P86<=0.032999, "mA2", IF(P86<=0.32999,"mA3", IF(P86<=2.1999,"A1", IF(P86<=11,"A2", "Number Out of Range" ))))) -> A1 | E90: 1.01 | G90: 1.01 | I90: 1.01 | K90: 1.01 | M90: 1.01 | P90: =IF(B89="mA",A89*0.1/1000,A89*0.1) -> 1 | Q90: A
C91: =0.5*A$89 -> 5 | D91: =IF(P87<=0.0032999,"mA1", IF(P87<=0.032999, "mA2", IF(P87<=0.32999,"mA3", IF(P87<=2.1999,"A1", IF(P87<=11,"A2", "Number Out of Range" ))))) -> A2 | E91: 5.01 | G91: 5.01 | I91: 5.01 | K91: 5.01 | M91: 5.01 | P91: =IF(B89="mA",A89*0.5/1000,A89*0.5) -> 5 | Q91: A
C92: =0.9*A$89 -> 9 | D92: =IF(P88<=0.0032999,"mA1", IF(P88<=0.032999, "mA2", IF(P88<=0.32999,"mA3", IF(P88<=2.1999,"A1", IF(P88<=11,"A2", "Number Out of Range" ))))) -> A2 | E92: 8.99 | G92: 8.99 | I92: 8.99 | K92: 8.99 | M92: 8.99 | P92: =IF(B89="mA", A89*0.9/1000,A89*0.9) -> 9 | Q92: A
A93: 0 | B93: A
A94: 0 | B94: Hz | C94: =0.1*A$95 -> 0 | D94: =IF(P90<=0.0032999,"mA1", IF(P90<=0.032999, "mA2", IF(P90<=0.32999,"mA3", IF(P90<=2.1999,"A1", IF(P90<=11,"A2", "Number Out of Range" ))))) -> A1 | P94: =IF($B$72="mA",$A$72*0.1/1000,A93*0.1) -> 0 | Q94: A
C95: =0.5*A$95 -> 0 | D95: =IF(P91<=0.0032999,"mA1", IF(P91<=0.032999, "mA2", IF(P91<=0.32999,"mA3", IF(P91<=2.1999,"A1", IF(P91<=11,"A2", "Number Out of Range" ))))) -> A2 | P95: =IF(B93="mA",A93*0.5/1000,A93*0.5) -> 0 | Q95: A
C96: =0.9*A$95 -> 0 | D96: =IF(P92<=0.0032999,"mA1", IF(P92<=0.032999, "mA2", IF(P92<=0.32999,"mA3", IF(P92<=2.1999,"A1", IF(P92<=11,"A2", "Number Out of Range" ))))) -> A2 | P96: =IF($B$68="mA", $A$72*0.9/1000,$A$72*0.9) -> 0 | Q96: A
A99: DATA ARUS DC
A100: Range/Freq/ EMF/Shunt | C100: Pembacaan Standar/Alat | E100: Pembacaan Alat/Standar
E101: X1 | G101: X2 | I101: X3 | K101: X4 | M101: X5
A102: 60 | B102: mA | P102: Data Linear | Q102: Satuan
C103: =IF(0.1*A102 <329.9999, 0.1*A102,0.1*A102/1000) -> 6 | D103: =IF(P103<=0.0032999,"mA1", IF(P103<=0.032999, "mA2", IF(P103<=0.32999,"mA3", IF(P103<=2.1999,"A1", IF(P103<=11,"A2", "Number Out of Range" ))))) -> mA2 | E103: 6 | G103: 6 | I103: 6 | K103: 6 | M103: 6 | P103: =IF(B102="mA",A102*0.1/1000,A102*0.1) -> 0.006 | Q103: A
C104: =IF(0.5*A102 <329.9999, 0.5*A102,0.1*A102/1000) -> 30 | D104: =IF(P104<=0.0032999,"mA1", IF(P104<=0.032999, "mA2", IF(P104<=0.32999,"mA3", IF(P104<=2.1999,"A1", IF(P104<=11,"A2", "Number Out of Range" ))))) -> mA2 | E104: 29.99 | G104: 29.99 | I104: 29.99 | K104: 29.99 | M104: 29.99 | P104: =IF(B102="mA",A102*0.5/1000,A102*0.5) -> 0.03 | Q104: A
C105: =IF(0.9*A102<329.9999,0.9*A102,(0.9*A102)/1000) -> 54 | D105: =IF(P105<=0.0032999,"mA1", IF(P105<=0.032999, "mA2", IF(P105<=0.32999,"mA3", IF(P105<=2.1999,"A1", IF(P105<=11,"A2", "Number Out of Range" ))))) -> mA3 | E105: 53.99 | G105: 53.99 | I105: 53.99 | K105: 53.99 | M105: 53.99 | P105: =IF(B102="mA", A102*0.9/1000,A102*0.9) -> 0.054 | Q105: A
A106: 600 | B106: mA
C107: =IF(0.1*A106 <329.9999, 0.1*A106,0.1*A106/1000) -> 60 | D107: =IF(P107<=0.0032999,"mA1", IF(P107<=0.032999, "mA2", IF(P107<=0.32999,"mA3", IF(P107<=2.1999,"A1", IF(P107<=11,"A2", "Number Out of Range" ))))) -> mA3 | E107: 60 | G107: 60 | I107: 60 | K107: 60 | M107: 60 | P107: =IF(B106="mA",A106*0.1/1000,A106*0.1) -> 0.06 | Q107: A
C108: =IF(0.5*A106 <329.9999, 0.5*A106,0.1*A106/1000) -> 300 | D108: =IF(P108<=0.0032999,"mA1", IF(P108<=0.032999, "mA2", IF(P108<=0.32999,"mA3", IF(P108<=2.1999,"A1", IF(P108<=11,"A2", "Number Out of Range" ))))) -> mA3 | E108: 300.1 | G108: 300.1 | I108: 300.1 | K108: 300.1 | M108: 300.1 | P108: =IF(B106="mA",A106*0.5/1000,A106*0.5) -> 0.3 | Q108: A
C109: =IF(0.9*A106<329.9999,0.9*A106,(0.9*A106)/1000) -> 0.54 | D109: =IF(P109<=0.0032999,"mA1", IF(P109<=0.032999, "mA2", IF(P109<=0.32999,"mA3", IF(P109<=2.1999,"A1", IF(P109<=11,"A2", "Number Out of Range" ))))) -> A1 | E109: 540.1 | G109: 540.1 | I109: 540.1 | K109: 540.1 | M109: 540.1 | P109: =IF(B106="mA", A106*0.9/1000,A106*0.9) -> 0.54 | Q109: A
A110: 6 | B110: A
C111: =IF(0.1*A110 <329.9999, 0.1*A110,0.1*A110/1000) -> 0.6 | D111: =IF(P111<=0.0032999,"mA1", IF(P111<=0.032999, "mA2", IF(P111<=0.32999,"mA3", IF(P111<=2.1999,"A1", IF(P111<=11,"A2", "Number Out of Range" ))))) -> A1 | E111: 0.6 | G111: 0.6 | I111: 0.6 | K111: 0.6 | M111: 0.6 | P111: =IF(B110="mA",A110*0.1/1000,A110*0.1) -> 0.6 | Q111: A
C112: =IF(0.5*A110 <329.9999, 0.5*A110,0.1*A110/1000) -> 3 | D112: =IF(P112<=0.0032999,"mA1", IF(P112<=0.032999, "mA2", IF(P112<=0.32999,"mA3", IF(P112<=2.1999,"A1", IF(P112<=11,"A2", "Number Out of Range" ))))) -> A2 | E112: 2.999 | G112: 2.999 | I112: 2.999 | K112: 2.999 | M112: 2.999 | P112: =IF(B110="mA",A110*0.5/1000,A110*0.5) -> 3 | Q112: A
C113: =IF(0.9*A110<329.9999,0.9*A110,(0.9*A110)/1000) -> 5.4 | D113: =IF(P113<=0.0032999,"mA1", IF(P113<=0.032999, "mA2", IF(P113<=0.32999,"mA3", IF(P113<=2.1999,"A1", IF(P113<=11,"A2", "Number Out of Range" ))))) -> A2 | E113: 5.399 | G113: 5.399 | I113: 5.399 | K113: 5.399 | M113: 5.399 | P113: =IF(B110="mA", A110*0.9/1000,A110*0.9) -> 5.4 | Q113: A
...

Sheet Sheet1
A4: Range/Freq/ EMF/Shunt | C4: Pembacaan Standar/Alat | E4: Pembacaan Alat/Standar
E5: X1 | G5: X2 | I5: X3 | K5: X4 | M5: X5 | P5: Biarkan saja lur
A6: 600 | B6: mV | P6: Data Linear | Q6: Satuan
A7: -60 | B7: =IF(P7<=0.1,(ABS(SUM(AVERAGE(E7:N7),A7)/2)), "Non EMF") -> 0 | C7: =IF(0.1*A6 <329.9999, 0.1*A6,0.1*A6/1000) -> 60 | D7: =IF(P7<=0.329999,"mV", IF(P7<=3.29999, "V1", IF(P7<=32.9999,"V2", IF(P7<=329.9999,"V3", IF(P7<=1020,"V4", "Number Out of Range" ))))) -> mV | E7: 60 | G7: 60 | I7: 60 | K7: 60 | M7: 60 | P7: =IF(B6="mV",A6*0.1/1000) -> 0.06 | Q7: V
B8: =IF(P8<=0.1,(ABS(SUM(AVERAGE(E8:N8),A8)/2)), "Non EMF") -> Non EMF | C8: =IF(0.5*A6 <329.9999, 0.5*A6,0.1*A6/1000) -> 300 | D8: =IF(P8<=0.329999,"mV", IF(P8<=3.29999, "V1", IF(P8<=32.9999,"V2", IF(P8<=329.9999,"V3", IF(P8<=1020,"V4", "Number Out of Range" ))))) -> mV | E8: 299.9 | G8: 299.9 | I8: 299.9 | K8: 299.9 | M8: 299.9 | P8: =IF(B6="mV",A6*0.5/1000) -> 0.3 | Q8: V
B9: =IF(P9<=0.1,(ABS(SUM(AVERAGE(E9:N9),A9)/2)), "Non EMF") -> Non EMF | C9: =IF(0.9*A6<329.9999,0.9*A6,(0.9*A6)/1000) -> 0.54 | D9: =IF(P9<=0.329999,"mV", IF(P9<=3.29999, "V1", IF(P9<=32.9999,"V2", IF(P9<=329.9999,"V3", IF(P9<=1020,"V4", "Number Out of Range" ))))) -> V1 | E9: 539.9 | G9: 539.9 | I9: 539.9 | K9: 539.9 | M9: 539.9 | P9: =IF(B6="mV",A6*0.9/1000) -> 0.54 | Q9: V
A10: 6 | B10: V
B11: =IF(P11<=0.1,(ABS(SUM(AVERAGE(E11:N11),A11)/2)), "Non EMF") -> Non EMF | C11: =0.1*A10 -> 0.6 | D11: =IF(P11<=0.329999,"mV", IF(P11<=3.29999, "V1", IF(P11<=32.9999,"V2", IF(P11<=329.9999,"V3", IF(P11<=1020,"V4", "Number Out of Range" ))))) -> V1 | E11: 0.6 | G11: 0.6 | I11: 0.6 | K11: 0.6 | M11: 0.6 | P11: =A10*0.1 -> 0.6 | Q11: V
B12: =IF(P12<=0.1,(ABS(SUM(AVERAGE(E12:N12),A12)/2)), "Non EMF") -> Non EMF | C12: =0.5*A10 -> 3 | D12: =IF(P12<=0.329999,"mV", IF(P12<=3.29999, "V1", IF(P12<=32.9999,"V2", IF(P12<=329.9999,"V3", IF(P12<=1020,"V4", "Number Out of Range" ))))) -> V1 | E12: 2.999 | G12: 2.999 | I12: 2.999 | K12: 2.999 | M12: 2.999 | P12: =0.5*A10 -> 3 | Q12: V
B13: =IF(P13<=0.1,(ABS(SUM(AVERAGE(E13:N13),A13)/2)), "Non EMF") -> Non EMF | C13: =0.9*A10 -> 5.4 | D13: =IF(P13<=0.329999,"mV", IF(P13<=3.29999, "V1", IF(P13<=32.9999,"V2", IF(P13<=329.9999,"V3", IF(P13<=1020,"V4", "Number Out of Range" ))))) -> V2 | E13: 5.399 | G13: 5.399 | I13: 5.399 | K13: 5.399 | M13: 5.399 | P13: =0.9*A10 -> 5.4 | Q13: V
A14: 60 | B14: V
B15: =IF(P15<=0.1,(ABS(SUM(AVERAGE(E15:N15),A15)/2)), "Non EMF") -> Non EMF | C15: =0.1*A14 -> 6 | D15: =IF(P15<=0.329999,"mV", IF(P15<=3.29999, "V1", IF(P15<=32.9999,"V2", IF(P15<=329.9999,"V3", IF(P15<=1020,"V4", "Number Out of Range" ))))) -> V2 | E15: 6 | G15: 6 | I15: 6 | K15: 6 | M15: 6 | P15: =0.1*A14 -> 6 | Q15: V
B16: =IF(P16<=0.1,(ABS(SUM(AVERAGE(E16:N16),A16)/2)), "Non EMF") -> Non EMF | C16: =0.5*A14 -> 30 | D16: =IF(P16<=0.329999,"mV", IF(P16<=3.29999, "V1", IF(P16<=32.9999,"V2", IF(P16<=329.9999,"V3", IF(P16<=1020,"V4", "Number Out of Range" ))))) -> V2 | E16: 30 | G16: 30 | I16: 30 | K16: 30 | M16: 30 | P16: =0.5*A14 -> 30 | Q16: V
B17: =IF(P17<=0.1,(ABS(SUM(AVERAGE(E17:N17),A17)/2)), "Non EMF") -> Non EMF | C17: =0.9*A14 -> 54 | D17: =IF(P17<=0.329999,"mV", IF(P17<=3.29999, "V1", IF(P17<=32.9999,"V2", IF(P17<=329.9999,"V3", IF(P17<=1020,"V4", "Number Out of Range" ))))) -> V3 | E17: 53.99 | G17: 53.99 | I17: 53.99 | K17: 53.99 | M17: 53.99 | P17: =0.9*A14 -> 54 | Q17: V
A18: 600 | B18: V
B19: =IF(P19<=0.1,(ABS(SUM(AVERAGE(E19:N19),A19)/2)), "Non EMF") -> Non EMF | C19: =0.1*A18 -> 60 | D19: =IF(P19<=0.329999,"mV", IF(P19<=3.29999, "V1", IF(P19<=32.9999,"V2", IF(P19<=329.9999,"V3", IF(P19<=1020,"V4", "Number Out of Range" ))))) -> V3 | E19: 60 | G19: 60 | I19: 60 | K19: 60 | M19: 60 | P19: =0.1*A18 -> 60 | Q19: V
B20: =IF(P20<=0.1,(ABS(SUM(AVERAGE(E20:N20),A20)/2)), "Non EMF") -> Non EMF | C20: =0.5*A18 -> 300 | D20: =IF(P20<=0.329999,"mV", IF(P20<=3.29999, "V1", IF(P20<=32.9999,"V2", IF(P20<=329.9999,"V3", IF(P20<=1020,"V4", "Number Out of Range" ))))) -> V3 | E20: 299.9 | G20: 299.9 | I20: 299.9 | K20: 299.9 | M20: 299.9 | P20: =0.5*A18 -> 300 | Q20: V
B21: =IF(P21<=0.1,(ABS(SUM(AVERAGE(E21:N21),A21)/2)), "Non EMF") -> Non EMF | C21: =0.9*A18 -> 540 | D21: =IF(P21<=0.329999,"mV", IF(P21<=3.29999, "V1", IF(P21<=32.9999,"V2", IF(P21<=329.9999,"V3", IF(P21<=1020,"V4", "Number Out of Range" ))))) -> V4 | E21: 539.9 | G21: 539.9 | I21: 539.9 | K21: 539.9 | M21: 539.9 | P21: =0.9*A18 -> 540 | Q21: V
A22: 1000 | B22: V
B23: =IF(P23<=0.1,(ABS(SUM(AVERAGE(E23:N23),A23)/2)), "Non EMF") -> Non EMF | C23: =0.1*A22 -> 100 | D23: =IF(P23<=0.329999,"mV", IF(P23<=3.29999, "V1", IF(P23<=32.9999,"V2", IF(P23<=329.9999,"V3", IF(P23<=1020,"V4", "Number Out of Range" ))))) -> V3 | E23: 100 | G23: 100 | I23: 100 | K23: 100 | M23: 100 | P23: =0.1*A22 -> 100 | Q23: V
B24: =IF(P24<=0.1,(ABS(SUM(AVERAGE(E24:N24),A24)/2)), "Non EMF") -> Non EMF | C24: =0.5*A22 -> 500 | D24: =IF(P24<=0.329999,"mV", IF(P24<=3.29999, "V1", IF(P24<=32.9999,"V2", IF(P24<=329.9999,"V3", IF(P24<=1020,"V4", "Number Out of Range" ))))) -> V4 | E24: 500 | G24: 500 | I24: 500 | K24: 500 | M24: 500 | P24: =0.5*A22 -> 500 | Q24: V
B25: =IF(P25<=0.1,(ABS(SUM(AVERAGE(E25:N25),A25)/2)), "Non EMF") -> Non EMF | C25: =0.9*A22 -> 900 | D25: =IF(P25<=0.329999,"mV", IF(P25<=3.29999, "V1", IF(P25<=32.9999,"V2", IF(P25<=329.9999,"V3", IF(P25<=1020,"V4", "Number Out of Range" ))))) -> V4 | E25: 900 | G25: 900 | I25: 900 | K25: 900 | M25: 900 | P25: =0.9*A22 -> 900 | Q25: V
A29: Range/Freq/ EMF/Shunt | C29: Pembacaan Standar/Alat | E29: Pembacaan Alat/Standar
E30: X1 | G30: X2 | I30: X3 | K30: X4 | M30: X5
A31: 600 | B31: mV | P31: Data Linear | Q31: Satuan
A32: 50 | B32: Hz | C32: =IF(0.1*A31 <329.9999, 0.1*A31,0.1*A31/1000) -> 60 | D32: =IF(P32<=0.329999,"mV", IF(P32<=3.29999, "V1", IF(P32<=32.9999,"V2", IF(P32<=329.9999,"V3", IF(P32<=1020,"V4", "Number Out of Range" ))))) -> mV | E32: 60.3 | G32: 60.3 | I32: 60.3 | K32: 60.3 | M32: 60.3 | P32: =IF(B31="mV",A31*0.1/1000) -> 0.06 | Q32: V
C33: =IF(0.5*A31 <329.9999, 0.5*A31,0.1*A31/1000) -> 300 | D33: =IF(P33<=0.329999,"mV", IF(P33<=3.29999, "V1", IF(P33<=32.9999,"V2", IF(P33<=329.9999,"V3", IF(P33<=1020,"V4", "Number Out of Range" ))))) -> mV | E33: 300.1 | G33: 300.1 | I33: 300.1 | K33: 300.1 | M33: 300.1 | P33: =IF(B31="mV",A31*0.5/1000) -> 0.3 | Q33: V
C34: =IF(0.9*A31<329.9999,0.9*A31,(0.9*A31)/1000) -> 0.54 | D34: =IF(P34<=0.329999,"mV", IF(P34<=3.29999, "V1", IF(P34<=32.9999,"V2", IF(P34<=329.9999,"V3", IF(P34<=1020,"V4", "Number Out of Range" ))))) -> V1 | E34: 539.7 | G34: 539.8 | I34: 539.9 | K34: 540 | M34: 540.1 | P34: =IF(B31="mV",A31*0.9/1000) -> 0.54 | Q34: V
A35: 6 | B35: V
A36: 50 | B36: Hz | C36: =0.1*A35 -> 0.6 | D36: =IF(P36<=0.329999,"mV", IF(P36<=3.29999, "V1", IF(P36<=32.9999,"V2", IF(P36<=329.9999,"V3", IF(P36<=1020,"V4", "Number Out of Range" ))))) -> V1 | E36: 0.603 | G36: 0.603 | I36: 0.603 | K36: 0.603 | M36: 0.603 | P36: =A35*0.1 -> 0.6 | Q36: V
C37: =0.5*A35 -> 3 | D37: =IF(P37<=0.329999,"mV", IF(P37<=3.29999, "V1", IF(P37<=32.9999,"V2", IF(P37<=329.9999,"V3", IF(P37<=1020,"V4", "Number Out of Range" ))))) -> V1 | E37: 3.003 | G37: 3.003 | I37: 3.003 | K37: 3.003 | M37: 3.003 | P37: =0.5*A35 -> 3 | Q37: V
C38: =0.9*A35 -> 5.4 | D38: =IF(P38<=0.329999,"mV", IF(P38<=3.29999, "V1", IF(P38<=32.9999,"V2", IF(P38<=329.9999,"V3", IF(P38<=1020,"V4", "Number Out of Range" ))))) -> V2 | E38: 5.398 | G38: 5.398 | I38: 5.398 | K38: 5.398 | M38: 5.398 | P38: =0.9*A35 -> 5.4 | Q38: V
A39: 60 | B39: V
A40: 50 | B40: Hz | C40: =0.1*A39 -> 6 | D40: =IF(P40<=0.329999,"mV", IF(P40<=3.29999, "V1", IF(P40<=32.9999,"V2", IF(P40<=329.9999,"V3", IF(P40<=1020,"V4", "Number Out of Range" ))))) -> V2 | E40: 6.02 | G40: 6.02 | I40: 6.02 | K40: 6.02 | M40: 6.02 | P40: =0.1*A39 -> 6 | Q40: V
C41: =0.5*A39 -> 30 | D41: =IF(P41<=0.329999,"mV", IF(P41<=3.29999, "V1", IF(P41<=32.9999,"V2", IF(P41<=329.9999,"V3", IF(P41<=1020,"V4", "Number Out of Range" ))))) -> V2 | E41: 30.03 | G41: 30.03 | I41: 30.03 | K41: 30.03 | M41: 30.03 | P41: =0.5*A39 -> 30 | Q41: V
C42: =0.9*A39 -> 54 | D42: =IF(P42<=0.329999,"mV", IF(P42<=3.29999, "V1", IF(P42<=32.9999,"V2", IF(P42<=329.9999,"V3", IF(P42<=1020,"V4", "Number Out of Range" ))))) -> V3 | E42: 53.98 | G42: 53.98 | I42: 53.98 | K42: 53.98 | M42: 53.98 | P42: =0.9*A39 -> 54 | Q42: V
A43: 600 | B43: V
A44: 50 | B44: Hz | C44: =0.1*A43 -> 60 | D44: =IF(P44<=0.329999,"mV", IF(P44<=3.29999, "V1", IF(P44<=32.9999,"V2", IF(P44<=329.9999,"V3", IF(P44<=1020,"V4", "Number Out of Range" ))))) -> V3 | E44: 60.2 | G44: 60.2 | I44: 60.2 | K44: 60.2 | M44: 60.2 | P44: =0.1*A43 -> 60 | Q44: V
C45: =0.5*A43 -> 300 | D45: =IF(P45<=0.329999,"mV", IF(P45<=3.29999, "V1", IF(P45<=32.9999,"V2", IF(P45<=329.9999,"V3", IF(P45<=1020,"V4", "Number Out of Range" ))))) -> V3 | E45: 300.1 | G45: 300.1 | I45: 300.1 | K45: 300.1 | M45: 300.1 | P45: =0.5*A43 -> 300 | Q45: V
C46: =0.9*A43 -> 540 | D46: =IF(P46<=0.329999,"mV", IF(P46<=3.29999, "V1", IF(P46<=32.9999,"V2", IF(P46<=329.9999,"V3", IF(P46<=1020,"V4", "Number Out of Range" ))))) -> V4 | E46: 539.9 | G46: 539.9 | I46: 539.9 | K46: 539.9 | M46: 539.9 | P46: =0.9*A43 -> 540 | Q46: V
A47: 1000 | B47: V
A48: 50 | B48: Hz | C48: =0.1*A47 -> 100 | D48: =IF(P48<=0.329999,"mV", IF(P48<=3.29999, "V1", IF(P48<=32.9999,"V2", IF(P48<=329.9999,"V3", IF(P48<=1020,"V4", "Number Out of Range" ))))) -> V3 | E48: 101 | G48: 101 | I48: 101 | K48: 101 | M48: 101 | P48: =0.1*A47 -> 100 | Q48: V
C49: =0.5*A47 -> 500 | D49: =IF(P49<=0.329999,"mV", IF(P49<=3.29999, "V1", IF(P49<=32.9999,"V2", IF(P49<=329.9999,"V3", IF(P49<=1020,"V4", "Number Out of Range" ))))) -> V4 | E49: 500 | G49: 500 | I49: 500 | K49: 500 | M49: 500 | P49: =0.5*A47 -> 500 | Q49: V
C50: =0.9*A47 -> 900 | D50: =IF(P50<=0.329999,"mV", IF(P50<=3.29999, "V1", IF(P50<=32.9999,"V2", IF(P50<=329.9999,"V3", IF(P50<=1020,"V4", "Number Out of Range" ))))) -> V4 | E50: 899 | G50: 899 | I50: 899 | K50: 899 | M50: 899 | P50: =0.9*A47 -> 900 | Q50: V
A54: Range/Freq/ EMF/Shunt | C54: Pembacaan Standar/Alat | E54: Pembacaan Alat/Standar
E55: X1 | G55: X2 | I55: X3 | K55: X4 | M55: X5
A56: 600 | B56: mA | P56: Data Linear | Q56: Satuan
A57: 50 | B57: Hz | C57: =IF(0.1*A56 <329.9999, 0.1*A56,0.1*A56/1000) -> 60 | D57: =IF(P57<=0.0032999,"mA1", IF(P57<=0.032999, "mA2", IF(P57<=0.32999,"mA3", IF(P57<=2.1999,"A1", IF(P57<=11,"A2", "Number Out of Range" ))))) -> mA3 | E57: 60.2 | G57: 60.2 | I57: 60.2 | K57: 60.2 | M57: 60.2 | P57: =IF(B56="mA",A56*0.1/1000,A56*0.1) -> 0.06 | Q57: A | T57: 3.2999 | U57: =T57/1000 -> 0.0032999 | V57: 0.0032999
C58: =IF(0.5*A56 <329.9999, 0.5*A56,0.1*A56/1000) -> 300 | D58: =IF(P58<=0.0032999,"mA1", IF(P58<=0.032999, "mA2", IF(P58<=0.32999,"mA3", IF(P58<=2.1999,"A1", IF(P58<=11,"A2", "Number Out of Range" ))))) -> mA3 | E58: 300.4 | G58: 300.4 | I58: 300.4 | K58: 300.4 | M58: 300.4 | P58: =IF(B56="mA",A56*0.5/1000,A56*0.5) -> 0.3 | Q58: A | U58: =T58/1000 -> 0
C59: =IF(0.9*A56<329.9999,0.9*A56,(0.9*A56)/1000) -> 0.54 | D59: =IF(P59<=0.0032999,"mA1", IF(P59<=0.032999, "mA2", IF(P59<=0.32999,"mA3", IF(P59<=2.1999,"A1", IF(P59<=11,"A2", "Number Out of Range" ))))) -> A1 | E59: 540.1 | G59: 540.1 | I59: 540.1 | K59: 540.1 | M59: 540.1 | P59: =IF(B56="mA", A56*0.9/1000,A56*0.9) -> 0.54 | Q59: A | U59: =T59/1000 -> 0
A60: 6 | B60: A | U60: =T60/1000 -> 0
A61: 50 | B61: Hz | C61: =0.1*A60 -> 0.6 | D61: =IF(P61<=0.0032999,"mA1", IF(P61<=0.032999, "mA2", IF(P61<=0.32999,"mA3", IF(P61<=2.1999,"A1", IF(P61<=11,"A2", "Number Out of Range" ))))) -> A1 | E61: 0.602 | G61: 0.602 | I61: 0.602 | K61: 0.602 | M61: 0.602 | P61: =IF(B60="mA",A60*0.1/1000,A60*0.1) -> 0.6 | Q61: A | U61: =T61/1000 -> 0
C62: =0.5*A60 -> 3 | D62: =IF(P62<=0.0032999,"mA1", IF(P62<=0.032999, "mA2", IF(P62<=0.32999,"mA3", IF(P62<=2.1999,"A1", IF(P62<=11,"A2", "Number Out of Range" ))))) -> A2 | E62: 3.004 | G62: 3.004 | I62: 3.004 | K62: 3.004 | M62: 3.004 | P62: =IF(B60="mA",A60*0.5/1000,A60*0.5) -> 3 | Q62: A | U62: =T62/1000 -> 0
C63: =0.9*A60 -> 5.4 | D63: =IF(P63<=0.0032999,"mA1", IF(P63<=0.032999, "mA2", IF(P63<=0.32999,"mA3", IF(P63<=2.1999,"A1", IF(P63<=11,"A2", "Number Out of Range" ))))) -> A2 | E63: 5.403 | G63: 5.403 | I63: 5.403 | K63: 5.403 | M63: 5.403 | P63: =IF(B60="mA", A60*0.9/1000,A60*0.9) -> 5.4 | Q63: A | U63: =T63/1000 -> 0
A64: 10 | B64: A | T64: 32.999 | U64: =T64/1000 -> 0.032999 | V64: 0.032999
A65: 50 | B65: Hz | C65: =0.1*A64 -> 1 | D65: =IF(P65<=0.0032999,"mA1", IF(P65<=0.032999, "mA2", IF(P65<=0.32999,"mA3", IF(P65<=2.1999,"A1", IF(P65<=11,"A2", "Number Out of Range" ))))) -> A1 | E65: 1.01 | G65: 1.01 | I65: 1.01 | K65: 1.01 | M65: 1.01 | P65: =IF(B64="mA",A64*0.1/1000,A64*0.1) -> 1 | Q65: A | U65: =T65/1000 -> 0
C66: =0.5*A64 -> 5 | D66: =IF(P66<=0.0032999,"mA1", IF(P66<=0.032999, "mA2", IF(P66<=0.32999,"mA3", IF(P66<=2.1999,"A1", IF(P66<=11,"A2", "Number Out of Range" ))))) -> A2 | E66: 5.01 | G66: 5.01 | I66: 5.01 | K66: 5.01 | M66: 5.01 | P66: =IF(B64="mA",A64*0.5/1000,A64*0.5) -> 5 | Q66: A | U66: =T66/1000 -> 0
C67: =0.9*A64 -> 9 | D67: =IF(P67<=0.0032999,"mA1", IF(P67<=0.032999, "mA2", IF(P67<=0.32999,"mA3", IF(P67<=2.1999,"A1", IF(P67<=11,"A2", "Number Out of Range" ))))) -> A2 | E67: 8.99 | G67: 8.99 | I67: 8.99 | K67: 8.99 | M67: 8.99 | P67: =IF(B64="mA", A64*0.9/1000,A64*0.9) -> 9 | Q67: A | U67: =T67/1000 -> 0
A68: 0 | B68: A | U68: =T68/1000 -> 0
A69: 0 | B69: Hz | C69: =0.1*A$96 -> 0 | D69: A | P69: =IF(B64="mA",A64*0.1/1000,A68*0.1) -> 0 | Q69: A | U69: =T69/1000 -> 0
C70: =0.5*A$96 -> 0 | D70: A | P70: =IF(B68="mA",A68*0.5/1000,A68*0.5) -> 0 | Q70: A | U70: =T70/1000 -> 0
C71: =0.9*A$96 -> 0 | D71: A | P71: =IF(B68="mA", A68*0.9/1000,A68*0.9) -> 0 | Q71: A | T71: 329.99 | U71: =T71/1000 -> 0.32999 | V71: 0.32999
A72: 0 | B72: A
A73: 0 | B73: Hz | C73: =0.1*A$96 -> 0 | D73: A | P73: =IF($B$72="mA",$A$72*0.1/1000,A72*0.1) -> 0 | Q73: A
C74: =0.5*A$96 -> 0 | D74: A | P74: =IF(B72="mA",A72*0.5/1000,A72*0.5) -> 0 | Q74: A
C75: =0.9*A$96 -> 0 | D75: A | P75: =IF($B$68="mA", $A$72*0.9/1000,$A$72*0.9) -> 0 | Q75: A
A78: Range/Freq/ EMF/Shunt | C78: Pembacaan Standar/Alat | E78: Pembacaan Alat/Standar
E79: X1 | G79: X2 | I79: X3 | K79: X4 | M79: X5
A80: 60 | B80: mA | P80: Data Linear | Q80: Satuan
C81: =IF(0.1*A80 <329.9999, 0.1*A80,0.1*A80/1000) -> 6 | D81: =IF(P81<=0.0032999,"mA1", IF(P81<=0.032999, "mA2", IF(P81<=0.32999,"mA3", IF(P81<=2.1999,"A1", IF(P81<=11,"A2", "Number Out of Range" ))))) -> mA2 | E81: 6 | G81: 6 | I81: 6 | K81: 6 | M81: 6 | P81: =IF(B80="mA",A80*0.1/1000,A80*0.1) -> 0.006 | Q81: A
C82: =IF(0.5*A80 <329.9999, 0.5*A80,0.1*A80/1000) -> 30 | D82: =IF(P82<=0.0032999,"mA1", IF(P82<=0.032999, "mA2", IF(P82<=0.32999,"mA3", IF(P82<=2.1999,"A1", IF(P82<=11,"A2", "Number Out of Range" ))))) -> mA2 | E82: 29.99 | G82: 29.99 | I82: 29.99 | K82: 29.99 | M82: 29.99 | P82: =IF(B80="mA",A80*0.5/1000,A80*0.5) -> 0.03 | Q82: A
C83: =IF(0.9*A80<329.9999,0.9*A80,(0.9*A80)/1000) -> 54 | D83: =IF(P83<=0.0032999,"mA1", IF(P83<=0.032999, "mA2", IF(P83<=0.32999,"mA3", IF(P83<=2.1999,"A1", IF(P83<=11,"A2", "Number Out of Range" ))))) -> mA3 | E83: 53.99 | G83: 53.99 | I83: 53.99 | K83: 53.99 | M83: 53.99 | P83: =IF(B80="mA", A80*0.9/1000,A80*0.9) -> 0.054 | Q83: A
A84: 600 | B84: mA
C85: =IF(0.1*A84 <329.9999, 0.1*A84,0.1*A84/1000) -> 60 | D85: =IF(P85<=0.0032999,"mA1", IF(P85<=0.032999, "mA2", IF(P85<=0.32999,"mA3", IF(P85<=2.1999,"A1", IF(P85<=11,"A2", "Number Out of Range" ))))) -> mA3 | E85: 60 | G85: 60 | I85: 60 | K85: 60 | M85: 60 | P85: =IF(B84="mA",A84*0.1/1000,A84*0.1) -> 0.06 | Q85: A
C86: =IF(0.5*A84 <329.9999, 0.5*A84,0.1*A84/1000) -> 300 | D86: =IF(P86<=0.0032999,"mA1", IF(P86<=0.032999, "mA2", IF(P86<=0.32999,"mA3", IF(P86<=2.1999,"A1", IF(P86<=11,"A2", "Number Out of Range" ))))) -> mA3 | E86: 300.1 | G86: 300.1 | I86: 300.1 | K86: 300.1 | M86: 300.1 | P86: =IF(B84="mA",A84*0.5/1000,A84*0.5) -> 0.3 | Q86: A
C87: =IF(0.9*A84<329.9999,0.9*A84,(0.9*A84)/1000) -> 0.54 | D87: =IF(P87<=0.0032999,"mA1", IF(P87<=0.032999, "mA2", IF(P87<=0.32999,"mA3", IF(P87<=2.1999,"A1", IF(P87<=11,"A2", "Number Out of Range" ))))) -> A1 | E87: 540.1 | G87: 540.1 | I87: 540.1 | K87: 540.1 | M87: 540.1 | P87: =IF(B84="mA", A84*0.9/1000,A84*0.9) -> 0.54 | Q87: A
A88: 6 | B88: A
C89: =IF(0.1*A88 <329.9999, 0.1*A88,0.1*A88/1000) -> 0.6 | D89: =IF(P89<=0.0032999,"mA1", IF(P89<=0.032999, "mA2", IF(P89<=0.32999,"mA3", IF(P89<=2.1999,"A1", IF(P89<=11,"A2", "Number Out of Range" ))))) -> A1 | E89: 0.6 | G89: 0.6 | I89: 0.6 | K89: 0.6 | M89: 0.6 | P89: =IF(B88="mA",A88*0.1/1000,A88*0.1) -> 0.6 | Q89: A
C90: =IF(0.5*A88 <329.9999, 0.5*A88,0.1*A88/1000) -> 3 | D90: =IF(P90<=0.0032999,"mA1", IF(P90<=0.032999, "mA2", IF(P90<=0.32999,"mA3", IF(P90<=2.1999,"A1", IF(P90<=11,"A2", "Number Out of Range" ))))) -> A2 | E90: 2.999 | G90: 2.999 | I90: 2.999 | K90: 2.999 | M90: 2.999 | P90: =IF(B88="mA",A88*0.5/1000,A88*0.5) -> 3 | Q90: A
C91: =IF(0.9*A88<329.9999,0.9*A88,(0.9*A88)/1000) -> 5.4 | D91: =IF(P91<=0.0032999,"mA1", IF(P91<=0.032999, "mA2", IF(P91<=0.32999,"mA3", IF(P91<=2.1999,"A1", IF(P91<=11,"A2", "Number Out of Range" ))))) -> A2 | E91: 5.399 | G91: 5.399 | I91: 5.399 | K91: 5.399 | M91: 5.399 | P91: =IF(B88="mA", A88*0.9/1000,A88*0.9) -> 5.4 | Q91: A
A92: 10 | B92: A
C93: =IF(0.1*A92 <329.9999, 0.1*A92,0.1*A92/1000) -> 1 | D93: =IF(P93<=0.0032999,"mA1", IF(P93<=0.032999, "mA2", IF(P93<=0.32999,"mA3", IF(P93<=2.1999,"A1", IF(P93<=11,"A2", "Number Out of Range" ))))) -> A1 | E93: 1 | G93: 1 | I93: 1 | K93: 1 | M93: 1 | P93: =IF(B92="mA",A92*0.1/1000,A92*0.1) -> 1 | Q93: A
C94: =IF(0.5*A92 <329.9999, 0.5*A92,0.1*A92/1000) -> 5 | D94: =IF(P94<=0.0032999,"mA1", IF(P94<=0.032999, "mA2", IF(P94<=0.32999,"mA3", IF(P94<=2.1999,"A1", IF(P94<=11,"A2", "Number Out of Range" ))))) -> A2 | E94: 5 | G94: 5 | I94: 5 | K94: 5 | M94: 5 | P94: =IF(B92="mA",A92*0.5/1000,A92*0.5) -> 5 | Q94: A
C95: =IF(0.9*A92<329.9999,0.9*A92,(0.9*A92)/1000) -> 9 | D95: =IF(P95<=0.0032999,"mA1", IF(P95<=0.032999, "mA2", IF(P95<=0.32999,"mA3", IF(P95<=2.1999,"A1", IF(P95<=11,"A2", "Number Out of Range" ))))) -> A2 | E95: 9 | G95: 9 | I95: 9 | K95: 9 | M95: 9 | P95: =IF(B92="mA", A92*0.9/1000,A92*0.9) -> 9 | Q95: A
A96: 0 | B96: A
C97: =0.1*A$96 -> 0 | D97: A | P97: =IF($B$72="mA",$A$72*0.1/1000,A96*0.1) -> 0 | Q97: A
C98: =0.5*A$96 -> 0 | D98: A | P98: =IF(B96="mA",A96*0.5/1000,A96*0.5) -> 0 | Q98: A
C99: =0.9*A$96 -> 0 | D99: A | P99: =IF($B$68="mA", $A$72*0.9/1000,$A$72*0.9) -> 0 | Q99: A
A102: Range/Freq/ EMF/Shunt | C102: Pembacaan Standar/Alat | E102: Pembacaan Alat/Standar
E103: X1 | G103: X2 | I103: X3 | K103: X4 | M103: X5
A104: 600 | B104: Ω
C105: =0.1*A104 -> 60 | D105: Ω | E105: 60.1 | G105: 60.1 | I105: 60.1 | K105: 60.1 | M105: 60.1
C106: =0.5*A104 -> 300 | D106: Ω | E106: 301.1 | G106: 301.1 | I106: 301.1 | K106: 301.1 | M106: 301.1
C107: =0.9*A104/1000 -> 0.54 | D107: kΩ | E107: 541 | G107: 541 | I107: 541 | K107: 541 | M107: 541
A108: 6 | B108: kΩ
C109: =0.1*A108 -> 0.6 | D109: kΩ | E109: 0.601 | G109: 0.601 | I109: 0.601 | K109: 0.601 | M109: 0.601
C110: =0.5*A108 -> 3 | D110: kΩ | E110: 3.001 | G110: 3.001 | I110: 3.001 | K110: 3.001 | M110: 3.001
C111: =0.9*A108 -> 5.4 | D111: kΩ | E111: 5.4 | G111: 5.4 | I111: 5.4 | K111: 5.4 | M111: 5.4
A112: 60 | B112: kΩ
C113: =0.1*A112 -> 6 | D113: kΩ | E113: 6 | G113: 6 | I113: 6 | K113: 6 | M113: 6
...

Sheet Kor&U95% VAC
A1: Range | C1: Frequency | E1: P Standar | G1: Kor Std | H1: P Alat | J1: Kor Alat | K1: U95% | L1: k | M1: CMC
A2: =Data!A52 -> 600 | B2: =Data!B52 -> mV | C2: =Data!A53 -> 50 | D2: =Data!B57 -> Hz | E2: =Data!C53 -> 60 | F2: =Data!D53 -> mV | G2: =T25 -> -0.011533354 | H2: =AVERAGE(Data!E53:N53) -> 60.3 | I2: mV | J2: =(E2+G2)-H2 -> -0.31153335 | K2: =N46 -> 0.065128253 | L2: =M45 -> 1.9908145 | M2: =E2/10^3*1.2 -> 0.072 | N2: =I2 -> mV
C3: =Data!A53 -> 50 | D3: =Data!B57 -> Hz | E3: =Data!C54 -> 300 | F3: =Data!D54 -> mV | G3: =T26 -> 0.0022128794 | H3: =AVERAGE(Data!G54:N54) -> 300.1 | I3: mV | J3: =(E3+G3)-H3 -> -0.097787121 | K3: =N60 -> 0.08963047 | L3: =M59 -> 1.9778882 | M3: =E3/10^3*1.2 -> 0.36 | N3: =I3 -> mV
C4: =Data!A53 -> 50 | D4: =Data!B57 -> Hz | E4: =Data!C55 -> 0.54 | F4: =Data!D55 -> V1 | G4: =T27 -> 0.0058650746 | H4: =AVERAGE(Data!E55:N55) -> 539.9 | I4: mV | J4: =(E4*10^3+G84)-H4 -> 0.1 | K4: =N74 -> 113.7667 | L4: =M73 -> 1.9863726 | M4: =E4/10^0*0.59 -> 0.3186 | N4: =I4 -> mV
A5: =Data!A56 -> 6 | B5: =Data!B56 -> V | C5: =Data!A57 -> 50 | D5: =Data!B57 -> Hz | E5: =Data!C57 -> 0.6 | F5: =Data!D57 -> V1 | G5: =T28 -> 0.0058722388 | H5: =AVERAGE(Data!E57:N57) -> 0.603 | I5: V | J5: =(E5+G5)-H5 -> 0.0028722388 | K5: =N88 -> 0.047445186 | L5: =M87 -> 2.0085632 | M5: =E5/10^3*0.59 -> 0.000354 | N5: =I5 -> V
C6: =Data!A57 -> 50 | D6: =Data!B61 -> Hz | E6: =Data!C58 -> 3 | F6: =Data!D58 -> V1 | G6: =T29 -> 0.00076967381 | H6: =AVERAGE(Data!E58:N58) -> 3.003 | I6: V | J6: =(E6+G6)-H6 -> -0.0022303262 | K6: =N102 -> 0.0013738603 | L6: =M101 -> 1.984947 | M6: =E6/10^3*0.59 -> 0.00177 | N6: =I6 -> V
C7: =Data!A57 -> 50 | D7: =Data!B57 -> Hz | E7: =Data!C59 -> 5.4 | F7: =Data!D59 -> V2 | G7: =T30 -> -0.0013608955 | H7: =AVERAGE(Data!E59:N59) -> 5.398 | I7: V | J7: =(E7+G7)-H7 -> 0.00063910448 | K7: =N116 -> 0.0014317598 | L7: =M115 -> 1.9764935 | M7: =E7/10^3*0.76 -> 0.004104 | N7: =I7 -> V
A8: =Data!A60 -> 60 | B8: =Data!B60 -> V | C8: =Data!A61 -> 50 | D8: =Data!B61 -> Hz | E8: =Data!C61 -> 6 | F8: =Data!D61 -> V2 | G8: =T31 -> -0.0013268657 | H8: =AVERAGE(Data!E61:N61) -> 6.02 | I8: V | J8: =(E8+G8)-H8 -> -0.021326866 | K8: =N130 -> 0.0061061546 | L8: =M129 -> 1.9989608 | M8: =E8/10^3*0.76 -> 0.00456 | N8: =I8 -> V
C9: =Data!A61 -> 50 | D9: =Data!B61 -> Hz | E9: =Data!C62 -> 30 | F9: =Data!D62 -> V2 | G9: =T32 -> -9.7451537e-05 | H9: =AVERAGE(Data!E62:N62) -> 30.03 | I9: V | J9: =(E9+G9)-H9 -> -0.030097452 | K9: =N144 -> 0.013351275 | L9: =M143 -> 1.9878186 | M9: =E9/10^3*0.76 -> 0.0228 | N9: =I9 -> V
C10: =Data!A61 -> 50 | D10: =Data!B61 -> Hz | E10: =Data!C63 -> 54 | F10: =Data!D63 -> V3 | G10: =T33 -> -0.016167164 | H10: =AVERAGE(Data!E63:N63) -> 53.98 | I10: V | J10: =(E10+G10)-H10 -> 0.0038328358 | K10: =N158 -> 0.013969788 | L10: =M157 -> 1.9764539 | M10: =E10/10^3*0.85 -> 0.0459 | N10: =I10 -> V
A11: =Data!A64 -> 600 | B11: =Data!B64 -> V | C11: =Data!A65 -> 50 | D11: =Data!B65 -> Hz | E11: =Data!C65 -> 60 | F11: =Data!D65 -> V3 | G11: =T34 -> -0.016014925 | H11: =AVERAGE(Data!E65:N65) -> 60.2 | I11: V | J11: =(E11+G11)-H11 -> -0.21601493 | K11: =N172 -> 0.061010325 | L11: =M171 -> 1.9990914 | M11: =E11/10^3*0.85 -> 0.051 | N11: =I11 -> V
C12: =Data!A65 -> 50 | D12: =D11 -> Hz | E12: =Data!C66 -> 300 | F12: =Data!D66 -> V3 | G12: =T35 -> -0.0015260687 | H12: =AVERAGE(Data!E66:N66) -> 300.1 | I12: V | J12: =(E12+G12)-H12 -> -0.10152607 | K12: =N186 -> 0.071526271 | L12: =M185 -> 1.9843349 | M12: =E12/10^3*0.85 -> 0.255 | N12: =I12 -> V
C13: =Data!A65 -> 50 | D13: =D11 -> Hz | E13: =Data!C67 -> 540 | F13: =Data!D67 -> V4 | G13: =T36 -> -0.03119403 | H13: =AVERAGE(Data!E67:N67) -> 539.9 | I13: V | J13: =(E13+G13)-H13 -> 0.06880597 | K13: =N200 -> 0.12142351 | L13: =M199 -> 1.9768611 | M13: =E13/10^3*0.81 -> 0.4374 | N13: =I13 -> V
A14: =Data!A68 -> 1000 | B14: =Data!B68 -> V | C14: =Data!A69 -> 50 | D14: =Data!B69 -> Hz | E14: =Data!C69 -> 100 | F14: =Data!D69 -> V3 | G14: =T37 -> -0.015 | H14: =AVERAGE(Data!E69:N69) -> 101 | I14: V | J14: =(E14+G14)-H14 -> -1.015 | K14: =N214 -> 0.57768218 | L14: =M213 -> 2.0084651 | M14: =E14/10^3*0.85 -> 0.085 | N14: =I14 -> V
C15: =Data!A69 -> 50 | D15: =Data!B69 -> Hz | E15: =Data!C70 -> 500 | F15: =Data!D70 -> V4 | G15: =T38 -> -0.034776119 | H15: =AVERAGE(Data!E70:N70) -> 500 | I15: V | J15: =(E15+G15)-H15 -> -0.034776119 | K15: =N228 -> 0.58726762 | L15: =M227 -> 2.0053334 | M15: =E15/10^3*0.81 -> 0.405 | N15: =I15 -> V
C16: =Data!A69 -> 50 | D16: =Data!B69 -> Hz | E16: =Data!C71 -> 900 | F16: =Data!D71 -> V4 | G16: =T39 -> 0.0010447761 | H16: =AVERAGE(Data!E71:N71) -> 899 | I16: V | J16: =(E16+G16)-H16 -> 1.0010448 | K16: =N242 -> 0.60372431 | L16: =M241 -> 2.0007254 | M16: =E16/10^3*0.81 -> 0.729 | N16: =I16 -> V
C19: Uncertainty Budget sebagai Pendukung Kemampuan Kalibrasi dan Pengukuran (CMC)
C21: Nama Laboratorium | E21: : | F21: BALAI BESAR STANDARDISASI DAN PELAYANAN JASA INDUSTRI LOGAM DAN MESIN
C22: Alamat | E22: : | F22: Jl. Sangkuriang No. 12 Bandung 40135
Q23: 50 hz
C24: Besaran yang diukur | G24: Kelistrikan | O24: IK-K-04-UL-01 | Q24: Titik Ukur | S24: Freq (Hz) | T24: 45506 | U24: 44655 | V24: 43854 | W24: 43283 | X24: Drift | Y24: U24 | AA24: Range | AC24: Freq | AE24: Alat Stan | AF24: KorStan24 | AG24: KorStan22 | AH24: KorStan20 | AI24: KorStan18 | AJ24: Un24
C25: Jenis alat yang dikalibrasi | G25: Digital Multimeter | Q25: =E2 -> 60 | R25: =F2 -> mV | S25: =C2 -> 50 | T25: {=IFERROR( _xlfn.FORECAST.LINEAR( Q25, INDEX($AF$25:$AF$66, MATCH(1, ($AE$25:$AE$66<=Q25)*($AF$25:$AF$66<>"x")*($AB$25:$AB$66=R25)*($AC$25:$AC$66=S25), 0) ): INDEX($AF$25:$AF$66, MATCH(1, ($AE$25:$AE$66>=Q25)*($AF$25:$AF$66<>"x")*($AB$25:$AB$66=R25)*($AC$25:$AC$66=S25), 0) ), INDEX($AE$25:$AE$66, MATCH(1, ($AE$25:$AE$66<=Q25)*($AF$25:$AF$66<>"x")*($AB$25:$AB$66=R25)*($AC$25:$AC$66=S25), 0) ): INDEX($AE$25:$AE$66, MATCH(1, ($AE$25:$AE$66>=Q25)*($AF$25:$AF$66<>"x")*($AB$25:$AB$66=R25)*($AC$25:$AC$66=S25), 0) ) ),INDEX($AF$25:$AF$66, MATCH( MIN(IF(($AF$25:$AF$66<>"x")*($AB$25:$AB$66=R25)*($AC$25:$AC$66=S25),ABS($AE$25:$AE$66-Q25))), IF(($AF$25:$AF$66<>"x")*($AB$25:$AB$66=R25)*($AC$25:$AC$66=S25),ABS($AE$25:$AE$66-Q25)), 0 )))} -> -0.011533354 | U25: {=IFERROR( _xlfn.FORECAST.LINEAR( Q25, INDEX($AG$25:$AG$66, MATCH(1, ($AE$25:$AE$66<=Q25)*($AG$25:$AG$66<>"x")*($AB$25:$AB$66=R25)*($AC$25:$AC$66=S25), 0) ): INDEX($AG$25:$AG$66, MATCH(1, ($AE$25:$AE$66>=Q25)*($AG$25:$AG$66<>"x")*($AB$25:$AB$66=R25)*($AC$25:$AC$66=S25), 0) ), INDEX($AE$25:$AE$66, MATCH(1, ($AE$25:$AE$66<=Q25)*($AG$25:$AG$66<>"x")*($AB$25:$AB$66=R25)*($AC$25:$AC$66=S25), 0) ): INDEX($AE$25:$AE$66, MATCH(1, ($AE$25:$AE$66>=Q25)*($AG$25:$AG$66<>"x")*($AB$25:$AB$66=R25)*($AC$25:$AC$66=S25), 0) ) ),INDEX($AG$25:$AG$66, MATCH( MIN(IF(($AG$25:$AG$66<>"x")*($AB$25:$AB$66=R25)*($AC$25:$AC$66=S25),ABS($AE$25:$AE$66-Q25))), IF(($AG$25:$AG$66<>"x")*($AB$25:$AB$66=R25)*($AC$25:$AC$66=S25),ABS($AE$25:$AE$66-Q25)), 0 )))} -> -0.0017732268 | V25: {=IFERROR( _xlfn.FORECAST.LINEAR( Q25, INDEX($AH$25:$AH$66, MATCH(1, ($AE$25:$AE$66<=Q25)*($AH$25:$AH$66<>"x")*($AB$25:$AB$66=R25)*($AC$25:$AC$66=S25), 0) ): INDEX($AH$25:$AH$66, MATCH(1, ($AE$25:$AE$66>=Q25)*($AH$25:$AH$66<>"x")*($AB$25:$AB$66=R25)*($AC$25:$AC$66=S25), 0) ), INDEX($AE$25:$AE$66, MATCH(1, ($AE$25:$AE$66<=Q25)*($AH$25:$AH$66<>"x")*($AB$25:$AB$66=R25)*($AC$25:$AC$66=S25), 0) ): INDEX($AE$25:$AE$66, MATCH(1, ($AE$25:$AE$66>=Q25)*($AH$25:$AH$66<>"x")*($AB$25:$AB$66=R25)*($AC$25:$AC$66=S25), 0) ) ),INDEX($AH$25:$AH$66, MATCH( MIN(IF(($AH$25:$AH$66<>"x")*($AB$25:$AB$66=R25)*($AC$25:$AC$66=S25),ABS($AE$25:$AE$66-Q25))), IF(($AH$25:$AH$66<>"x")*($AB$25:$AB$66=R25)*($AC$25:$AC$66=S25),ABS($AE$25:$AE$66-Q25)), 0 )))} -> -0.009 | W25: {=IFERROR( _xlfn.FORECAST.LINEAR( Q25, INDEX($AI$25:$AI$66, MATCH(1, ($AE$25:$AE$66<=Q25)*($AI$25:$AI$66<>"x")*($AB$25:$AB$66=R25)*($AC$25:$AC$66=S25), 0) ): INDEX($AI$25:$AI$66, MATCH(1, ($AE$25:$AE$66>=Q25)*($AI$25:$AI$66<>"x")*($AB$25:$AB$66=R25)*($AC$25:$AC$66=S25), 0) ), INDEX($AE$25:$AE$66, MATCH(1, ($AE$25:$AE$66<=Q25)*($AI$25:$AI$66<>"x")*($AB$25:$AB$66=R25)*($AC$25:$AC$66=S25), 0) ): INDEX($AE$25:$AE$66, MATCH(1, ($AE$25:$AE$66>=Q25)*($AI$25:$AI$66<>"x")*($AB$25:$AB$66=R25)*($AC$25:$AC$66=S25), 0) ) ),INDEX($AI$25:$AI$66, MATCH( MIN(IF(($AI$25:$AI$66<>"x")*($AB$25:$AB$66=R25)*($AC$25:$AC$66=S25),ABS($AE$25:$AE$66-Q25))), IF(($AI$25:$AI$66<>"x")*($AB$25:$AB$66=R25)*($AC$25:$AC$66=S25),ABS($AE$25:$AE$66-Q25)), 0 )))} -> 0.013 | X25: =((((ABS(T25-U25)/(T$24-U$24))+(ABS(U25-V25)/(U$24-V$24))+(ABS(V25-W25)/(V$24-W$24)))/3)*(((T$24-U$24)+(U$24-V$24)+(V$24-W$24))/3)) -> 0.014577964 | Y25: =AJ30 -> 0.025 | AA25: 329.999 | AB25: mV | AC25: 40 | AD25: Hz | AE25: 100 | AF25: -0.015 | AG25: -0.007 | AH25: -0.009 | AI25: 0.013 | AJ25: 0.025
C26: Standar yang digunakan | G26: Multiproduct Calibrator Fluke 5500A | Q26: =E3 -> 300 | R26: =F3 -> mV | S26: =C3 -> 50 | T26: {=IFERROR( _xlfn.FORECAST.LINEAR( Q26, INDEX($AF$25:$AF$66, MATCH(1, ($AE$25:$AE$66<=Q26)*($AF$25:$AF$66<>"x")*($AB$25:$AB$66=R26)*($AC$25:$AC$66=S26), 0) ): INDEX($AF$25:$AF$66, MATCH(1, ($AE$25:$AE$66>=Q26)*($AF$25:$AF$66<>"x")*($AB$25:$AB$66=R26)*($AC$25:$AC$66=S26), 0) ), INDEX($AE$25:$AE$66, MATCH(1, ($AE$25:$AE$66<=Q26)*($AF$25:$AF$66<>"x")*($AB$25:$AB$66=R26)*($AC$25:$AC$66=S26), 0) ): INDEX($AE$25:$AE$66, MATCH(1, ($AE$25:$AE$66>=Q26)*($AF$25:$AF$66<>"x")*($AB$25:$AB$66=R26)*($AC$25:$AC$66=S26), 0) ) ),INDEX($AF$25:$AF$66, MATCH( MIN(IF(($AF$25:$AF$66<>"x")*($AB$25:$AB$66=R26)*($AC$25:$AC$66=S26),ABS($AE$25:$AE$66-Q26))), IF(($AF$25:$AF$66<>"x")*($AB$25:$AB$66=R26)*($AC$25:$AC$66=S26),ABS($AE$25:$AE$66-Q26)), 0 )))} -> 0.0022128794 | U26: {=IFERROR( _xlfn.FORECAST.LINEAR( Q26, INDEX($AG$25:$AG$66, MATCH(1, ($AE$25:$AE$66<=Q26)*($AG$25:$AG$66<>"x")*($AB$25:$AB$66=R26)*($AC$25:$AC$66=S26), 0) ): INDEX($AG$25:$AG$66, MATCH(1, ($AE$25:$AE$66>=Q26)*($AG$25:$AG$66<>"x")*($AB$25:$AB$66=R26)*($AC$25:$AC$66=S26), 0) ), INDEX($AE$25:$AE$66, MATCH(1, ($AE$25:$AE$66<=Q26)*($AG$25:$AG$66<>"x")*($AB$25:$AB$66=R26)*($AC$25:$AC$66=S26), 0) ): INDEX($AE$25:$AE$66, MATCH(1, ($AE$25:$AE$66>=Q26)*($AG$25:$AG$66<>"x")*($AB$25:$AB$66=R26)*($AC$25:$AC$66=S26), 0) ) ),INDEX($AG$25:$AG$66, MATCH( MIN(IF(($AG$25:$AG$66<>"x")*($AB$25:$AB$66=R26)*($AC$25:$AC$66=S26),ABS($AE$25:$AE$66-Q26))), IF(($AG$25:$AG$66<>"x")*($AB$25:$AB$66=R26)*($AC$25:$AC$66=S26),ABS($AE$25:$AE$66-Q26)), 0 )))} -> -0.03 | V26: {=IFERROR( _xlfn.FORECAST.LINEAR( Q26, INDEX($AH$25:$AH$66, MATCH(1, ($AE$25:$AE$66<=Q26)*($AH$25:$AH$66<>"x")*($AB$25:$AB$66=R26)*($AC$25:$AC$66=S26), 0) ): INDEX($AH$25:$AH$66, MATCH(1, ($AE$25:$AE$66>=Q26)*($AH$25:$AH$66<>"x")*($AB$25:$AB$66=R26)*($AC$25:$AC$66=S26), 0) ), INDEX($AE$25:$AE$66, MATCH(1, ($AE$25:$AE$66<=Q26)*($AH$25:$AH$66<>"x")*($AB$25:$AB$66=R26)*($AC$25:$AC$66=S26), 0) ): INDEX($AE$25:$AE$66, MATCH(1, ($AE$25:$AE$66>=Q26)*($AH$25:$AH$66<>"x")*($AB$25:$AB$66=R26)*($AC$25:$AC$66=S26), 0) ) ),INDEX($AH$25:$AH$66, MATCH( MIN(IF(($AH$25:$AH$66<>"x")*($AB$25:$AB$66=R26)*($AC$25:$AC$66=S26),ABS($AE$25:$AE$66-Q26))), IF(($AH$25:$AH$66<>"x")*($AB$25:$AB$66=R26)*($AC$25:$AC$66=S26),ABS($AE$25:$AE$66-Q26)), 0 )))} -> -0.009 | W26: {=IFERROR( _xlfn.FORECAST.LINEAR( Q26, INDEX($AI$25:$AI$66, MATCH(1, ($AE$25:$AE$66<=Q26)*($AI$25:$AI$66<>"x")*($AB$25:$AB$66=R26)*($AC$25:$AC$66=S26), 0) ): INDEX($AI$25:$AI$66, MATCH(1, ($AE$25:$AE$66>=Q26)*($AI$25:$AI$66<>"x")*($AB$25:$AB$66=R26)*($AC$25:$AC$66=S26), 0) ), INDEX($AE$25:$AE$66, MATCH(1, ($AE$25:$AE$66<=Q26)*($AI$25:$AI$66<>"x")*($AB$25:$AB$66=R26)*($AC$25:$AC$66=S26), 0) ): INDEX($AE$25:$AE$66, MATCH(1, ($AE$25:$AE$66>=Q26)*($AI$25:$AI$66<>"x")*($AB$25:$AB$66=R26)*($AC$25:$AC$66=S26), 0) ) ),INDEX($AI$25:$AI$66, MATCH( MIN(IF(($AI$25:$AI$66<>"x")*($AB$25:$AB$66=R26)*($AC$25:$AC$66=S26),ABS($AE$25:$AE$66-Q26))), IF(($AI$25:$AI$66<>"x")*($AB$25:$AB$66=R26)*($AC$25:$AC$66=S26),ABS($AE$25:$AE$66-Q26)), 0 )))} -> 0.013 | X26: =((((ABS(T26-U26)/(T$24-U$24))+(ABS(U26-V26)/(U$24-V$24))+(ABS(V26-W26)/(V$24-W$24)))/3)*(((T$24-U$24)+(U$24-V$24)+(V$24-W$24))/3)) -> 0.025341977 | Y26: =AJ35 -> 0.062 | AB26: mV | AC26: 50 | AD26: Hz | AE26: 1 | AF26: -0.0015 | AG26: 0.01 | AH26: x | AI26: x | AJ26: 0.0094
C27: Model matematis Pengukuran | F27: : | G27: C = Vs - VUUT | I27: Model dengan memperhitungkan faktor-faktor lain yang berpengaruh | Q27: =E4 -> 0.54 | R27: =F4 -> V1 | S27: =C4 -> 50 | T27: {=IFERROR( _xlfn.FORECAST.LINEAR( Q27, INDEX($AF$25:$AF$66, MATCH(1, ($AE$25:$AE$66<=Q27)*($AF$25:$AF$66<>"x")*($AB$25:$AB$66=R27)*($AC$25:$AC$66=S27), 0) ): INDEX($AF$25:$AF$66, MATCH(1, ($AE$25:$AE$66>=Q27)*($AF$25:$AF$66<>"x")*($AB$25:$AB$66=R27)*($AC$25:$AC$66=S27), 0) ), INDEX($AE$25:$AE$66, MATCH(1, ($AE$25:$AE$66<=Q27)*($AF$25:$AF$66<>"x")*($AB$25:$AB$66=R27)*($AC$25:$AC$66=S27), 0) ): INDEX($AE$25:$AE$66, MATCH(1, ($AE$25:$AE$66>=Q27)*($AF$25:$AF$66<>"x")*($AB$25:$AB$66=R27)*($AC$25:$AC$66=S27), 0) ) ),INDEX($AF$25:$AF$66, MATCH( MIN(IF(($AF$25:$AF$66<>"x")*($AB$25:$AB$66=R27)*($AC$25:$AC$66=S27),ABS($AE$25:$AE$66-Q27))), IF(($AF$25:$AF$66<>"x")*($AB$25:$AB$66=R27)*($AC$25:$AC$66=S27),ABS($AE$25:$AE$66-Q27)), 0 )))} -> 0.0058650746 | U27: {=IFERROR( _xlfn.FORECAST.LINEAR( Q27, INDEX($AG$25:$AG$66, MATCH(1, ($AE$25:$AE$66<=Q27)*($AG$25:$AG$66<>"x")*($AB$25:$AB$66=R27)*($AC$25:$AC$66=S27), 0) ): INDEX($AG$25:$AG$66, MATCH(1, ($AE$25:$AE$66>=Q27)*($AG$25:$AG$66<>"x")*($AB$25:$AB$66=R27)*($AC$25:$AC$66=S27), 0) ), INDEX($AE$25:$AE$66, MATCH(1, ($AE$25:$AE$66<=Q27)*($AG$25:$AG$66<>"x")*($AB$25:$AB$66=R27)*($AC$25:$AC$66=S27), 0) ): INDEX($AE$25:$AE$66, MATCH(1, ($AE$25:$AE$66>=Q27)*($AG$25:$AG$66<>"x")*($AB$25:$AB$66=R27)*($AC$25:$AC$66=S27), 0) ) ),INDEX($AG$25:$AG$66, MATCH( MIN(IF(($AG$25:$AG$66<>"x")*($AB$25:$AB$66=R27)*($AC$25:$AC$66=S27),ABS($AE$25:$AE$66-Q27))), IF(($AG$25:$AG$66<>"x")*($AB$25:$AB$66=R27)*($AC$25:$AC$66=S27),ABS($AE$25:$AE$66-Q27)), 0 )))} -> -0.075522388 | V27: {=IFERROR( _xlfn.FORECAST.LINEAR( Q27, INDEX($AH$25:$AH$66, MATCH(1, ($AE$25:$AE$66<=Q27)*($AH$25:$AH$66<>"x")*($AB$25:$AB$66=R27)*($AC$25:$AC$66=S27), 0) ): INDEX($AH$25:$AH$66, MATCH(1, ($AE$25:$AE$66>=Q27)*($AH$25:$AH$66<>"x")*($AB$25:$AB$66=R27)*($AC$25:$AC$66=S27), 0) ), INDEX($AE$25:$AE$66, MATCH(1, ($AE$25:$AE$66<=Q27)*($AH$25:$AH$66<>"x")*($AB$25:$AB$66=R27)*($AC$25:$AC$66=S27), 0) ): INDEX($AE$25:$AE$66, MATCH(1, ($AE$25:$AE$66>=Q27)*($AH$25:$AH$66<>"x")*($AB$25:$AB$66=R27)*($AC$25:$AC$66=S27), 0) ) ),INDEX($AH$25:$AH$66, MATCH( MIN(IF(($AH$25:$AH$66<>"x")*($AB$25:$AB$66=R27)*($AC$25:$AC$66=S27),ABS($AE$25:$AE$66-Q27))), IF(($AH$25:$AH$66<>"x")*($AB$25:$AB$66=R27)*($AC$25:$AC$66=S27),ABS($AE$25:$AE$66-Q27)), 0 )))} -> 0 | W27: {=IFERROR( _xlfn.FORECAST.LINEAR( Q27, INDEX($AI$25:$AI$66, MATCH(1, ($AE$25:$AE$66<=Q27)*($AI$25:$AI$66<>"x")*($AB$25:$AB$66=R27)*($AC$25:$AC$66=S27), 0) ): INDEX($AI$25:$AI$66, MATCH(1, ($AE$25:$AE$66>=Q27)*($AI$25:$AI$66<>"x")*($AB$25:$AB$66=R27)*($AC$25:$AC$66=S27), 0) ), INDEX($AE$25:$AE$66, MATCH(1, ($AE$25:$AE$66<=Q27)*($AI$25:$AI$66<>"x")*($AB$25:$AB$66=R27)*($AC$25:$AC$66=S27), 0) ): INDEX($AE$25:$AE$66, MATCH(1, ($AE$25:$AE$66>=Q27)*($AI$25:$AI$66<>"x")*($AB$25:$AB$66=R27)*($AC$25:$AC$66=S27), 0) ) ),INDEX($AI$25:$AI$66, MATCH( MIN(IF(($AI$25:$AI$66<>"x")*($AB$25:$AB$66=R27)*($AC$25:$AC$66=S27),ABS($AE$25:$AE$66-Q27))), IF(($AI$25:$AI$66<>"x")*($AB$25:$AB$66=R27)*($AC$25:$AC$66=S27),ABS($AE$25:$AE$66-Q27)), 0 )))} -> 0.00016 | X27: =((((ABS(T27-U27)/(T$24-U$24))+(ABS(U27-V27)/(U$24-V$24))+(ABS(V27-W27)/(V$24-W$24)))/3)*(((T$24-U$24)+(U$24-V$24)+(V$24-W$24))/3)) -> 0.046980087 | Y27: =AJ37 -> 0.1 | AB27: mV | AC27: 50 | AD27: Hz | AE27: 3.3 | AF27: -0.0011 | AG27: 0.122 | AH27: x | AI27: x | AJ27: 0.0096
F28: : | G28: C = Vs + δVs - VUUT | Q28: =E5 -> 0.6 | R28: =F5 -> V1 | S28: =C5 -> 50 | T28: {=IFERROR( _xlfn.FORECAST.LINEAR( Q28, INDEX($AF$25:$AF$66, MATCH(1, ($AE$25:$AE$66<=Q28)*($AF$25:$AF$66<>"x")*($AB$25:$AB$66=R28)*($AC$25:$AC$66=S28), 0) ): INDEX($AF$25:$AF$66, MATCH(1, ($AE$25:$AE$66>=Q28)*($AF$25:$AF$66<>"x")*($AB$25:$AB$66=R28)*($AC$25:$AC$66=S28), 0) ), INDEX($AE$25:$AE$66, MATCH(1, ($AE$25:$AE$66<=Q28)*($AF$25:$AF$66<>"x")*($AB$25:$AB$66=R28)*($AC$25:$AC$66=S28), 0) ): INDEX($AE$25:$AE$66, MATCH(1, ($AE$25:$AE$66>=Q28)*($AF$25:$AF$66<>"x")*($AB$25:$AB$66=R28)*($AC$25:$AC$66=S28), 0) ) ),INDEX($AF$25:$AF$66, MATCH( MIN(IF(($AF$25:$AF$66<>"x")*($AB$25:$AB$66=R28)*($AC$25:$AC$66=S28),ABS($AE$25:$AE$66-Q28))), IF(($AF$25:$AF$66<>"x")*($AB$25:$AB$66=R28)*($AC$25:$AC$66=S28),ABS($AE$25:$AE$66-Q28)), 0 )))} -> 0.0058722388 | U28: {=IFERROR( _xlfn.FORECAST.LINEAR( Q28, INDEX($AG$25:$AG$66, MATCH(1, ($AE$25:$AE$66<=Q28)*($AG$25:$AG$66<>"x")*($AB$25:$AB$66=R28)*($AC$25:$AC$66=S28), 0) ): INDEX($AG$25:$AG$66, MATCH(1, ($AE$25:$AE$66>=Q28)*($AG$25:$AG$66<>"x")*($AB$25:$AB$66=R28)*($AC$25:$AC$66=S28), 0) ), INDEX($AE$25:$AE$66, MATCH(1, ($AE$25:$AE$66<=Q28)*($AG$25:$AG$66<>"x")*($AB$25:$AB$66=R28)*($AC$25:$AC$66=S28), 0) ): INDEX($AE$25:$AE$66, MATCH(1, ($AE$25:$AE$66>=Q28)*($AG$25:$AG$66<>"x")*($AB$25:$AB$66=R28)*($AC$25:$AC$66=S28), 0) ) ),INDEX($AG$25:$AG$66, MATCH( MIN(IF(($AG$25:$AG$66<>"x")*($AB$25:$AB$66=R28)*($AC$25:$AC$66=S28),ABS($AE$25:$AE$66-Q28))), IF(($AG$25:$AG$66<>"x")*($AB$25:$AB$66=R28)*($AC$25:$AC$66=S28),ABS($AE$25:$AE$66-Q28)), 0 )))} -> -0.065671642 | V28: {=IFERROR( _xlfn.FORECAST.LINEAR( Q28, INDEX($AH$25:$AH$66, MATCH(1, ($AE$25:$AE$66<=Q28)*($AH$25:$AH$66<>"x")*($AB$25:$AB$66=R28)*($AC$25:$AC$66=S28), 0) ): INDEX($AH$25:$AH$66, MATCH(1, ($AE$25:$AE$66>=Q28)*($AH$25:$AH$66<>"x")*($AB$25:$AB$66=R28)*($AC$25:$AC$66=S28), 0) ), INDEX($AE$25:$AE$66, MATCH(1, ($AE$25:$AE$66<=Q28)*($AH$25:$AH$66<>"x")*($AB$25:$AB$66=R28)*($AC$25:$AC$66=S28), 0) ): INDEX($AE$25:$AE$66, MATCH(1, ($AE$25:$AE$66>=Q28)*($AH$25:$AH$66<>"x")*($AB$25:$AB$66=R28)*($AC$25:$AC$66=S28), 0) ) ),INDEX($AH$25:$AH$66, MATCH( MIN(IF(($AH$25:$AH$66<>"x")*($AB$25:$AB$66=R28)*($AC$25:$AC$66=S28),ABS($AE$25:$AE$66-Q28))), IF(($AH$25:$AH$66<>"x")*($AB$25:$AB$66=R28)*($AC$25:$AC$66=S28),ABS($AE$25:$AE$66-Q28)), 0 )))} -> 0 | W28: {=IFERROR( _xlfn.FORECAST.LINEAR( Q28, INDEX($AI$25:$AI$66, MATCH(1, ($AE$25:$AE$66<=Q28)*($AI$25:$AI$66<>"x")*($AB$25:$AB$66=R28)*($AC$25:$AC$66=S28), 0) ): INDEX($AI$25:$AI$66, MATCH(1, ($AE$25:$AE$66>=Q28)*($AI$25:$AI$66<>"x")*($AB$25:$AB$66=R28)*($AC$25:$AC$66=S28), 0) ), INDEX($AE$25:$AE$66, MATCH(1, ($AE$25:$AE$66<=Q28)*($AI$25:$AI$66<>"x")*($AB$25:$AB$66=R28)*($AC$25:$AC$66=S28), 0) ): INDEX($AE$25:$AE$66, MATCH(1, ($AE$25:$AE$66>=Q28)*($AI$25:$AI$66<>"x")*($AB$25:$AB$66=R28)*($AC$25:$AC$66=S28), 0) ) ),INDEX($AI$25:$AI$66, MATCH( MIN(IF(($AI$25:$AI$66<>"x")*($AB$25:$AB$66=R28)*($AC$25:$AC$66=S28),ABS($AE$25:$AE$66-Q28))), IF(($AI$25:$AI$66<>"x")*($AB$25:$AB$66=R28)*($AC$25:$AC$66=S28),ABS($AE$25:$AE$66-Q28)), 0 )))} -> 0.00016 | X28: =((((ABS(T28-U28)/(T$24-U$24))+(ABS(U28-V28)/(U$24-V$24))+(ABS(V28-W28)/(V$24-W$24)))/3)*(((T$24-U$24)+(U$24-V$24)+(V$24-W$24))/3)) -> 0.041085398 | Y28: =AJ38 -> 0.00018 | AB28: mV | AC28: 50 | AD28: Hz | AE28: 29.699 | AF28: -0.003 | AG28: 0.004 | AH28: x | AI28: x | AJ28: 0.015
G29: C | H29: : koreksi tegangan dari UUT | Q29: =E6 -> 3 | R29: =F6 -> V1 | S29: =C6 -> 50 | T29: {=IFERROR( _xlfn.FORECAST.LINEAR( Q29, INDEX($AF$25:$AF$66, MATCH(1, ($AE$25:$AE$66<=Q29)*($AF$25:$AF$66<>"x")*($AB$25:$AB$66=R29)*($AC$25:$AC$66=S29), 0) ): INDEX($AF$25:$AF$66, MATCH(1, ($AE$25:$AE$66>=Q29)*($AF$25:$AF$66<>"x")*($AB$25:$AB$66=R29)*($AC$25:$AC$66=S29), 0) ), INDEX($AE$25:$AE$66, MATCH(1, ($AE$25:$AE$66<=Q29)*($AF$25:$AF$66<>"x")*($AB$25:$AB$66=R29)*($AC$25:$AC$66=S29), 0) ): INDEX($AE$25:$AE$66, MATCH(1, ($AE$25:$AE$66>=Q29)*($AF$25:$AF$66<>"x")*($AB$25:$AB$66=R29)*($AC$25:$AC$66=S29), 0) ) ),INDEX($AF$25:$AF$66, MATCH( MIN(IF(($AF$25:$AF$66<>"x")*($AB$25:$AB$66=R29)*($AC$25:$AC$66=S29),ABS($AE$25:$AE$66-Q29))), IF(($AF$25:$AF$66<>"x")*($AB$25:$AB$66=R29)*($AC$25:$AC$66=S29),ABS($AE$25:$AE$66-Q29)), 0 )))} -> 0.00076967381 | U29: {=IFERROR( _xlfn.FORECAST.LINEAR( Q29, INDEX($AG$25:$AG$66, MATCH(1, ($AE$25:$AE$66<=Q29)*($AG$25:$AG$66<>"x")*($AB$25:$AB$66=R29)*($AC$25:$AC$66=S29), 0) ): INDEX($AG$25:$AG$66, MATCH(1, ($AE$25:$AE$66>=Q29)*($AG$25:$AG$66<>"x")*($AB$25:$AB$66=R29)*($AC$25:$AC$66=S29), 0) ), INDEX($AE$25:$AE$66, MATCH(1, ($AE$25:$AE$66<=Q29)*($AG$25:$AG$66<>"x")*($AB$25:$AB$66=R29)*($AC$25:$AC$66=S29), 0) ): INDEX($AE$25:$AE$66, MATCH(1, ($AE$25:$AE$66>=Q29)*($AG$25:$AG$66<>"x")*($AB$25:$AB$66=R29)*($AC$25:$AC$66=S29), 0) ) ),INDEX($AG$25:$AG$66, MATCH( MIN(IF(($AG$25:$AG$66<>"x")*($AB$25:$AB$66=R29)*($AC$25:$AC$66=S29),ABS($AE$25:$AE$66-Q29))), IF(($AG$25:$AG$66<>"x")*($AB$25:$AB$66=R29)*($AC$25:$AC$66=S29),ABS($AE$25:$AE$66-Q29)), 0 )))} -> 0 | V29: {=IFERROR( _xlfn.FORECAST.LINEAR( Q29, INDEX($AH$25:$AH$66, MATCH(1, ($AE$25:$AE$66<=Q29)*($AH$25:$AH$66<>"x")*($AB$25:$AB$66=R29)*($AC$25:$AC$66=S29), 0) ): INDEX($AH$25:$AH$66, MATCH(1, ($AE$25:$AE$66>=Q29)*($AH$25:$AH$66<>"x")*($AB$25:$AB$66=R29)*($AC$25:$AC$66=S29), 0) ), INDEX($AE$25:$AE$66, MATCH(1, ($AE$25:$AE$66<=Q29)*($AH$25:$AH$66<>"x")*($AB$25:$AB$66=R29)*($AC$25:$AC$66=S29), 0) ): INDEX($AE$25:$AE$66, MATCH(1, ($AE$25:$AE$66>=Q29)*($AH$25:$AH$66<>"x")*($AB$25:$AB$66=R29)*($AC$25:$AC$66=S29), 0) ) ),INDEX($AH$25:$AH$66, MATCH( MIN(IF(($AH$25:$AH$66<>"x")*($AB$25:$AB$66=R29)*($AC$25:$AC$66=S29),ABS($AE$25:$AE$66-Q29))), IF(($AH$25:$AH$66<>"x")*($AB$25:$AB$66=R29)*($AC$25:$AC$66=S29),ABS($AE$25:$AE$66-Q29)), 0 )))} -> 0 | W29: {=IFERROR( _xlfn.FORECAST.LINEAR( Q29, INDEX($AI$25:$AI$66, MATCH(1, ($AE$25:$AE$66<=Q29)*($AI$25:$AI$66<>"x")*($AB$25:$AB$66=R29)*($AC$25:$AC$66=S29), 0) ): INDEX($AI$25:$AI$66, MATCH(1, ($AE$25:$AE$66>=Q29)*($AI$25:$AI$66<>"x")*($AB$25:$AB$66=R29)*($AC$25:$AC$66=S29), 0) ), INDEX($AE$25:$AE$66, MATCH(1, ($AE$25:$AE$66<=Q29)*($AI$25:$AI$66<>"x")*($AB$25:$AB$66=R29)*($AC$25:$AC$66=S29), 0) ): INDEX($AE$25:$AE$66, MATCH(1, ($AE$25:$AE$66>=Q29)*($AI$25:$AI$66<>"x")*($AB$25:$AB$66=R29)*($AC$25:$AC$66=S29), 0) ) ),INDEX($AI$25:$AI$66, MATCH( MIN(IF(($AI$25:$AI$66<>"x")*($AB$25:$AB$66=R29)*($AC$25:$AC$66=S29),ABS($AE$25:$AE$66-Q29))), IF(($AI$25:$AI$66<>"x")*($AB$25:$AB$66=R29)*($AC$25:$AC$66=S29),ABS($AE$25:$AE$66-Q29)), 0 )))} -> 0.00016 | X29: =((((ABS(T29-U29)/(T$24-U$24))+(ABS(U29-V29)/(U$24-V$24))+(ABS(V29-W29)/(V$24-W$24)))/3)*(((T$24-U$24)+(U$24-V$24)+(V$24-W$24))/3)) -> 0.00029260724 | Y29: =AJ45 -> 0.0012 | AB29: mV | AC29: 50 | AD29: Hz | AE29: 33 | AF29: -0.016 | AG29: -0.126 | AH29: x | AI29: x | AJ29: 0.015
G30: Vs | H30: : tegangan standar | Q30: =E7 -> 5.4 | R30: =F7 -> V2 | S30: =C7 -> 50 | T30: {=IFERROR( _xlfn.FORECAST.LINEAR( Q30, INDEX($AF$25:$AF$66, MATCH(1, ($AE$25:$AE$66<=Q30)*($AF$25:$AF$66<>"x")*($AB$25:$AB$66=R30)*($AC$25:$AC$66=S30), 0) ): INDEX($AF$25:$AF$66, MATCH(1, ($AE$25:$AE$66>=Q30)*($AF$25:$AF$66<>"x")*($AB$25:$AB$66=R30)*($AC$25:$AC$66=S30), 0) ), INDEX($AE$25:$AE$66, MATCH(1, ($AE$25:$AE$66<=Q30)*($AF$25:$AF$66<>"x")*($AB$25:$AB$66=R30)*($AC$25:$AC$66=S30), 0) ): INDEX($AE$25:$AE$66, MATCH(1, ($AE$25:$AE$66>=Q30)*($AF$25:$AF$66<>"x")*($AB$25:$AB$66=R30)*($AC$25:$AC$66=S30), 0) ) ),INDEX($AF$25:$AF$66, MATCH( MIN(IF(($AF$25:$AF$66<>"x")*($AB$25:$AB$66=R30)*($AC$25:$AC$66=S30),ABS($AE$25:$AE$66-Q30))), IF(($AF$25:$AF$66<>"x")*($AB$25:$AB$66=R30)*($AC$25:$AC$66=S30),ABS($AE$25:$AE$66-Q30)), 0 )))} -> -0.0013608955 | U30: {=IFERROR( _xlfn.FORECAST.LINEAR( Q30, INDEX($AG$25:$AG$66, MATCH(1, ($AE$25:$AE$66<=Q30)*($AG$25:$AG$66<>"x")*($AB$25:$AB$66=R30)*($AC$25:$AC$66=S30), 0) ): INDEX($AG$25:$AG$66, MATCH(1, ($AE$25:$AE$66>=Q30)*($AG$25:$AG$66<>"x")*($AB$25:$AB$66=R30)*($AC$25:$AC$66=S30), 0) ), INDEX($AE$25:$AE$66, MATCH(1, ($AE$25:$AE$66<=Q30)*($AG$25:$AG$66<>"x")*($AB$25:$AB$66=R30)*($AC$25:$AC$66=S30), 0) ): INDEX($AE$25:$AE$66, MATCH(1, ($AE$25:$AE$66>=Q30)*($AG$25:$AG$66<>"x")*($AB$25:$AB$66=R30)*($AC$25:$AC$66=S30), 0) ) ),INDEX($AG$25:$AG$66, MATCH( MIN(IF(($AG$25:$AG$66<>"x")*($AB$25:$AB$66=R30)*($AC$25:$AC$66=S30),ABS($AE$25:$AE$66-Q30))), IF(($AG$25:$AG$66<>"x")*($AB$25:$AB$66=R30)*($AC$25:$AC$66=S30),ABS($AE$25:$AE$66-Q30)), 0 )))} -> -0.001380597 | V30: {=IFERROR( _xlfn.FORECAST.LINEAR( Q30, INDEX($AH$25:$AH$66, MATCH(1, ($AE$25:$AE$66<=Q30)*($AH$25:$AH$66<>"x")*($AB$25:$AB$66=R30)*($AC$25:$AC$66=S30), 0) ): INDEX($AH$25:$AH$66, MATCH(1, ($AE$25:$AE$66>=Q30)*($AH$25:$AH$66<>"x")*($AB$25:$AB$66=R30)*($AC$25:$AC$66=S30), 0) ), INDEX($AE$25:$AE$66, MATCH(1, ($AE$25:$AE$66<=Q30)*($AH$25:$AH$66<>"x")*($AB$25:$AB$66=R30)*($AC$25:$AC$66=S30), 0) ): INDEX($AE$25:$AE$66, MATCH(1, ($AE$25:$AE$66>=Q30)*($AH$25:$AH$66<>"x")*($AB$25:$AB$66=R30)*($AC$25:$AC$66=S30), 0) ) ),INDEX($AH$25:$AH$66, MATCH( MIN(IF(($AH$25:$AH$66<>"x")*($AB$25:$AB$66=R30)*($AC$25:$AC$66=S30),ABS($AE$25:$AE$66-Q30))), IF(($AH$25:$AH$66<>"x")*($AB$25:$AB$66=R30)*($AC$25:$AC$66=S30),ABS($AE$25:$AE$66-Q30)), 0 )))} -> -0.0005 | W30: {=IFERROR( _xlfn.FORECAST.LINEAR( Q30, INDEX($AI$25:$AI$66, MATCH(1, ($AE$25:$AE$66<=Q30)*($AI$25:$AI$66<>"x")*($AB$25:$AB$66=R30)*($AC$25:$AC$66=S30), 0) ): INDEX($AI$25:$AI$66, MATCH(1, ($AE$25:$AE$66>=Q30)*($AI$25:$AI$66<>"x")*($AB$25:$AB$66=R30)*($AC$25:$AC$66=S30), 0) ), INDEX($AE$25:$AE$66, MATCH(1, ($AE$25:$AE$66<=Q30)*($AI$25:$AI$66<>"x")*($AB$25:$AB$66=R30)*($AC$25:$AC$66=S30), 0) ): INDEX($AE$25:$AE$66, MATCH(1, ($AE$25:$AE$66>=Q30)*($AI$25:$AI$66<>"x")*($AB$25:$AB$66=R30)*($AC$25:$AC$66=S30), 0) ) ),INDEX($AI$25:$AI$66, MATCH( MIN(IF(($AI$25:$AI$66<>"x")*($AB$25:$AB$66=R30)*($AC$25:$AC$66=S30),ABS($AE$25:$AE$66-Q30))), IF(($AI$25:$AI$66<>"x")*($AB$25:$AB$66=R30)*($AC$25:$AC$66=S30),ABS($AE$25:$AE$66-Q30)), 0 )))} -> 0.0006 | X30: =((((ABS(T30-U30)/(T$24-U$24))+(ABS(U30-V30)/(U$24-V$24))+(ABS(V30-W30)/(V$24-W$24)))/3)*(((T$24-U$24)+(U$24-V$24)+(V$24-W$24))/3)) -> 0.00075309507 | Y30: =AJ47 -> 0.00098 | AB30: mV | AC30: 50 | AD30: Hz | AE30: 100 | AF30: -0.016 | AG30: x | AH30: -0.009 | AI30: 0.013 | AJ30: 0.025
G31: δVs | H31: : koreksi tegangan standar | Q31: =E8 -> 6 | R31: =F8 -> V2 | S31: =C8 -> 50 | T31: {=IFERROR( _xlfn.FORECAST.LINEAR( Q31, INDEX($AF$25:$AF$66, MATCH(1, ($AE$25:$AE$66<=Q31)*($AF$25:$AF$66<>"x")*($AB$25:$AB$66=R31)*($AC$25:$AC$66=S31), 0) ): INDEX($AF$25:$AF$66, MATCH(1, ($AE$25:$AE$66>=Q31)*($AF$25:$AF$66<>"x")*($AB$25:$AB$66=R31)*($AC$25:$AC$66=S31), 0) ), INDEX($AE$25:$AE$66, MATCH(1, ($AE$25:$AE$66<=Q31)*($AF$25:$AF$66<>"x")*($AB$25:$AB$66=R31)*($AC$25:$AC$66=S31), 0) ): INDEX($AE$25:$AE$66, MATCH(1, ($AE$25:$AE$66>=Q31)*($AF$25:$AF$66<>"x")*($AB$25:$AB$66=R31)*($AC$25:$AC$66=S31), 0) ) ),INDEX($AF$25:$AF$66, MATCH( MIN(IF(($AF$25:$AF$66<>"x")*($AB$25:$AB$66=R31)*($AC$25:$AC$66=S31),ABS($AE$25:$AE$66-Q31))), IF(($AF$25:$AF$66<>"x")*($AB$25:$AB$66=R31)*($AC$25:$AC$66=S31),ABS($AE$25:$AE$66-Q31)), 0 )))} -> -0.0013268657 | U31: {=IFERROR( _xlfn.FORECAST.LINEAR( Q31, INDEX($AG$25:$AG$66, MATCH(1, ($AE$25:$AE$66<=Q31)*($AG$25:$AG$66<>"x")*($AB$25:$AB$66=R31)*($AC$25:$AC$66=S31), 0) ): INDEX($AG$25:$AG$66, MATCH(1, ($AE$25:$AE$66>=Q31)*($AG$25:$AG$66<>"x")*($AB$25:$AB$66=R31)*($AC$25:$AC$66=S31), 0) ), INDEX($AE$25:$AE$66, MATCH(1, ($AE$25:$AE$66<=Q31)*($AG$25:$AG$66<>"x")*($AB$25:$AB$66=R31)*($AC$25:$AC$66=S31), 0) ): INDEX($AE$25:$AE$66, MATCH(1, ($AE$25:$AE$66>=Q31)*($AG$25:$AG$66<>"x")*($AB$25:$AB$66=R31)*($AC$25:$AC$66=S31), 0) ) ),INDEX($AG$25:$AG$66, MATCH( MIN(IF(($AG$25:$AG$66<>"x")*($AB$25:$AB$66=R31)*($AC$25:$AC$66=S31),ABS($AE$25:$AE$66-Q31))), IF(($AG$25:$AG$66<>"x")*($AB$25:$AB$66=R31)*($AC$25:$AC$66=S31),ABS($AE$25:$AE$66-Q31)), 0 )))} -> -0.0013179104 | V31: {=IFERROR( _xlfn.FORECAST.LINEAR( Q31, INDEX($AH$25:$AH$66, MATCH(1, ($AE$25:$AE$66<=Q31)*($AH$25:$AH$66<>"x")*($AB$25:$AB$66=R31)*($AC$25:$AC$66=S31), 0) ): INDEX($AH$25:$AH$66, MATCH(1, ($AE$25:$AE$66>=Q31)*($AH$25:$AH$66<>"x")*($AB$25:$AB$66=R31)*($AC$25:$AC$66=S31), 0) ), INDEX($AE$25:$AE$66, MATCH(1, ($AE$25:$AE$66<=Q31)*($AH$25:$AH$66<>"x")*($AB$25:$AB$66=R31)*($AC$25:$AC$66=S31), 0) ): INDEX($AE$25:$AE$66, MATCH(1, ($AE$25:$AE$66>=Q31)*($AH$25:$AH$66<>"x")*($AB$25:$AB$66=R31)*($AC$25:$AC$66=S31), 0) ) ),INDEX($AH$25:$AH$66, MATCH( MIN(IF(($AH$25:$AH$66<>"x")*($AB$25:$AB$66=R31)*($AC$25:$AC$66=S31),ABS($AE$25:$AE$66-Q31))), IF(($AH$25:$AH$66<>"x")*($AB$25:$AB$66=R31)*($AC$25:$AC$66=S31),ABS($AE$25:$AE$66-Q31)), 0 )))} -> -0.0005 | W31: {=IFERROR( _xlfn.FORECAST.LINEAR( Q31, INDEX($AI$25:$AI$66, MATCH(1, ($AE$25:$AE$66<=Q31)*($AI$25:$AI$66<>"x")*($AB$25:$AB$66=R31)*($AC$25:$AC$66=S31), 0) ): INDEX($AI$25:$AI$66, MATCH(1, ($AE$25:$AE$66>=Q31)*($AI$25:$AI$66<>"x")*($AB$25:$AB$66=R31)*($AC$25:$AC$66=S31), 0) ), INDEX($AE$25:$AE$66, MATCH(1, ($AE$25:$AE$66<=Q31)*($AI$25:$AI$66<>"x")*($AB$25:$AB$66=R31)*($AC$25:$AC$66=S31), 0) ): INDEX($AE$25:$AE$66, MATCH(1, ($AE$25:$AE$66>=Q31)*($AI$25:$AI$66<>"x")*($AB$25:$AB$66=R31)*($AC$25:$AC$66=S31), 0) ) ),INDEX($AI$25:$AI$66, MATCH( MIN(IF(($AI$25:$AI$66<>"x")*($AB$25:$AB$66=R31)*($AC$25:$AC$66=S31),ABS($AE$25:$AE$66-Q31))), IF(($AI$25:$AI$66<>"x")*($AB$25:$AB$66=R31)*($AC$25:$AC$66=S31),ABS($AE$25:$AE$66-Q31)), 0 )))} -> 0.0006 | X31: =((((ABS(T31-U31)/(T$24-U$24))+(ABS(U31-V31)/(U$24-V$24))+(ABS(V31-W31)/(V$24-W$24)))/3)*(((T$24-U$24)+(U$24-V$24)+(V$24-W$24))/3)) -> 0.00073064568 | Y31: =AJ48 -> 0.0018 | AB31: mV | AC31: 50 | AD31: Hz | AE31: 297 | AF31: x | AG31: -0.03 | AH31: x | AI31: x | AJ31: x
G32: VUUT | H32: : tegangan UUT | Q32: =E9 -> 30 | R32: =F9 -> V2 | S32: =C9 -> 50 | T32: {=IFERROR( _xlfn.FORECAST.LINEAR( Q32, INDEX($AF$25:$AF$66, MATCH(1, ($AE$25:$AE$66<=Q32)*($AF$25:$AF$66<>"x")*($AB$25:$AB$66=R32)*($AC$25:$AC$66=S32), 0) ): INDEX($AF$25:$AF$66, MATCH(1, ($AE$25:$AE$66>=Q32)*($AF$25:$AF$66<>"x")*($AB$25:$AB$66=R32)*($AC$25:$AC$66=S32), 0) ), INDEX($AE$25:$AE$66, MATCH(1, ($AE$25:$AE$66<=Q32)*($AF$25:$AF$66<>"x")*($AB$25:$AB$66=R32)*($AC$25:$AC$66=S32), 0) ): INDEX($AE$25:$AE$66, MATCH(1, ($AE$25:$AE$66>=Q32)*($AF$25:$AF$66<>"x")*($AB$25:$AB$66=R32)*($AC$25:$AC$66=S32), 0) ) ),INDEX($AF$25:$AF$66, MATCH( MIN(IF(($AF$25:$AF$66<>"x")*($AB$25:$AB$66=R32)*($AC$25:$AC$66=S32),ABS($AE$25:$AE$66-Q32))), IF(($AF$25:$AF$66<>"x")*($AB$25:$AB$66=R32)*($AC$25:$AC$66=S32),ABS($AE$25:$AE$66-Q32)), 0 )))} -> -9.7451537e-05 | U32: {=IFERROR( _xlfn.FORECAST.LINEAR( Q32, INDEX($AG$25:$AG$66, MATCH(1, ($AE$25:$AE$66<=Q32)*($AG$25:$AG$66<>"x")*($AB$25:$AB$66=R32)*($AC$25:$AC$66=S32), 0) ): INDEX($AG$25:$AG$66, MATCH(1, ($AE$25:$AE$66>=Q32)*($AG$25:$AG$66<>"x")*($AB$25:$AB$66=R32)*($AC$25:$AC$66=S32), 0) ), INDEX($AE$25:$AE$66, MATCH(1, ($AE$25:$AE$66<=Q32)*($AG$25:$AG$66<>"x")*($AB$25:$AB$66=R32)*($AC$25:$AC$66=S32), 0) ): INDEX($AE$25:$AE$66, MATCH(1, ($AE$25:$AE$66>=Q32)*($AG$25:$AG$66<>"x")*($AB$25:$AB$66=R32)*($AC$25:$AC$66=S32), 0) ) ),INDEX($AG$25:$AG$66, MATCH( MIN(IF(($AG$25:$AG$66<>"x")*($AB$25:$AB$66=R32)*($AC$25:$AC$66=S32),ABS($AE$25:$AE$66-Q32))), IF(($AG$25:$AG$66<>"x")*($AB$25:$AB$66=R32)*($AC$25:$AC$66=S32),ABS($AE$25:$AE$66-Q32)), 0 )))} -> -0.0009 | V32: {=IFERROR( _xlfn.FORECAST.LINEAR( Q32, INDEX($AH$25:$AH$66, MATCH(1, ($AE$25:$AE$66<=Q32)*($AH$25:$AH$66<>"x")*($AB$25:$AB$66=R32)*($AC$25:$AC$66=S32), 0) ): INDEX($AH$25:$AH$66, MATCH(1, ($AE$25:$AE$66>=Q32)*($AH$25:$AH$66<>"x")*($AB$25:$AB$66=R32)*($AC$25:$AC$66=S32), 0) ), INDEX($AE$25:$AE$66, MATCH(1, ($AE$25:$AE$66<=Q32)*($AH$25:$AH$66<>"x")*($AB$25:$AB$66=R32)*($AC$25:$AC$66=S32), 0) ): INDEX($AE$25:$AE$66, MATCH(1, ($AE$25:$AE$66>=Q32)*($AH$25:$AH$66<>"x")*($AB$25:$AB$66=R32)*($AC$25:$AC$66=S32), 0) ) ),INDEX($AH$25:$AH$66, MATCH( MIN(IF(($AH$25:$AH$66<>"x")*($AB$25:$AB$66=R32)*($AC$25:$AC$66=S32),ABS($AE$25:$AE$66-Q32))), IF(($AH$25:$AH$66<>"x")*($AB$25:$AB$66=R32)*($AC$25:$AC$66=S32),ABS($AE$25:$AE$66-Q32)), 0 )))} -> -0.0005 | W32: {=IFERROR( _xlfn.FORECAST.LINEAR( Q32, INDEX($AI$25:$AI$66, MATCH(1, ($AE$25:$AE$66<=Q32)*($AI$25:$AI$66<>"x")*($AB$25:$AB$66=R32)*($AC$25:$AC$66=S32), 0) ): INDEX($AI$25:$AI$66, MATCH(1, ($AE$25:$AE$66>=Q32)*($AI$25:$AI$66<>"x")*($AB$25:$AB$66=R32)*($AC$25:$AC$66=S32), 0) ), INDEX($AE$25:$AE$66, MATCH(1, ($AE$25:$AE$66<=Q32)*($AI$25:$AI$66<>"x")*($AB$25:$AB$66=R32)*($AC$25:$AC$66=S32), 0) ): INDEX($AE$25:$AE$66, MATCH(1, ($AE$25:$AE$66>=Q32)*($AI$25:$AI$66<>"x")*($AB$25:$AB$66=R32)*($AC$25:$AC$66=S32), 0) ) ),INDEX($AI$25:$AI$66, MATCH( MIN(IF(($AI$25:$AI$66<>"x")*($AB$25:$AB$66=R32)*($AC$25:$AC$66=S32),ABS($AE$25:$AE$66-Q32))), IF(($AI$25:$AI$66<>"x")*($AB$25:$AB$66=R32)*($AC$25:$AC$66=S32),ABS($AE$25:$AE$66-Q32)), 0 )))} -> 0.0006 | X32: =((((ABS(T32-U32)/(T$24-U$24))+(ABS(U32-V32)/(U$24-V$24))+(ABS(V32-W32)/(V$24-W$24)))/3)*(((T$24-U$24)+(U$24-V$24)+(V$24-W$24))/3)) -> 0.00083211479 | Y32: =AJ54 -> 0.012 | AB32: mV | AC32: 50 | AD32: Hz | AE32: 320 | AF32: 0.007 | AG32: x | AH32: x | AI32: x | AJ32: 0.098
Q33: =E10 -> 54 | R33: =F10 -> V3 | S33: =C10 -> 50 | T33: {=IFERROR( _xlfn.FORECAST.LINEAR( Q33, INDEX($AF$25:$AF$66, MATCH(1, ($AE$25:$AE$66<=Q33)*($AF$25:$AF$66<>"x")*($AB$25:$AB$66=R33)*($AC$25:$AC$66=S33), 0) ): INDEX($AF$25:$AF$66, MATCH(1, ($AE$25:$AE$66>=Q33)*($AF$25:$AF$66<>"x")*($AB$25:$AB$66=R33)*($AC$25:$AC$66=S33), 0) ), INDEX($AE$25:$AE$66, MATCH(1, ($AE$25:$AE$66<=Q33)*($AF$25:$AF$66<>"x")*($AB$25:$AB$66=R33)*($AC$25:$AC$66=S33), 0) ): INDEX($AE$25:$AE$66, MATCH(1, ($AE$25:$AE$66>=Q33)*($AF$25:$AF$66<>"x")*($AB$25:$AB$66=R33)*($AC$25:$AC$66=S33), 0) ) ),INDEX($AF$25:$AF$66, MATCH( MIN(IF(($AF$25:$AF$66<>"x")*($AB$25:$AB$66=R33)*($AC$25:$AC$66=S33),ABS($AE$25:$AE$66-Q33))), IF(($AF$25:$AF$66<>"x")*($AB$25:$AB$66=R33)*($AC$25:$AC$66=S33),ABS($AE$25:$AE$66-Q33)), 0 )))} -> -0.016167164 | U33: {=IFERROR( _xlfn.FORECAST.LINEAR( Q33, INDEX($AG$25:$AG$66, MATCH(1, ($AE$25:$AE$66<=Q33)*($AG$25:$AG$66<>"x")*($AB$25:$AB$66=R33)*($AC$25:$AC$66=S33), 0) ): INDEX($AG$25:$AG$66, MATCH(1, ($AE$25:$AE$66>=Q33)*($AG$25:$AG$66<>"x")*($AB$25:$AB$66=R33)*($AC$25:$AC$66=S33), 0) ), INDEX($AE$25:$AE$66, MATCH(1, ($AE$25:$AE$66<=Q33)*($AG$25:$AG$66<>"x")*($AB$25:$AB$66=R33)*($AC$25:$AC$66=S33), 0) ): INDEX($AE$25:$AE$66, MATCH(1, ($AE$25:$AE$66>=Q33)*($AG$25:$AG$66<>"x")*($AB$25:$AB$66=R33)*($AC$25:$AC$66=S33), 0) ) ),INDEX($AG$25:$AG$66, MATCH( MIN(IF(($AG$25:$AG$66<>"x")*($AB$25:$AB$66=R33)*($AC$25:$AC$66=S33),ABS($AE$25:$AE$66-Q33))), IF(($AG$25:$AG$66<>"x")*($AB$25:$AB$66=R33)*($AC$25:$AC$66=S33),ABS($AE$25:$AE$66-Q33)), 0 )))} -> -0.015686567 | V33: {=IFERROR( _xlfn.FORECAST.LINEAR( Q33, INDEX($AH$25:$AH$66, MATCH(1, ($AE$25:$AE$66<=Q33)*($AH$25:$AH$66<>"x")*($AB$25:$AB$66=R33)*($AC$25:$AC$66=S33), 0) ): INDEX($AH$25:$AH$66, MATCH(1, ($AE$25:$AE$66>=Q33)*($AH$25:$AH$66<>"x")*($AB$25:$AB$66=R33)*($AC$25:$AC$66=S33), 0) ), INDEX($AE$25:$AE$66, MATCH(1, ($AE$25:$AE$66<=Q33)*($AH$25:$AH$66<>"x")*($AB$25:$AB$66=R33)*($AC$25:$AC$66=S33), 0) ): INDEX($AE$25:$AE$66, MATCH(1, ($AE$25:$AE$66>=Q33)*($AH$25:$AH$66<>"x")*($AB$25:$AB$66=R33)*($AC$25:$AC$66=S33), 0) ) ),INDEX($AH$25:$AH$66, MATCH( MIN(IF(($AH$25:$AH$66<>"x")*($AB$25:$AB$66=R33)*($AC$25:$AC$66=S33),ABS($AE$25:$AE$66-Q33))), IF(($AH$25:$AH$66<>"x")*($AB$25:$AB$66=R33)*($AC$25:$AC$66=S33),ABS($AE$25:$AE$66-Q33)), 0 )))} -> -0.013 | W33: {=IFERROR( _xlfn.FORECAST.LINEAR( Q33, INDEX($AI$25:$AI$66, MATCH(1, ($AE$25:$AE$66<=Q33)*($AI$25:$AI$66<>"x")*($AB$25:$AB$66=R33)*($AC$25:$AC$66=S33), 0) ): INDEX($AI$25:$AI$66, MATCH(1, ($AE$25:$AE$66>=Q33)*($AI$25:$AI$66<>"x")*($AB$25:$AB$66=R33)*($AC$25:$AC$66=S33), 0) ), INDEX($AE$25:$AE$66, MATCH(1, ($AE$25:$AE$66<=Q33)*($AI$25:$AI$66<>"x")*($AB$25:$AB$66=R33)*($AC$25:$AC$66=S33), 0) ): INDEX($AE$25:$AE$66, MATCH(1, ($AE$25:$AE$66>=Q33)*($AI$25:$AI$66<>"x")*($AB$25:$AB$66=R33)*($AC$25:$AC$66=S33), 0) ) ),INDEX($AI$25:$AI$66, MATCH( MIN(IF(($AI$25:$AI$66<>"x")*($AB$25:$AB$66=R33)*($AC$25:$AC$66=S33),ABS($AE$25:$AE$66-Q33))), IF(($AI$25:$AI$66<>"x")*($AB$25:$AB$66=R33)*($AC$25:$AC$66=S33),ABS($AE$25:$AE$66-Q33)), 0 )))} -> 0.001 | X33: =((((ABS(T33-U33)/(T$24-U$24))+(ABS(U33-V33)/(U$24-V$24))+(ABS(V33-W33)/(V$24-W$24)))/3)*(((T$24-U$24)+(U$24-V$24)+(V$24-W$24))/3)) -> 0.0070239758 | Y33: =AJ56 -> 0.0098 | AB33: mV | AC33: 1000 | AD33: Hz | AE33: 100 | AF33: -0.016 | AG33: -0.007 | AH33: -0.014 | AI33: 0.014 | AJ33: 0.02
C34: Rentang ukur | F34: =C$2 -> 50 | G34: =D$2 -> Hz | H34: =C$3 -> 50 | I34: =D$3 -> Hz | O34: AC Voltage-Measure | Q34: =E11 -> 60 | R34: =F11 -> V3 | S34: =C11 -> 50 | T34: {=IFERROR( _xlfn.FORECAST.LINEAR( Q34, INDEX($AF$25:$AF$66, MATCH(1, ($AE$25:$AE$66<=Q34)*($AF$25:$AF$66<>"x")*($AB$25:$AB$66=R34)*($AC$25:$AC$66=S34), 0) ): INDEX($AF$25:$AF$66, MATCH(1, ($AE$25:$AE$66>=Q34)*($AF$25:$AF$66<>"x")*($AB$25:$AB$66=R34)*($AC$25:$AC$66=S34), 0) ), INDEX($AE$25:$AE$66, MATCH(1, ($AE$25:$AE$66<=Q34)*($AF$25:$AF$66<>"x")*($AB$25:$AB$66=R34)*($AC$25:$AC$66=S34), 0) ): INDEX($AE$25:$AE$66, MATCH(1, ($AE$25:$AE$66>=Q34)*($AF$25:$AF$66<>"x")*($AB$25:$AB$66=R34)*($AC$25:$AC$66=S34), 0) ) ),INDEX($AF$25:$AF$66, MATCH( MIN(IF(($AF$25:$AF$66<>"x")*($AB$25:$AB$66=R34)*($AC$25:$AC$66=S34),ABS($AE$25:$AE$66-Q34))), IF(($AF$25:$AF$66<>"x")*($AB$25:$AB$66=R34)*($AC$25:$AC$66=S34),ABS($AE$25:$AE$66-Q34)), 0 )))} -> -0.016014925 | U34: {=IFERROR( _xlfn.FORECAST.LINEAR( Q34, INDEX($AG$25:$AG$66, MATCH(1, ($AE$25:$AE$66<=Q34)*($AG$25:$AG$66<>"x")*($AB$25:$AB$66=R34)*($AC$25:$AC$66=S34), 0) ): INDEX($AG$25:$AG$66, MATCH(1, ($AE$25:$AE$66>=Q34)*($AG$25:$AG$66<>"x")*($AB$25:$AB$66=R34)*($AC$25:$AC$66=S34), 0) ), INDEX($AE$25:$AE$66, MATCH(1, ($AE$25:$AE$66<=Q34)*($AG$25:$AG$66<>"x")*($AB$25:$AB$66=R34)*($AC$25:$AC$66=S34), 0) ): INDEX($AE$25:$AE$66, MATCH(1, ($AE$25:$AE$66>=Q34)*($AG$25:$AG$66<>"x")*($AB$25:$AB$66=R34)*($AC$25:$AC$66=S34), 0) ) ),INDEX($AG$25:$AG$66, MATCH( MIN(IF(($AG$25:$AG$66<>"x")*($AB$25:$AB$66=R34)*($AC$25:$AC$66=S34),ABS($AE$25:$AE$66-Q34))), IF(($AG$25:$AG$66<>"x")*($AB$25:$AB$66=R34)*($AC$25:$AC$66=S34),ABS($AE$25:$AE$66-Q34)), 0 )))} -> -0.015597015 | V34: {=IFERROR( _xlfn.FORECAST.LINEAR( Q34, INDEX($AH$25:$AH$66, MATCH(1, ($AE$25:$AE$66<=Q34)*($AH$25:$AH$66<>"x")*($AB$25:$AB$66=R34)*($AC$25:$AC$66=S34), 0) ): INDEX($AH$25:$AH$66, MATCH(1, ($AE$25:$AE$66>=Q34)*($AH$25:$AH$66<>"x")*($AB$25:$AB$66=R34)*($AC$25:$AC$66=S34), 0) ), INDEX($AE$25:$AE$66, MATCH(1, ($AE$25:$AE$66<=Q34)*($AH$25:$AH$66<>"x")*($AB$25:$AB$66=R34)*($AC$25:$AC$66=S34), 0) ): INDEX($AE$25:$AE$66, MATCH(1, ($AE$25:$AE$66>=Q34)*($AH$25:$AH$66<>"x")*($AB$25:$AB$66=R34)*($AC$25:$AC$66=S34), 0) ) ),INDEX($AH$25:$AH$66, MATCH( MIN(IF(($AH$25:$AH$66<>"x")*($AB$25:$AB$66=R34)*($AC$25:$AC$66=S34),ABS($AE$25:$AE$66-Q34))), IF(($AH$25:$AH$66<>"x")*($AB$25:$AB$66=R34)*($AC$25:$AC$66=S34),ABS($AE$25:$AE$66-Q34)), 0 )))} -> -0.013 | W34: {=IFERROR( _xlfn.FORECAST.LINEAR( Q34, INDEX($AI$25:$AI$66, MATCH(1, ($AE$25:$AE$66<=Q34)*($AI$25:$AI$66<>"x")*($AB$25:$AB$66=R34)*($AC$25:$AC$66=S34), 0) ): INDEX($AI$25:$AI$66, MATCH(1, ($AE$25:$AE$66>=Q34)*($AI$25:$AI$66<>"x")*($AB$25:$AB$66=R34)*($AC$25:$AC$66=S34), 0) ), INDEX($AE$25:$AE$66, MATCH(1, ($AE$25:$AE$66<=Q34)*($AI$25:$AI$66<>"x")*($AB$25:$AB$66=R34)*($AC$25:$AC$66=S34), 0) ): INDEX($AE$25:$AE$66, MATCH(1, ($AE$25:$AE$66>=Q34)*($AI$25:$AI$66<>"x")*($AB$25:$AB$66=R34)*($AC$25:$AC$66=S34), 0) ) ),INDEX($AI$25:$AI$66, MATCH( MIN(IF(($AI$25:$AI$66<>"x")*($AB$25:$AB$66=R34)*($AC$25:$AC$66=S34),ABS($AE$25:$AE$66-Q34))), IF(($AI$25:$AI$66<>"x")*($AB$25:$AB$66=R34)*($AC$25:$AC$66=S34),ABS($AE$25:$AE$66-Q34)), 0 )))} -> 0.001 | X34: =((((ABS(T34-U34)/(T$24-U$24))+(ABS(U34-V34)/(U$24-V$24))+(ABS(V34-W34)/(V$24-W$24)))/3)*(((T$24-U$24)+(U$24-V$24)+(V$24-W$24))/3)) -> 0.0069781665 | Y34: =AJ57 -> 0.018 | AB34: mV | AC34: 10000 | AD34: Hz | AE34: 100 | AF34: -0.028 | AG34: -0.008 | AH34: -0.014 | AI34: 0.006 | AJ34: 0.024
C35: Pembacaan Standar | F35: =E2 -> 60 | G35: =F2 -> mV | J35: 0.1 | Q35: =E12 -> 300 | R35: =F12 -> V3 | S35: =C12 -> 50 | T35: {=IFERROR( _xlfn.FORECAST.LINEAR( Q35, INDEX($AF$25:$AF$66, MATCH(1, ($AE$25:$AE$66<=Q35)*($AF$25:$AF$66<>"x")*($AB$25:$AB$66=R35)*($AC$25:$AC$66=S35), 0) ): INDEX($AF$25:$AF$66, MATCH(1, ($AE$25:$AE$66>=Q35)*($AF$25:$AF$66<>"x")*($AB$25:$AB$66=R35)*($AC$25:$AC$66=S35), 0) ), INDEX($AE$25:$AE$66, MATCH(1, ($AE$25:$AE$66<=Q35)*($AF$25:$AF$66<>"x")*($AB$25:$AB$66=R35)*($AC$25:$AC$66=S35), 0) ): INDEX($AE$25:$AE$66, MATCH(1, ($AE$25:$AE$66>=Q35)*($AF$25:$AF$66<>"x")*($AB$25:$AB$66=R35)*($AC$25:$AC$66=S35), 0) ) ),INDEX($AF$25:$AF$66, MATCH( MIN(IF(($AF$25:$AF$66<>"x")*($AB$25:$AB$66=R35)*($AC$25:$AC$66=S35),ABS($AE$25:$AE$66-Q35))), IF(($AF$25:$AF$66<>"x")*($AB$25:$AB$66=R35)*($AC$25:$AC$66=S35),ABS($AE$25:$AE$66-Q35)), 0 )))} -> -0.0015260687 | U35: {=IFERROR( _xlfn.FORECAST.LINEAR( Q35, INDEX($AG$25:$AG$66, MATCH(1, ($AE$25:$AE$66<=Q35)*($AG$25:$AG$66<>"x")*($AB$25:$AB$66=R35)*($AC$25:$AC$66=S35), 0) ): INDEX($AG$25:$AG$66, MATCH(1, ($AE$25:$AE$66>=Q35)*($AG$25:$AG$66<>"x")*($AB$25:$AB$66=R35)*($AC$25:$AC$66=S35), 0) ), INDEX($AE$25:$AE$66, MATCH(1, ($AE$25:$AE$66<=Q35)*($AG$25:$AG$66<>"x")*($AB$25:$AB$66=R35)*($AC$25:$AC$66=S35), 0) ): INDEX($AE$25:$AE$66, MATCH(1, ($AE$25:$AE$66>=Q35)*($AG$25:$AG$66<>"x")*($AB$25:$AB$66=R35)*($AC$25:$AC$66=S35), 0) ) ),INDEX($AG$25:$AG$66, MATCH( MIN(IF(($AG$25:$AG$66<>"x")*($AB$25:$AB$66=R35)*($AC$25:$AC$66=S35),ABS($AE$25:$AE$66-Q35))), IF(($AG$25:$AG$66<>"x")*($AB$25:$AB$66=R35)*($AC$25:$AC$66=S35),ABS($AE$25:$AE$66-Q35)), 0 )))} -> 0.002 | V35: {=IFERROR( _xlfn.FORECAST.LINEAR( Q35, INDEX($AH$25:$AH$66, MATCH(1, ($AE$25:$AE$66<=Q35)*($AH$25:$AH$66<>"x")*($AB$25:$AB$66=R35)*($AC$25:$AC$66=S35), 0) ): INDEX($AH$25:$AH$66, MATCH(1, ($AE$25:$AE$66>=Q35)*($AH$25:$AH$66<>"x")*($AB$25:$AB$66=R35)*($AC$25:$AC$66=S35), 0) ), INDEX($AE$25:$AE$66, MATCH(1, ($AE$25:$AE$66<=Q35)*($AH$25:$AH$66<>"x")*($AB$25:$AB$66=R35)*($AC$25:$AC$66=S35), 0) ): INDEX($AE$25:$AE$66, MATCH(1, ($AE$25:$AE$66>=Q35)*($AH$25:$AH$66<>"x")*($AB$25:$AB$66=R35)*($AC$25:$AC$66=S35), 0) ) ),INDEX($AH$25:$AH$66, MATCH( MIN(IF(($AH$25:$AH$66<>"x")*($AB$25:$AB$66=R35)*($AC$25:$AC$66=S35),ABS($AE$25:$AE$66-Q35))), IF(($AH$25:$AH$66<>"x")*($AB$25:$AB$66=R35)*($AC$25:$AC$66=S35),ABS($AE$25:$AE$66-Q35)), 0 )))} -> -0.013 | W35: {=IFERROR( _xlfn.FORECAST.LINEAR( Q35, INDEX($AI$25:$AI$66, MATCH(1, ($AE$25:$AE$66<=Q35)*($AI$25:$AI$66<>"x")*($AB$25:$AB$66=R35)*($AC$25:$AC$66=S35), 0) ): INDEX($AI$25:$AI$66, MATCH(1, ($AE$25:$AE$66>=Q35)*($AI$25:$AI$66<>"x")*($AB$25:$AB$66=R35)*($AC$25:$AC$66=S35), 0) ), INDEX($AE$25:$AE$66, MATCH(1, ($AE$25:$AE$66<=Q35)*($AI$25:$AI$66<>"x")*($AB$25:$AB$66=R35)*($AC$25:$AC$66=S35), 0) ): INDEX($AE$25:$AE$66, MATCH(1, ($AE$25:$AE$66>=Q35)*($AI$25:$AI$66<>"x")*($AB$25:$AB$66=R35)*($AC$25:$AC$66=S35), 0) ) ),INDEX($AI$25:$AI$66, MATCH( MIN(IF(($AI$25:$AI$66<>"x")*($AB$25:$AB$66=R35)*($AC$25:$AC$66=S35),ABS($AE$25:$AE$66-Q35))), IF(($AI$25:$AI$66<>"x")*($AB$25:$AB$66=R35)*($AC$25:$AC$66=S35),ABS($AE$25:$AE$66-Q35)), 0 )))} -> 0.001 | X35: =((((ABS(T35-U35)/(T$24-U$24))+(ABS(U35-V35)/(U$24-V$24))+(ABS(V35-W35)/(V$24-W$24)))/3)*(((T$24-U$24)+(U$24-V$24)+(V$24-W$24))/3)) -> 0.01170494 | Y35: =AJ62 -> 0.04 | AB35: mV | AC35: 20000 | AD35: Hz | AE35: 100 | AF35: -0.046 | AG35: 0.009 | AH35: -0.016 | AI35: -0.006 | AJ35: 0.062
C36: Komponen | D36: Simbol | E36: Tipe | F36: Satuan | G36: Distribusi | H36: U | I36: Pembagi | J36: vi | K36: Ui | L36: Ci | M36: Ui.Ci | N36: (Ui.Ci)2 | O36: (Ui.Ci)4/ vi | Q36: =E13 -> 540 | R36: =F13 -> V4 | S36: =C13 -> 50 | T36: {=IFERROR( _xlfn.FORECAST.LINEAR( Q36, INDEX($AF$25:$AF$66, MATCH(1, ($AE$25:$AE$66<=Q36)*($AF$25:$AF$66<>"x")*($AB$25:$AB$66=R36)*($AC$25:$AC$66=S36), 0) ): INDEX($AF$25:$AF$66, MATCH(1, ($AE$25:$AE$66>=Q36)*($AF$25:$AF$66<>"x")*($AB$25:$AB$66=R36)*($AC$25:$AC$66=S36), 0) ), INDEX($AE$25:$AE$66, MATCH(1, ($AE$25:$AE$66<=Q36)*($AF$25:$AF$66<>"x")*($AB$25:$AB$66=R36)*($AC$25:$AC$66=S36), 0) ): INDEX($AE$25:$AE$66, MATCH(1, ($AE$25:$AE$66>=Q36)*($AF$25:$AF$66<>"x")*($AB$25:$AB$66=R36)*($AC$25:$AC$66=S36), 0) ) ),INDEX($AF$25:$AF$66, MATCH( MIN(IF(($AF$25:$AF$66<>"x")*($AB$25:$AB$66=R36)*($AC$25:$AC$66=S36),ABS($AE$25:$AE$66-Q36))), IF(($AF$25:$AF$66<>"x")*($AB$25:$AB$66=R36)*($AC$25:$AC$66=S36),ABS($AE$25:$AE$66-Q36)), 0 )))} -> -0.03119403 | U36: {=IFERROR( _xlfn.FORECAST.LINEAR( Q36, INDEX($AG$25:$AG$66, MATCH(1, ($AE$25:$AE$66<=Q36)*($AG$25:$AG$66<>"x")*($AB$25:$AB$66=R36)*($AC$25:$AC$66=S36), 0) ): INDEX($AG$25:$AG$66, MATCH(1, ($AE$25:$AE$66>=Q36)*($AG$25:$AG$66<>"x")*($AB$25:$AB$66=R36)*($AC$25:$AC$66=S36), 0) ), INDEX($AE$25:$AE$66, MATCH(1, ($AE$25:$AE$66<=Q36)*($AG$25:$AG$66<>"x")*($AB$25:$AB$66=R36)*($AC$25:$AC$66=S36), 0) ): INDEX($AE$25:$AE$66, MATCH(1, ($AE$25:$AE$66>=Q36)*($AG$25:$AG$66<>"x")*($AB$25:$AB$66=R36)*($AC$25:$AC$66=S36), 0) ) ),INDEX($AG$25:$AG$66, MATCH( MIN(IF(($AG$25:$AG$66<>"x")*($AB$25:$AB$66=R36)*($AC$25:$AC$66=S36),ABS($AE$25:$AE$66-Q36))), IF(($AG$25:$AG$66<>"x")*($AB$25:$AB$66=R36)*($AC$25:$AC$66=S36),ABS($AE$25:$AE$66-Q36)), 0 )))} -> 0 | V36: {=IFERROR( _xlfn.FORECAST.LINEAR( Q36, INDEX($AH$25:$AH$66, MATCH(1, ($AE$25:$AE$66<=Q36)*($AH$25:$AH$66<>"x")*($AB$25:$AB$66=R36)*($AC$25:$AC$66=S36), 0) ): INDEX($AH$25:$AH$66, MATCH(1, ($AE$25:$AE$66>=Q36)*($AH$25:$AH$66<>"x")*($AB$25:$AB$66=R36)*($AC$25:$AC$66=S36), 0) ), INDEX($AE$25:$AE$66, MATCH(1, ($AE$25:$AE$66<=Q36)*($AH$25:$AH$66<>"x")*($AB$25:$AB$66=R36)*($AC$25:$AC$66=S36), 0) ): INDEX($AE$25:$AE$66, MATCH(1, ($AE$25:$AE$66>=Q36)*($AH$25:$AH$66<>"x")*($AB$25:$AB$66=R36)*($AC$25:$AC$66=S36), 0) ) ),INDEX($AH$25:$AH$66, MATCH( MIN(IF(($AH$25:$AH$66<>"x")*($AB$25:$AB$66=R36)*($AC$25:$AC$66=S36),ABS($AE$25:$AE$66-Q36))), IF(($AH$25:$AH$66<>"x")*($AB$25:$AB$66=R36)*($AC$25:$AC$66=S36),ABS($AE$25:$AE$66-Q36)), 0 )))} -> -0.02 | W36: {=IFERROR( _xlfn.FORECAST.LINEAR( Q36, INDEX($AI$25:$AI$66, MATCH(1, ($AE$25:$AE$66<=Q36)*($AI$25:$AI$66<>"x")*($AB$25:$AB$66=R36)*($AC$25:$AC$66=S36), 0) ): INDEX($AI$25:$AI$66, MATCH(1, ($AE$25:$AE$66>=Q36)*($AI$25:$AI$66<>"x")*($AB$25:$AB$66=R36)*($AC$25:$AC$66=S36), 0) ), INDEX($AE$25:$AE$66, MATCH(1, ($AE$25:$AE$66<=Q36)*($AI$25:$AI$66<>"x")*($AB$25:$AB$66=R36)*($AC$25:$AC$66=S36), 0) ): INDEX($AE$25:$AE$66, MATCH(1, ($AE$25:$AE$66>=Q36)*($AI$25:$AI$66<>"x")*($AB$25:$AB$66=R36)*($AC$25:$AC$66=S36), 0) ) ),INDEX($AI$25:$AI$66, MATCH( MIN(IF(($AI$25:$AI$66<>"x")*($AB$25:$AB$66=R36)*($AC$25:$AC$66=S36),ABS($AE$25:$AE$66-Q36))), IF(($AI$25:$AI$66<>"x")*($AB$25:$AB$66=R36)*($AC$25:$AC$66=S36),ABS($AE$25:$AE$66-Q36)), 0 )))} -> 0.06 | X36: =((((ABS(T36-U36)/(T$24-U$24))+(ABS(U36-V36)/(U$24-V$24))+(ABS(V36-W36)/(V$24-W$24)))/3)*(((T$24-U$24)+(U$24-V$24)+(V$24-W$24))/3)) -> 0.049827212 | Y36: =AJ64 -> 0.09 | AA36: 3.29999 | AB36: V1 | AC36: 40 | AD36: Hz | AE36: 1 | AF36: 0.00592 | AG36: 0 | AH36: 0 | AI36: 0.00016 | AJ36: 0.00018
C37: Repeatability | D37: u(Vu1) | E37: A | F37: =G35 -> mV | G37: T-Std | H37: =STDEV(Data!E53:N53)/SQRT(5) -> 0 | I37: 1 | J37: =5-1 -> 4 | K37: =(H37)/I37 -> 0 | L37: 1 | M37: =K37*L37 -> 0 | N37: =M37^2 -> 0 | O37: =(M37^4)/J37 -> 0 | Q37: =E14 -> 100 | R37: =F14 -> V3 | S37: =C14 -> 50 | T37: {=IFERROR( _xlfn.FORECAST.LINEAR( Q37, INDEX($AF$25:$AF$66, MATCH(1, ($AE$25:$AE$66<=Q37)*($AF$25:$AF$66<>"x")*($AB$25:$AB$66=R37)*($AC$25:$AC$66=S37), 0) ): INDEX($AF$25:$AF$66, MATCH(1, ($AE$25:$AE$66>=Q37)*($AF$25:$AF$66<>"x")*($AB$25:$AB$66=R37)*($AC$25:$AC$66=S37), 0) ), INDEX($AE$25:$AE$66, MATCH(1, ($AE$25:$AE$66<=Q37)*($AF$25:$AF$66<>"x")*($AB$25:$AB$66=R37)*($AC$25:$AC$66=S37), 0) ): INDEX($AE$25:$AE$66, MATCH(1, ($AE$25:$AE$66>=Q37)*($AF$25:$AF$66<>"x")*($AB$25:$AB$66=R37)*($AC$25:$AC$66=S37), 0) ) ),INDEX($AF$25:$AF$66, MATCH( MIN(IF(($AF$25:$AF$66<>"x")*($AB$25:$AB$66=R37)*($AC$25:$AC$66=S37),ABS($AE$25:$AE$66-Q37))), IF(($AF$25:$AF$66<>"x")*($AB$25:$AB$66=R37)*($AC$25:$AC$66=S37),ABS($AE$25:$AE$66-Q37)), 0 )))} -> -0.015 | U37: {=IFERROR( _xlfn.FORECAST.LINEAR( Q37, INDEX($AG$25:$AG$66, MATCH(1, ($AE$25:$AE$66<=Q37)*($AG$25:$AG$66<>"x")*($AB$25:$AB$66=R37)*($AC$25:$AC$66=S37), 0) ): INDEX($AG$25:$AG$66, MATCH(1, ($AE$25:$AE$66>=Q37)*($AG$25:$AG$66<>"x")*($AB$25:$AB$66=R37)*($AC$25:$AC$66=S37), 0) ), INDEX($AE$25:$AE$66, MATCH(1, ($AE$25:$AE$66<=Q37)*($AG$25:$AG$66<>"x")*($AB$25:$AB$66=R37)*($AC$25:$AC$66=S37), 0) ): INDEX($AE$25:$AE$66, MATCH(1, ($AE$25:$AE$66>=Q37)*($AG$25:$AG$66<>"x")*($AB$25:$AB$66=R37)*($AC$25:$AC$66=S37), 0) ) ),INDEX($AG$25:$AG$66, MATCH( MIN(IF(($AG$25:$AG$66<>"x")*($AB$25:$AB$66=R37)*($AC$25:$AC$66=S37),ABS($AE$25:$AE$66-Q37))), IF(($AG$25:$AG$66<>"x")*($AB$25:$AB$66=R37)*($AC$25:$AC$66=S37),ABS($AE$25:$AE$66-Q37)), 0 )))} -> -0.015 | V37: {=IFERROR( _xlfn.FORECAST.LINEAR( Q37, INDEX($AH$25:$AH$66, MATCH(1, ($AE$25:$AE$66<=Q37)*($AH$25:$AH$66<>"x")*($AB$25:$AB$66=R37)*($AC$25:$AC$66=S37), 0) ): INDEX($AH$25:$AH$66, MATCH(1, ($AE$25:$AE$66>=Q37)*($AH$25:$AH$66<>"x")*($AB$25:$AB$66=R37)*($AC$25:$AC$66=S37), 0) ), INDEX($AE$25:$AE$66, MATCH(1, ($AE$25:$AE$66<=Q37)*($AH$25:$AH$66<>"x")*($AB$25:$AB$66=R37)*($AC$25:$AC$66=S37), 0) ): INDEX($AE$25:$AE$66, MATCH(1, ($AE$25:$AE$66>=Q37)*($AH$25:$AH$66<>"x")*($AB$25:$AB$66=R37)*($AC$25:$AC$66=S37), 0) ) ),INDEX($AH$25:$AH$66, MATCH( MIN(IF(($AH$25:$AH$66<>"x")*($AB$25:$AB$66=R37)*($AC$25:$AC$66=S37),ABS($AE$25:$AE$66-Q37))), IF(($AH$25:$AH$66<>"x")*($AB$25:$AB$66=R37)*($AC$25:$AC$66=S37),ABS($AE$25:$AE$66-Q37)), 0 )))} -> -0.013 | W37: {=IFERROR( _xlfn.FORECAST.LINEAR( Q37, INDEX($AI$25:$AI$66, MATCH(1, ($AE$25:$AE$66<=Q37)*($AI$25:$AI$66<>"x")*($AB$25:$AB$66=R37)*($AC$25:$AC$66=S37), 0) ): INDEX($AI$25:$AI$66, MATCH(1, ($AE$25:$AE$66>=Q37)*($AI$25:$AI$66<>"x")*($AB$25:$AB$66=R37)*($AC$25:$AC$66=S37), 0) ), INDEX($AE$25:$AE$66, MATCH(1, ($AE$25:$AE$66<=Q37)*($AI$25:$AI$66<>"x")*($AB$25:$AB$66=R37)*($AC$25:$AC$66=S37), 0) ): INDEX($AE$25:$AE$66, MATCH(1, ($AE$25:$AE$66>=Q37)*($AI$25:$AI$66<>"x")*($AB$25:$AB$66=R37)*($AC$25:$AC$66=S37), 0) ) ),INDEX($AI$25:$AI$66, MATCH( MIN(IF(($AI$25:$AI$66<>"x")*($AB$25:$AB$66=R37)*($AC$25:$AC$66=S37),ABS($AE$25:$AE$66-Q37))), IF(($AI$25:$AI$66<>"x")*($AB$25:$AB$66=R37)*($AC$25:$AC$66=S37),ABS($AE$25:$AE$66-Q37)), 0 )))} -> 0.001 | X37: =((((ABS(T37-U37)/(T$24-U$24))+(ABS(U37-V37)/(U$24-V$24))+(ABS(V37-W37)/(V$24-W$24)))/3)*(((T$24-U$24)+(U$24-V$24)+(V$24-W$24))/3)) -> 0.0066727711 | Y37: =AJ57 -> 0.018 | AB37: V1 | AC37: 50 | AD37: Hz | AE37: 0.33 | AF37: 0.00584 | AG37: -0.11 | AH37: x | AI37: x | AJ37: 0.1
C38: Readability | D38: u(Vu2) | E38: B | F38: =F37 -> mV | G38: Rect. | H38: =J35/2 -> 0.05 | I38: =SQRT(3) -> 1.7320508 | J38: 50 | K38: =(H38)/I38 -> 0.028867513 | L38: 1 | M38: =K38*L38 -> 0.028867513 | N38: =M38^2 -> 0.00083333333 | O38: =(M38^4)/J38 -> 1.3888889e-08 | Q38: =E15 -> 500 | R38: =F15 -> V4 | S38: =C15 -> 50 | T38: {=IFERROR( _xlfn.FORECAST.LINEAR( Q38, INDEX($AF$25:$AF$66, MATCH(1, ($AE$25:$AE$66<=Q38)*($AF$25:$AF$66<>"x")*($AB$25:$AB$66=R38)*($AC$25:$AC$66=S38), 0) ): INDEX($AF$25:$AF$66, MATCH(1, ($AE$25:$AE$66>=Q38)*($AF$25:$AF$66<>"x")*($AB$25:$AB$66=R38)*($AC$25:$AC$66=S38), 0) ), INDEX($AE$25:$AE$66, MATCH(1, ($AE$25:$AE$66<=Q38)*($AF$25:$AF$66<>"x")*($AB$25:$AB$66=R38)*($AC$25:$AC$66=S38), 0) ): INDEX($AE$25:$AE$66, MATCH(1, ($AE$25:$AE$66>=Q38)*($AF$25:$AF$66<>"x")*($AB$25:$AB$66=R38)*($AC$25:$AC$66=S38), 0) ) ),INDEX($AF$25:$AF$66, MATCH( MIN(IF(($AF$25:$AF$66<>"x")*($AB$25:$AB$66=R38)*($AC$25:$AC$66=S38),ABS($AE$25:$AE$66-Q38))), IF(($AF$25:$AF$66<>"x")*($AB$25:$AB$66=R38)*($AC$25:$AC$66=S38),ABS($AE$25:$AE$66-Q38)), 0 )))} -> -0.034776119 | U38: {=IFERROR( _xlfn.FORECAST.LINEAR( Q38, INDEX($AG$25:$AG$66, MATCH(1, ($AE$25:$AE$66<=Q38)*($AG$25:$AG$66<>"x")*($AB$25:$AB$66=R38)*($AC$25:$AC$66=S38), 0) ): INDEX($AG$25:$AG$66, MATCH(1, ($AE$25:$AE$66>=Q38)*($AG$25:$AG$66<>"x")*($AB$25:$AB$66=R38)*($AC$25:$AC$66=S38), 0) ), INDEX($AE$25:$AE$66, MATCH(1, ($AE$25:$AE$66<=Q38)*($AG$25:$AG$66<>"x")*($AB$25:$AB$66=R38)*($AC$25:$AC$66=S38), 0) ): INDEX($AE$25:$AE$66, MATCH(1, ($AE$25:$AE$66>=Q38)*($AG$25:$AG$66<>"x")*($AB$25:$AB$66=R38)*($AC$25:$AC$66=S38), 0) ) ),INDEX($AG$25:$AG$66, MATCH( MIN(IF(($AG$25:$AG$66<>"x")*($AB$25:$AB$66=R38)*($AC$25:$AC$66=S38),ABS($AE$25:$AE$66-Q38))), IF(($AG$25:$AG$66<>"x")*($AB$25:$AB$66=R38)*($AC$25:$AC$66=S38),ABS($AE$25:$AE$66-Q38)), 0 )))} -> 0 | V38: {=IFERROR( _xlfn.FORECAST.LINEAR( Q38, INDEX($AH$25:$AH$66, MATCH(1, ($AE$25:$AE$66<=Q38)*($AH$25:$AH$66<>"x")*($AB$25:$AB$66=R38)*($AC$25:$AC$66=S38), 0) ): INDEX($AH$25:$AH$66, MATCH(1, ($AE$25:$AE$66>=Q38)*($AH$25:$AH$66<>"x")*($AB$25:$AB$66=R38)*($AC$25:$AC$66=S38), 0) ), INDEX($AE$25:$AE$66, MATCH(1, ($AE$25:$AE$66<=Q38)*($AH$25:$AH$66<>"x")*($AB$25:$AB$66=R38)*($AC$25:$AC$66=S38), 0) ): INDEX($AE$25:$AE$66, MATCH(1, ($AE$25:$AE$66>=Q38)*($AH$25:$AH$66<>"x")*($AB$25:$AB$66=R38)*($AC$25:$AC$66=S38), 0) ) ),INDEX($AH$25:$AH$66, MATCH( MIN(IF(($AH$25:$AH$66<>"x")*($AB$25:$AB$66=R38)*($AC$25:$AC$66=S38),ABS($AE$25:$AE$66-Q38))), IF(($AH$25:$AH$66<>"x")*($AB$25:$AB$66=R38)*($AC$25:$AC$66=S38),ABS($AE$25:$AE$66-Q38)), 0 )))} -> -0.02 | W38: {=IFERROR( _xlfn.FORECAST.LINEAR( Q38, INDEX($AI$25:$AI$66, MATCH(1, ($AE$25:$AE$66<=Q38)*($AI$25:$AI$66<>"x")*($AB$25:$AB$66=R38)*($AC$25:$AC$66=S38), 0) ): INDEX($AI$25:$AI$66, MATCH(1, ($AE$25:$AE$66>=Q38)*($AI$25:$AI$66<>"x")*($AB$25:$AB$66=R38)*($AC$25:$AC$66=S38), 0) ), INDEX($AE$25:$AE$66, MATCH(1, ($AE$25:$AE$66<=Q38)*($AI$25:$AI$66<>"x")*($AB$25:$AB$66=R38)*($AC$25:$AC$66=S38), 0) ): INDEX($AE$25:$AE$66, MATCH(1, ($AE$25:$AE$66>=Q38)*($AI$25:$AI$66<>"x")*($AB$25:$AB$66=R38)*($AC$25:$AC$66=S38), 0) ) ),INDEX($AI$25:$AI$66, MATCH( MIN(IF(($AI$25:$AI$66<>"x")*($AB$25:$AB$66=R38)*($AC$25:$AC$66=S38),ABS($AE$25:$AE$66-Q38))), IF(($AI$25:$AI$66<>"x")*($AB$25:$AB$66=R38)*($AC$25:$AC$66=S38),ABS($AE$25:$AE$66-Q38)), 0 )))} -> 0.06 | X38: =((((ABS(T38-U38)/(T$24-U$24))+(ABS(U38-V38)/(U$24-V$24))+(ABS(V38-W38)/(V$24-W$24)))/3)*(((T$24-U$24)+(U$24-V$24)+(V$24-W$24))/3)) -> 0.050866902 | Y38: =AJ64 -> 0.09 | AB38: V1 | AC38: 50 | AD38: Hz | AE38: 1 | AF38: 0.00592 | AG38: 0 | AH38: 0 | AI38: 0.00016 | AJ38: 0.00018
C39: Standar | D39: u(Vs) | E39: B | F39: =F37 -> mV | G39: Normal | H39: =Y25 -> 0.025 | I39: 2 | J39: 60 | K39: =(H39)/I39 -> 0.0125 | L39: 1 | M39: =K39*L39 -> 0.0125 | N39: =M39^2 -> 0.00015625 | O39: =(M39^4)/J39 -> 4.0690104e-10 | Q39: =E16 -> 900 | R39: =F16 -> V4 | S39: =C16 -> 50 | T39: {=IFERROR( _xlfn.FORECAST.LINEAR( Q39, INDEX($AF$25:$AF$66, MATCH(1, ($AE$25:$AE$66<=Q39)*($AF$25:$AF$66<>"x")*($AB$25:$AB$66=R39)*($AC$25:$AC$66=S39), 0) ): INDEX($AF$25:$AF$66, MATCH(1, ($AE$25:$AE$66>=Q39)*($AF$25:$AF$66<>"x")*($AB$25:$AB$66=R39)*($AC$25:$AC$66=S39), 0) ), INDEX($AE$25:$AE$66, MATCH(1, ($AE$25:$AE$66<=Q39)*($AF$25:$AF$66<>"x")*($AB$25:$AB$66=R39)*($AC$25:$AC$66=S39), 0) ): INDEX($AE$25:$AE$66, MATCH(1, ($AE$25:$AE$66>=Q39)*($AF$25:$AF$66<>"x")*($AB$25:$AB$66=R39)*($AC$25:$AC$66=S39), 0) ) ),INDEX($AF$25:$AF$66, MATCH( MIN(IF(($AF$25:$AF$66<>"x")*($AB$25:$AB$66=R39)*($AC$25:$AC$66=S39),ABS($AE$25:$AE$66-Q39))), IF(($AF$25:$AF$66<>"x")*($AB$25:$AB$66=R39)*($AC$25:$AC$66=S39),ABS($AE$25:$AE$66-Q39)), 0 )))} -> 0.0010447761 | U39: {=IFERROR( _xlfn.FORECAST.LINEAR( Q39, INDEX($AG$25:$AG$66, MATCH(1, ($AE$25:$AE$66<=Q39)*($AG$25:$AG$66<>"x")*($AB$25:$AB$66=R39)*($AC$25:$AC$66=S39), 0) ): INDEX($AG$25:$AG$66, MATCH(1, ($AE$25:$AE$66>=Q39)*($AG$25:$AG$66<>"x")*($AB$25:$AB$66=R39)*($AC$25:$AC$66=S39), 0) ), INDEX($AE$25:$AE$66, MATCH(1, ($AE$25:$AE$66<=Q39)*($AG$25:$AG$66<>"x")*($AB$25:$AB$66=R39)*($AC$25:$AC$66=S39), 0) ): INDEX($AE$25:$AE$66, MATCH(1, ($AE$25:$AE$66>=Q39)*($AG$25:$AG$66<>"x")*($AB$25:$AB$66=R39)*($AC$25:$AC$66=S39), 0) ) ),INDEX($AG$25:$AG$66, MATCH( MIN(IF(($AG$25:$AG$66<>"x")*($AB$25:$AB$66=R39)*($AC$25:$AC$66=S39),ABS($AE$25:$AE$66-Q39))), IF(($AG$25:$AG$66<>"x")*($AB$25:$AB$66=R39)*($AC$25:$AC$66=S39),ABS($AE$25:$AE$66-Q39)), 0 )))} -> 0 | V39: {=IFERROR( _xlfn.FORECAST.LINEAR( Q39, INDEX($AH$25:$AH$66, MATCH(1, ($AE$25:$AE$66<=Q39)*($AH$25:$AH$66<>"x")*($AB$25:$AB$66=R39)*($AC$25:$AC$66=S39), 0) ): INDEX($AH$25:$AH$66, MATCH(1, ($AE$25:$AE$66>=Q39)*($AH$25:$AH$66<>"x")*($AB$25:$AB$66=R39)*($AC$25:$AC$66=S39), 0) ), INDEX($AE$25:$AE$66, MATCH(1, ($AE$25:$AE$66<=Q39)*($AH$25:$AH$66<>"x")*($AB$25:$AB$66=R39)*($AC$25:$AC$66=S39), 0) ): INDEX($AE$25:$AE$66, MATCH(1, ($AE$25:$AE$66>=Q39)*($AH$25:$AH$66<>"x")*($AB$25:$AB$66=R39)*($AC$25:$AC$66=S39), 0) ) ),INDEX($AH$25:$AH$66, MATCH( MIN(IF(($AH$25:$AH$66<>"x")*($AB$25:$AB$66=R39)*($AC$25:$AC$66=S39),ABS($AE$25:$AE$66-Q39))), IF(($AH$25:$AH$66<>"x")*($AB$25:$AB$66=R39)*($AC$25:$AC$66=S39),ABS($AE$25:$AE$66-Q39)), 0 )))} -> -0.02 | W39: {=IFERROR( _xlfn.FORECAST.LINEAR( Q39, INDEX($AI$25:$AI$66, MATCH(1, ($AE$25:$AE$66<=Q39)*($AI$25:$AI$66<>"x")*($AB$25:$AB$66=R39)*($AC$25:$AC$66=S39), 0) ): INDEX($AI$25:$AI$66, MATCH(1, ($AE$25:$AE$66>=Q39)*($AI$25:$AI$66<>"x")*($AB$25:$AB$66=R39)*($AC$25:$AC$66=S39), 0) ), INDEX($AE$25:$AE$66, MATCH(1, ($AE$25:$AE$66<=Q39)*($AI$25:$AI$66<>"x")*($AB$25:$AB$66=R39)*($AC$25:$AC$66=S39), 0) ): INDEX($AE$25:$AE$66, MATCH(1, ($AE$25:$AE$66>=Q39)*($AI$25:$AI$66<>"x")*($AB$25:$AB$66=R39)*($AC$25:$AC$66=S39), 0) ) ),INDEX($AI$25:$AI$66, MATCH( MIN(IF(($AI$25:$AI$66<>"x")*($AB$25:$AB$66=R39)*($AC$25:$AC$66=S39),ABS($AE$25:$AE$66-Q39))), IF(($AI$25:$AI$66<>"x")*($AB$25:$AB$66=R39)*($AC$25:$AC$66=S39),ABS($AE$25:$AE$66-Q39)), 0 )))} -> 0.06 | X39: =((((ABS(T39-U39)/(T$24-U$24))+(ABS(U39-V39)/(U$24-V$24))+(ABS(V39-W39)/(V$24-W$24)))/3)*(((T$24-U$24)+(U$24-V$24)+(V$24-W$24))/3)) -> 0.041076488 | Y39: =AJ65 -> 0.17 | AB39: V1 | AC39: 50 | AD39: Hz | AE39: 3.2 | AF39: 0.00014 | AG39: x | AH39: x | AI39: x | AJ39: 0.00097
C40: Drift Standar | D40: u(Vd) | E40: B | F40: =F37 -> mV | G40: Rect. | H40: =X25 -> 0.014577964 | I40: =SQRT(3) -> 1.7320508 | J40: 50 | K40: =(H40)/I40 -> 0.0084165912 | L40: 1 | M40: =K40*L40 -> 0.0084165912 | N40: =M40^2 -> 7.0839008e-05 | O40: =(M40^4)/J40 -> 1.003633e-10 | AB40: V1 | AC40: 1000 | AD40: Hz | AE40: 1 | AF40: -5e-05 | AG40: 0.0007 | AH40: 1e-05 | AI40: 0.00018 | AJ40: 0.00013
AB41: V1 | AC41: 10000 | AD41: Hz | AE41: 1 | AF41: -0.00017 | AG41: 8e-05 | AH41: -4e-05 | AI41: 0.00012 | AJ41: 0.00017
C42: Jumlah | M42: =SUM(N37:N41) -> 0.0010604223 | O42: =SUM(O37:O41) -> 1.4396153e-08 | AB42: V1 | AC42: 20000 | AD42: Hz | AE42: 1 | AF42: -0.00037 | AG42: 0.00023 | AH42: -5e-05 | AI42: 1e-05 | AJ42: 0.00039
C43: Ketidakpastian Baku Gabungan, uc | M43: =SQRT(M42) -> 0.032564127 | AB43: V1 | AC43: 50000 | AD43: Hz | AE43: 1 | AF43: -0.0005 | AG43: 0.00051 | AH43: -0.0001 | AI43: -0.0001
C44: Derajat Kebebasan Efektif, v eff | M44: =(M43^4)/O42 -> 78.110834 | AB44: V1 | AC44: 50000 | AD44: Hz | AE44: 2.9699 | AF44: x | AG44: 0 | AH44: x | AI44: x | AJ44: 0.0012
C45: Faktor Cakupan, k-student's for veff and CL 95 % | M45: =1.95996+2.37356/M44+2.818745/M44^2+2.546662/M44^3+1.761829/M44^4+0.245458/M44^5+1.000764/M44^6 -> 1.9908145 | N45: 2 | AB45: V1 | AC45: 100000 | AD45: Hz | AE45: 1 | AF45: -0.0005 | AG45: 0.00054 | AH45: 0 | AI45: -0.0002 | AJ45: 0.0012
C46: Ketidakpastian Bentangan, U = k . Uc | M46: =M45*M43 -> 0.064829134 | N46: =N45*M43 -> 0.065128253 | AA46: 32.9999 | AB46: V2 | AC46: 40 | AD46: Hz | AE46: 10 | AF46: -0.0011 | AG46: -0.0009 | AH46: -0.0005 | AI46: 0.0006 | AJ46: 0.0018
AB47: V2 | AC47: 50 | AD47: Hz | AE47: 3.3 | AF47: -0.00148 | AG47: -0.0016 | AH47: x | AI47: x | AJ47: 0.00098
C48: Rentang ukur | F48: =C$2 -> 50 | G48: =D$2 -> Hz | H48: =C$3 -> 50 | I48: =D$3 -> Hz | O48: =O$34 -> AC Voltage-Measure | AB48: V2 | AC48: 50 | AD48: Hz | AE48: 10 | AF48: -0.0011 | AG48: -0.0009 | AH48: -0.0005 | AI48: 0.0006 | AJ48: 0.0018
C49: Pembacaan Standar | F49: =E3 -> 300 | G49: =F3 -> mV | J49: 0.1 | AB49: V2 | AC49: 50 | AD49: Hz | AE49: 32 | AF49: 0 | AG49: x | AH49: x | AI49: x | AJ49: 0.0097 | AP49: a | AQ49: a2 | AR49: a3 | AS49: a4 | AT49: a5 | AU49: a6 | AV49: a7
C50: Komponen | D50: Simbol | E50: Tipe | F50: Satuan | G50: Distribusi | H50: U | I50: Pembagi | J50: vi | K50: Ui | L50: Ci | M50: Ui.Ci | N50: (Ui.Ci)2 | O50: (Ui.Ci)4/ vi | AB50: V2 | AC50: 1000 | AD50: Hz | AE50: 10 | AF50: -0.0019 | AG50: -0.00155 | AH50: -0.0012 | AI50: -0.0001 | AJ50: 0.0013 | AP50: 45 | AQ50: Hz | AR50: 1000 | AS50: 0.02 | AT50: 0 | AU50: -0.02 | AV50: 0.06
C51: Repeatability | D51: u(Vu1) | E51: A | F51: =G49 -> mV | G51: T-Std | H51: =STDEV(Data!G54:N54)/SQRT(5) -> 0 | I51: 1 | J51: =5-1 -> 4 | K51: =(H51)/I51 -> 0 | L51: 1 | M51: =K51*L51 -> 0 | N51: =M51^2 -> 0 | O51: =(M51^4)/J51 -> 0 | AB51: V2 | AC51: 10000 | AD51: Hz | AE51: 10 | AF51: -0.0027 | AG51: -0.0003 | AH51: -0.0014 | AI51: -0.0005 | AJ51: 0.0017 | AP51: 50 | AQ51: Hz | AR51: 330 | AS51: -0.05 | AT51: x | AU51: x | AV51: x
C52: Readability | D52: u(Vu2) | E52: B | F52: =F51 -> mV | G52: Rect. | H52: =J49/2 -> 0.05 | I52: =SQRT(3) -> 1.7320508 | J52: 50 | K52: =(H52)/I52 -> 0.028867513 | L52: 1 | M52: =K52*L52 -> 0.028867513 | N52: =M52^2 -> 0.00083333333 | O52: =(M52^4)/J52 -> 1.3888889e-08 | AB52: V2 | AC52: 20000 | AD52: Hz | AE52: 10 | AF52: -0.0034 | AG52: 0.003 | AH52: -0.001 | AI52: -0.0005 | AJ52: 0.0039 | AP52: 50 | AQ52: Hz | AR52: 1000 | AS52: 0.01 | AT52: x | AU52: x | AV52: x
C53: Standar | D53: u(Vs) | E53: B | F53: =F51 -> mV | G53: Normal | H53: =Y26 -> 0.062 | I53: 2 | J53: 60 | K53: =(H53)/I53 -> 0.031 | L53: 1 | M53: =K53*L53 -> 0.031 | N53: =M53^2 -> 0.000961 | O53: =(M53^4)/J53 -> 1.5392017e-08 | AB53: V2 | AC53: 50000 | AD53: Hz | AE53: 10 | AF53: -0.006 | AG53: 0.0074 | AH53: -0.002 | AI53: -0.002 | AJ53: 0.012 | AP53: =1*1000 -> 1000 | AQ53: Hz | AR53: 1000 | AS53: -0.02 | AT53: 0 | AU53: 0.01 | AV53: 0.02
C54: Drift Standar | D54: u(Vd) | E54: B | F54: =F51 -> mV | G54: Rect. | H54: =X26 -> 0.025341977 | I54: =SQRT(3) -> 1.7320508 | J54: 50 | K54: =(H54)/I54 -> 0.014631197 | L54: 1 | M54: =K54*L54 -> 0.014631197 | N54: =M54^2 -> 0.00021407193 | O54: =(M54^4)/J54 -> 9.1653586e-10 | AB54: V2 | AC54: 100000 | AD54: Hz | AE54: 10 | AF54: -0.003 | AG54: 0.0116 | AH54: 0.001 | AI54: 0.001 | AJ54: 0.012
AA55: 329.999 | AB55: V3 | AC55: 45 | AD55: Hz | AE55: 100 | AF55: -0.015 | AG55: -0.015 | AH55: -0.013 | AI55: 0.001 | AJ55: 0.018
C56: Jumlah | M56: =SUM(N51:N55) -> 0.0020084053 | O56: =SUM(O51:O55) -> 3.0197441e-08 | AB56: V3 | AC56: 50 | AD56: Hz | AE56: 33 | AF56: -0.0167 | AG56: -0.016 | AH56: x | AI56: x | AJ56: 0.0098
C57: Ketidakpastian Baku Gabungan, uc | M57: =SQRT(M56) -> 0.044815235 | AB57: V3 | AC57: 50 | AD57: Hz | AE57: 100 | AF57: -0.015 | AG57: -0.015 | AH57: -0.013 | AI57: 0.001 | AJ57: 0.018
C58: Derajat Kebebasan Efektif, v eff | M58: =(M57^4)/O56 -> 133.57727 | AB58: V3 | AC58: 50 | AD58: Hz | AE58: 296.999 | AF58: x | AG58: 0.002 | AH58: x | AI58: x | AJ58: x
C59: Faktor Cakupan, k-student's for veff and CL 95 % | M59: =1.95996+2.37356/M58+2.818745/M58^2+2.546662/M58^3+1.761829/M58^4+0.245458/M58^5+1.000764/M58^6 -> 1.9778882 | N59: 2 | AB59: V3 | AC59: 50 | AD59: Hz | AE59: 320 | AF59: 0 | AG59: x | AH59: x | AI59: x | AJ59: 0.09
C60: Ketidakpastian Bentangan, U = k . Uc | M60: =M59*M57 -> 0.088639526 | N60: =N59*M57 -> 0.08963047 | AB60: V3 | AC60: 1000 | AD60: Hz | AE60: 100 | AF60: -0.022 | AG60: -0.022 | AH60: -0.015 | AI60: -0.009 | AJ60: 0.013
AB61: V3 | AC61: 10000 | AD61: Hz | AE61: 100 | AF61: -0.035 | AG61: -0.022 | AH61: -0.022 | AI61: -0.015 | AJ61: 0.017
C62: Rentang ukur | F62: =C$2 -> 50 | G62: =D$2 -> Hz | H62: =C$3 -> 50 | I62: =D$3 -> Hz | O62: =O$34 -> AC Voltage-Measure | AB62: V3 | AC62: 20000 | AD62: Hz | AE62: 100 | AF62: -0.032 | AG62: 0.015 | AH62: -0.01 | AI62: -0.009 | AJ62: 0.04
C63: Pembacaan Standar | F63: =E4 -> 0.54 | G63: =F4 -> V1 | J63: 0.1 | AA63: 1020 | AB63: V4 | AC63: 45 | AD63: Hz | AE63: 1000 | AF63: 0.02 | AG63: 0 | AH63: -0.02 | AI63: 0.06 | AJ63: 0.17
C64: Komponen | D64: Simbol | E64: Tipe | F64: Satuan | G64: Distribusi | H64: U | I64: Pembagi | J64: vi | K64: Ui | L64: Ci | M64: Ui.Ci | N64: (Ui.Ci)2 | O64: (Ui.Ci)4/ vi | AB64: V4 | AC64: 50 | AD64: Hz | AE64: 330 | AF64: -0.05 | AG64: x | AH64: x | AI64: x | AJ64: 0.09
C65: Repeatability | D65: u(Vu1) | E65: A | F65: =G62 -> Hz | G65: T-Std | H65: =STDEV(Data!E55:N55)/SQRT(5) -> 0.070710678 | I65: 1 | J65: =5-1 -> 4 | K65: =(H65)/I65 -> 0.070710678 | L65: 1 | M65: =K65*L65 -> 0.070710678 | N65: =M65^2 -> 0.005 | O65: =(M65^4)/J65 -> 6.25e-06 | AB65: V4 | AC65: 50 | AD65: Hz | AE65: 1000 | AF65: 0.01 | AG65: 0 | AH65: -0.02 | AI65: 0.06 | AJ65: 0.17
C66: Readability | D66: u(Vu2) | E66: B | F66: =F65 -> Hz | G66: Rect. | H66: =J63/2 -> 0.05 | I66: =SQRT(3) -> 1.7320508 | J66: 50 | K66: =(H66)/I66 -> 0.028867513 | L66: 1 | M66: =K66*L66 -> 0.028867513 | N66: =M66^2 -> 0.00083333333 | O66: =(M66^4)/J66 -> 1.3888889e-08 | AB66: V4 | AC66: 1000 | AD66: Hz | AE66: 1000 | AF66: -0.02 | AG66: 0 | AH66: 0.01 | AI66: 0.02 | AJ66: 0.17
C67: Standar | D67: u(Vs) | E67: B | F67: =F65 -> Hz | G67: Normal | H67: =Y27*10^3 -> 100 | I67: 2 | J67: 60 | K67: =(H67)/I67 -> 50 | L67: 1 | M67: =K67*L67 -> 50 | N67: =M67^2 -> 2500 | O67: =(M67^4)/J67 -> 104166.67
C68: Drift Standar | D68: u(Vd) | E68: B | F68: =F65 -> Hz | G68: Rect. | H68: =X27*10^3 -> 46.980087 | I68: =SQRT(3) -> 1.7320508 | J68: 50 | K68: =(H68)/I68 -> 27.123966 | L68: 1 | M68: =K68*L68 -> 27.123966 | N68: =M68^2 -> 735.70952 | O68: =(M68^4)/J68 -> 10825.37
C70: Jumlah | M70: =SUM(N65:N69) -> 3235.7153 | O70: =SUM(O65:O69) -> 114992.04
C71: Ketidakpastian Baku Gabungan, uc | M71: =SQRT(M70) -> 56.883349
C72: Derajat Kebebasan Efektif, v eff | M72: =(M71^4)/O70 -> 91.048512
C73: Faktor Cakupan, k-student's for veff and CL 95 % | M73: =1.95996+2.37356/M72+2.818745/M72^2+2.546662/M72^3+1.761829/M72^4+0.245458/M72^5+1.000764/M72^6 -> 1.9863726 | N73: 2
C74: Ketidakpastian Bentangan, U = k . Uc | M74: =M73*M71 -> 112.99153 | N74: =N73*M71 -> 113.7667
C76: Rentang ukur | F76: =C$5 -> 50 | G76: =D$5 -> Hz | H76: =C$6 -> 50 | I76: =D$6 -> Hz | O76: =O$34 -> AC Voltage-Measure
C77: Pembacaan Standar | F77: =E5 -> 0.6 | G77: =F5 -> V1 | J77: 0.001
C78: Komponen | D78: Simbol | E78: Tipe | F78: Satuan | G78: Distribusi | H78: U | I78: Pembagi | J78: vi | K78: Ui | L78: Ci | M78: Ui.Ci | N78: (Ui.Ci)2 | O78: (Ui.Ci)4/ vi
C79: Repeatability | D79: u(Vu1) | E79: A | F79: =G77 -> V1 | G79: T-Std | H79: =STDEV(Data!E57:N57)/SQRT(5) -> 0 | I79: 1 | J79: =5-1 -> 4 | K79: =(H79)/I79 -> 0 | L79: 1 | M79: =K79*L79 -> 0 | N79: =M79^2 -> 0 | O79: =(M79^4)/J79 -> 0
C80: Readability | D80: u(Vu2) | E80: B | F80: =F79 -> V1 | G80: Rect. | H80: =J77/2 -> 0.0005 | I80: =SQRT(3) -> 1.7320508 | J80: 50 | K80: =(H80)/I80 -> 0.00028867513 | L80: 1 | M80: =K80*L80 -> 0.00028867513 | N80: =M80^2 -> 8.3333333e-08 | O80: =(M80^4)/J80 -> 1.3888889e-16
C81: Standar | D81: u(Vs) | E81: B | F81: =F79 -> V1 | G81: Normal | H81: =Y28 -> 0.00018 | I81: 2 | J81: 60 | K81: =(H81)/I81 -> 9e-05 | L81: 1 | M81: =K81*L81 -> 9e-05 | N81: =M81^2 -> 8.1e-09 | O81: =(M81^4)/J81 -> 1.0935e-18
C82: Drift Standar | D82: u(Vd) | E82: B | F82: =F79 -> V1 | G82: Rect. | H82: =X28 -> 0.041085398 | I82: =SQRT(3) -> 1.7320508 | J82: 50 | K82: =(H82)/I82 -> 0.023720666 | L82: 1 | M82: =K82*L82 -> 0.023720666 | N82: =M82^2 -> 0.00056266998 | O82: =(M82^4)/J82 -> 6.33195e-09
C84: Jumlah | M84: =SUM(N79:N83) -> 0.00056276141 | O84: =SUM(O79:O83) -> 6.3319502e-09
C85: Ketidakpastian Baku Gabungan, uc | M85: =SQRT(M84) -> 0.023722593
C86: Derajat Kebebasan Efektif, v eff | M86: =(M85^4)/O84 -> 50.01625
C87: Faktor Cakupan, k-student's for veff and CL 95 % | M87: =1.95996+2.37356/M86+2.818745/M86^2+2.546662/M86^3+1.761829/M86^4+0.245458/M86^5+1.000764/M86^6 -> 2.0085632 | N87: 2
C88: Ketidakpastian Bentangan, U = k . Uc | M88: =M87*M85 -> 0.047648326 | N88: =N87*M85 -> 0.047445186
C90: Rentang ukur | F90: =C$5 -> 50 | G90: =D$5 -> Hz | H90: =C$6 -> 50 | I90: =D$6 -> Hz | O90: =O$34 -> AC Voltage-Measure
C91: Pembacaan Standar | F91: =E6 -> 3 | G91: =F6 -> V1 | J91: 0.001
C92: Komponen | D92: Simbol | E92: Tipe | F92: Satuan | G92: Distribusi | H92: U | I92: Pembagi | J92: vi | K92: Ui | L92: Ci | M92: Ui.Ci | N92: (Ui.Ci)2 | O92: (Ui.Ci)4/ vi
C93: Repeatability | D93: u(Vu1) | E93: A | F93: =G91 -> V1 | G93: T-Std | H93: =STDEV(Data!E58:N58)/SQRT(5) -> 0 | I93: 1 | J93: =5-1 -> 4 | K93: =(H93)/I93 -> 0 | L93: 1 | M93: =K93*L93 -> 0 | N93: =M93^2 -> 0 | O93: =(M93^4)/J93 -> 0
C94: Readability | D94: u(Vu2) | E94: B | F94: =F93 -> V1 | G94: Rect. | H94: =J91/2 -> 0.0005 | I94: =SQRT(3) -> 1.7320508 | J94: 50 | K94: =(H94)/I94 -> 0.00028867513 | L94: 1 | M94: =K94*L94 -> 0.00028867513 | N94: =M94^2 -> 8.3333333e-08 | O94: =(M94^4)/J94 -> 1.3888889e-16
C95: Standar | D95: u(Vs) | E95: B | F95: =F93 -> V1 | G95: Normal | H95: =Y29 -> 0.0012 | I95: 2 | J95: 60 | K95: =(H95)/I95 -> 0.0006 | L95: 1 | M95: =K95*L95 -> 0.0006 | N95: =M95^2 -> 3.6e-07 | O95: =(M95^4)/J95 -> 2.16e-15
C96: Drift Standar | D96: u(Vd) | E96: B | F96: =F93 -> V1 | G96: Rect. | H96: =X29 -> 0.00029260724 | I96: =SQRT(3) -> 1.7320508 | J96: 50 | K96: =(H96)/I96 -> 0.00016893687 | L96: 1 | M96: =K96*L96 -> 0.00016893687 | N96: =M96^2 -> 2.8539667e-08 | O96: =(M96^4)/J96 -> 1.6290251e-17
C98: Jumlah | M98: =SUM(N93:N97) -> 4.71873e-07 | O98: =SUM(O93:O97) -> 2.3151791e-15
C99: Ketidakpastian Baku Gabungan, uc | M99: =SQRT(M98) -> 0.00068693013
C100: Derajat Kebebasan Efektif, v eff | M100: =(M99^4)/O98 -> 96.175766
C101: Faktor Cakupan, k-student's for veff and CL 95 % | M101: =1.95996+2.37356/M100+2.818745/M100^2+2.546662/M100^3+1.761829/M100^4+0.245458/M100^5+1.000764/M100^6 -> 1.984947 | N101: 2
C102: Ketidakpastian Bentangan, U = k . Uc | M102: =M101*M99 -> 0.0013635199 | N102: =N101*M99 -> 0.0013738603
C104: Rentang ukur | F104: =C$5 -> 50 | G104: =D$5 -> Hz | H104: =C$6 -> 50 | I104: =D$6 -> Hz | O104: =O$34 -> AC Voltage-Measure
C105: Pembacaan Standar | F105: =E7 -> 5.4 | G105: =F7 -> V2 | J105: 0.001
C106: Komponen | D106: Simbol | E106: Tipe | F106: Satuan | G106: Distribusi | H106: U | I106: Pembagi | J106: vi | K106: Ui | L106: Ci | M106: Ui.Ci | N106: (Ui.Ci)2 | O106: (Ui.Ci)4/ vi
C107: Repeatability | D107: u(Vu1) | E107: A | F107: =G105 -> V2 | G107: T-Std | H107: =STDEV(Data!E59:N59)/SQRT(5) -> 0 | I107: 1 | J107: =5-1 -> 4 | K107: =(H107)/I107 -> 0 | L107: 1 | M107: =K107*L107 -> 0 | N107: =M107^2 -> 0 | O107: =(M107^4)/J107 -> 0
C108: Readability | D108: u(Vu2) | E108: B | F108: =F107 -> V2 | G108: Rect. | H108: =J105/2 -> 0.0005 | I108: =SQRT(3) -> 1.7320508 | J108: 50 | K108: =(H108)/I108 -> 0.00028867513 | L108: 1 | M108: =K108*L108 -> 0.00028867513 | N108: =M108^2 -> 8.3333333e-08 | O108: =(M108^4)/J108 -> 1.3888889e-16
C109: Standar | D109: u(Vs) | E109: B | F109: =F107 -> V2 | G109: Normal | H109: =Y30 -> 0.00098 | I109: 2 | J109: 60 | K109: =(H109)/I109 -> 0.00049 | L109: 1 | M109: =K109*L109 -> 0.00049 | N109: =M109^2 -> 2.401e-07 | O109: =(M109^4)/J109 -> 9.6080017e-16
...

Sheet Kor&U95% VDC
A1: Range | C1: P Standar | E1: Kor Std | F1: P Alat | H1: Kor Alat | I1: U95% | J1: k | K1: CMC
A2: =Data!A27 -> 600 | B2: =Data!B27 -> mV | C2: =Data!C28 -> 60 | D2: =Sheet1!D7 -> mV | E2: =Q25 -> -0.0022033294 | F2: =AVERAGE(Data!E28:N28) -> 60 | G2: mV | H2: =(C2+E2)-F2 -> -0.0022033294 | I2: =L47 -> 0.057876079 | J2: =K46 -> 2.0080965 | K2: =C2/10^3*0.36 -> 0.0216 | L2: =G2 -> mV
C3: =Data!C29 -> 300 | D3: =Sheet1!D8 -> mV | E3: =Q26 -> -0.010368902 | F3: =AVERAGE(Data!E29:N29) -> 299.9 | G3: mV | H3: =(C3+E3)-F3 -> 0.089631098 | I3: =L62 -> 0.058648283 | J3: =K61 -> 2.0055858 | K3: =C3/10^3*0.36 -> 0.108 | L3: =G3 -> mV
C4: =Data!C30 -> 0.54 | D4: =Sheet1!D9 -> V1 | E4: =Q27 -> -7.0746269e-06 | F4: =AVERAGE(Data!E30:N30) -> 539.9 | G4: mV | H4: =(C4+E4)*1000-F4 -> 0.092925373 | I4: =L77 -> 0.058450412 | J4: =K76 -> 2.0062002 | K4: =C4/10^0*0.072 -> 0.03888 | L4: =G4 -> mV
A5: =Data!A31 -> 6 | B5: =Data!B31 -> V | C5: =Data!C32 -> 0.6 | D5: =Sheet1!D11 -> V1 | E5: =Q28 -> -7.638806e-06 | F5: =AVERAGE(Data!E32:N32) -> 0.6 | G5: V | H5: =(C5+E5)-F5 -> -7.638806e-06 | I5: =L92 -> 0.00057742017 | J5: =K91 -> 2.0085552 | K5: =C5/10^3*0.072 -> 4.32e-05 | L5: =G5 -> V
C6: =Data!C33 -> 3 | D6: =Sheet1!D12 -> V1 | E6: =Q29 -> -1.9982059e-05 | F6: =AVERAGE(Data!E33:N33) -> 2.999 | G6: V | H6: =(C6+E6)-F6 -> 0.00098001794 | I6: =L107 -> 0.00057815223 | J6: =K106 -> 2.0083039 | K6: =C6/10^3*0.072 -> 0.000216 | L6: =G6 -> V
C7: =Data!C34 -> 5.4 | D7: =Sheet1!D13 -> V2 | E7: =Q30 -> -5.0864177e-05 | F7: =AVERAGE(Data!E34:N34) -> 5.399 | G7: V | H7: =(C7+E7)-F7 -> 0.00094913582 | I7: =L122 -> 0.00057967404 | J7: =K121 -> 2.0077875 | K7: =C7/10^3*0.067 -> 0.0003618 | L7: =G7 -> V
A8: =Data!A35 -> 60 | B8: =Data!B35 -> V | C8: =Data!C36 -> 6 | D8: =Sheet1!D15 -> V2 | E8: =Q31 -> -5.4297114e-05 | F8: =AVERAGE(Data!E36:N36) -> 6 | G8: V | H8: =(C8+E8)-F8 -> -5.4297114e-05 | I8: =L137 -> 0.0057737592 | J8: =K136 -> 2.0085705 | K8: =C8/10^3*0.067 -> 0.000402 | L8: =G8 -> V
C9: =Data!C37 -> 30 | D9: =Sheet1!D16 -> V2 | E9: =Q32 -> -6.6790981e-05 | F9: =AVERAGE(Data!E37:N37) -> 30 | G9: V | H9: =(C9+E9)-F9 -> -6.6790981e-05 | I9: =L152 -> 0.0057862811 | J9: =K151 -> 2.0081419 | K9: =C9/10^3*0.067 -> 0.00201 | L9: =G9 -> V
C10: =Data!C38 -> 54 | D10: =Sheet1!D17 -> V3 | E10: =Q33 -> -0.00012865672 | F10: =AVERAGE(Data!E38:N38) -> 53.99 | G10: V | H10: =(C10+E10)-F10 -> 0.0098713433 | I10: =L167 -> 0.0058416326 | J10: =K166 -> 2.0063137 | K10: =C10/10^3*0.076 -> 0.004104 | L10: =G10 -> V
A11: =Data!A39 -> 600 | B11: =Data!B39 -> V | C11: =Data!C40 -> 60 | D11: =Sheet1!D19 -> V3 | E11: =Q34 -> -0.00011970149 | F11: =AVERAGE(Data!E40:N40) -> 60 | G11: V | H11: =(C11+E11)-F11 -> -0.00011970149 | I11: =L182 -> 0.057741857 | J11: =K181 -> 2.0085558 | K11: =C11/10^3*0.076 -> 0.00456 | L11: =G11 -> V | R11: {=ABS($AB$12:$AB$17-Y13)} -> 2.67 | AB11: alat sta d | AC11: korekd
C12: =Data!C41 -> 300 | D12: =Sheet1!D20 -> V3 | E12: =Q35 -> 0.00023796148 | F12: =AVERAGE(Data!E41:N41) -> 299.9 | G12: V | H12: =(C12+E12)-F12 -> 0.10023796 | I12: =L197 -> 0.057863118 | J12: =K196 -> 2.0081408 | K12: =C12/10^3*0.076 -> 0.0228 | L12: =G12 -> V | R12: 2 | Y12: Input | Z12: Output | AB12: 0.33 | AC12: x
C13: =Data!C42 -> 540 | D13: =Sheet1!D21 -> V4 | E13: =Q36 -> -0.0037769865 | F13: =AVERAGE(Data!E42:N42) -> 539.9 | G13: V | H13: =(C13+E13)-F13 -> 0.096223014 | I13: =L212 -> 0.058200411 | J13: =K211 -> 2.0070138 | K13: =C13/10^3*0.079 -> 0.04266 | L13: =G13 -> V | R13: 1.2 | Y13: 3 | Z13: {=INDEX(AA25:AA58, MATCH( MIN(IF(AND($AA$25:$AA$58<>"x",Y25:Y58=P25),ABS($Z$25:$Z$58-O25))), IF(AND($AA$25:$AA$58<>"x",Y25:Y58=P25,ABS($Z$25:$Z$58-O25)), 0 )))} -> #N/A | AB13: 1 | AC13: -9e-06
A14: =Data!A43 -> 1000 | B14: =Data!B43 -> V | C14: =Data!C44 -> 100 | D14: =Sheet1!D23 -> V3 | E14: =Q37 -> -6e-05 | F14: =AVERAGE(Data!E44:N44) -> 100 | G14: V | H14: =(C14+E14)-F14 -> -6e-05 | I14: =L227 -> 0.57735094 | J14: =K226 -> 2.0085791 | K14: =C14/10^3*0.076 -> 0.0076 | L14: =G14 -> V | R14: 1 | AB14: 1.8 | AC14: -1.3e-05
C15: =Data!C45 -> 500 | D15: =Sheet1!D24 -> V4 | E15: =Q38 -> -0.0037 | F15: =AVERAGE(Data!E45:N45) -> 500 | G15: V | H15: =(C15+E15)-F15 -> -0.0037 | I15: =L242 -> 0.57737942 | J15: =K241 -> 2.0085693 | K15: =C15/10^3*0.079 -> 0.0395 | L15: =G15 -> V | R15: 0.030001 | T15: {=MIN(IF($AC$12:$AC$17<>"x",ABS($AB$12:$AB$17-Y13)))} -> 0.030001 | V15: {=ABS($AB$12:$AB$17-O29)} -> 2.67 | X15: {=IF($AC$12:$AC$17<>"x",ABS($AB$12:$AB$17-O29))} -> FALSE | AB15: 2 | AC15: -1.5e-05
C16: =Data!C46 -> 900 | D16: =Sheet1!D25 -> V4 | E16: =Q39 -> -0.0053959766 | F16: =AVERAGE(Data!E46:N46) -> 900 | G16: V | H16: =(C16+E16)-F16 -> -0.0053959766 | I16: =L257 -> 0.57741787 | J16: =K256 -> 2.008556 | K16: =C16/10^3*0.079 -> 0.0711 | L16: =G16 -> V | R16: 0.2 | V16: 2 | X16: 2 | AB16: 2.969999 | AC16: -1.3e-05
V17: 1.2 | X17: 1.2 | AB17: 3.2 | AC17: x
V18: 1 | X18: 1
A19: Uncertainty Budget sebagai Pendukung Kemampuan Kalibrasi dan Pengukuran (CMC) | V19: 0.030001 | X19: 0.030001
V20: 0.2 | X20: FALSE
A21: Nama Laboratorium | C21: : | D21: BALAI BESAR STANDARDISASI DAN PELAYANAN JASA INDUSTRI LOGAM DAN MESIN
A22: Alamat | C22: : | D22: Jl. Sangkuriang No. 12 Bandung 40135
Q23: kore
A24: Besaran yang diukur | E24: Kelistrikan | M24: IK-K-04-UL-01 | O24: Titik Ukur | Q24: 45506 | R24: 44655 | S24: 43854 | T24: 43283 | U24: Drift | V24: U24 | X24: Range | Z24: Alat Stan | AA24: KorStan24 | AB24: KorStan22 | AC24: KorStan20 | AD24: KorStan18 | AE24: Un24
A25: Jenis alat yang dikalibrasi | E25: Digital Multimeter | O25: =C2 -> 60 | P25: =D2 -> mV | Q25: {=IFERROR( _xlfn.FORECAST.LINEAR( O25, INDEX($AA$25:$AA$58, MATCH(1, ($Z$25:$Z$58<=O25)*($AA$25:$AA$58<>"x")*($Y$25:$Y$58=P25), 0) ): INDEX($AA$25:$AA$58, MATCH(1, ($Z$25:$Z$58>=O25)*($AA$25:$AA$58<>"x")*($Y$25:$Y$58=P25), 0) ), INDEX($Z$25:$Z$58, MATCH(1, ($Z$25:$Z$58<=O25)*($AA$25:$AA$58<>"x")*($Y$25:$Y$58=P25), 0) ): INDEX($Z$25:$Z$58, MATCH(1, ($Z$25:$Z$58>=O25)*($AA$25:$AA$58<>"x")*($Y$25:$Y$58=P25), 0) ) ),INDEX($AA$25:$AA$58, MATCH( MIN(IF(($AA$25:$AA$58<>"x")*($Y$25:$Y$58=P25),ABS($Z$25:$Z$58-O25))), IF(($AA$25:$AA$58<>"x")*($Y$25:$Y$58=P25),ABS($Z$25:$Z$58-O25)), 0 )))} -> -0.0022033294 | R25: {=IFERROR( _xlfn.FORECAST.LINEAR( O25, INDEX($AB$25:$AB$58, MATCH(1, ($Z$25:$Z$58<=O25)*($AB$25:$AB$58<>"x")*($Y$25:$Y$58=P25), 0) ): INDEX($AB$25:$AB$58, MATCH(1, ($Z$25:$Z$58>=O25)*($AB$25:$AB$58<>"x")*($Y$25:$Y$58=P25), 0) ), INDEX($Z$25:$Z$58, MATCH(1, ($Z$25:$Z$58<=O25)*($AB$25:$AB$58<>"x")*($Y$25:$Y$58=P25), 0) ): INDEX($Z$25:$Z$58, MATCH(1, ($Z$25:$Z$58>=O25)*($AB$25:$AB$58<>"x")*($Y$25:$Y$58=P25), 0) ) ),INDEX($AB$25:$AB$58, MATCH( MIN(IF(($AB$25:$AB$58<>"x")*($Y$25:$Y$58=P25),ABS($Z$25:$Z$58-O25))), IF(($AB$25:$AB$58<>"x")*($Y$25:$Y$58=P25),ABS($Z$25:$Z$58-O25)), 0 )))} -> 1.8351445e-05 | S25: {=IFERROR( _xlfn.FORECAST.LINEAR( O25, INDEX($AC$25:$AC$58, MATCH(1, ($Z$25:$Z$58<=O25)*($AC$25:$AC$58<>"x")*($Y$25:$Y$58=P25), 0) ): INDEX($AC$25:$AC$58, MATCH(1, ($Z$25:$Z$58>=O25)*($AC$25:$AC$58<>"x")*($Y$25:$Y$58=P25), 0) ), INDEX($Z$25:$Z$58, MATCH(1, ($Z$25:$Z$58<=O25)*($AC$25:$AC$58<>"x")*($Y$25:$Y$58=P25), 0) ): INDEX($Z$25:$Z$58, MATCH(1, ($Z$25:$Z$58>=O25)*($AC$25:$AC$58<>"x")*($Y$25:$Y$58=P25), 0) ) ),INDEX($AC$25:$AC$58, MATCH( MIN(IF(($AC$25:$AC$58<>"x")*($Y$25:$Y$58=P25),ABS($Z$25:$Z$58-O25))), IF(($AC$25:$AC$58<>"x")*($Y$25:$Y$58=P25),ABS($Z$25:$Z$58-O25)), 0 )))} -> -0.001885 | T25: {=IFERROR( _xlfn.FORECAST.LINEAR( O25, INDEX($AD$25:$AD$58, MATCH(1, ($Z$25:$Z$58<=O25)*($AD$25:$AD$58<>"x")*($Y$25:$Y$58=P25), 0) ): INDEX($AD$25:$AD$58, MATCH(1, ($Z$25:$Z$58>=O25)*($AD$25:$AD$58<>"x")*($Y$25:$Y$58=P25), 0) ), INDEX($Z$25:$Z$58, MATCH(1, ($Z$25:$Z$58<=O25)*($AD$25:$AD$58<>"x")*($Y$25:$Y$58=P25), 0) ): INDEX($Z$25:$Z$58, MATCH(1, ($Z$25:$Z$58>=O25)*($AD$25:$AD$58<>"x")*($Y$25:$Y$58=P25), 0) ) ),INDEX($AD$25:$AD$58, MATCH( MIN(IF(($AD$25:$AD$58<>"x")*($Y$25:$Y$58=P25),ABS($Z$25:$Z$58-O25))), IF(($AD$25:$AD$58<>"x")*($Y$25:$Y$58=P25),ABS($Z$25:$Z$58-O25)), 0 )))} -> -0.0036 | U25: =((((ABS(Q25-R25)/(Q$24-R$24))+(ABS(R25-S25)/(R$24-S$24))+(ABS(S25-T25)/(S$24-T$24)))/3)*(((Q$24-R$24)+(R$24-S$24)+(S$24-T$24))/3)) -> 0.0019736269 | V25: =AE30 -> 0.00077 | X25: 329.9999 | Y25: mV | Z25: 0 | AA25: 0.00074 | AB25: 0.0018 | AC25: x | AD25: x | AE25: 0.00041
A26: Standar yang digunakan | E26: Multiproduct Calibrator Fluke 5500A | O26: =C3 -> 300 | P26: =D3 -> mV | Q26: {=IFERROR( _xlfn.FORECAST.LINEAR( O26, INDEX($AA$25:$AA$58, MATCH(1, ($Z$25:$Z$58<=O26)*($AA$25:$AA$58<>"x")*($Y$25:$Y$58=P26), 0) ): INDEX($AA$25:$AA$58, MATCH(1, ($Z$25:$Z$58>=O26)*($AA$25:$AA$58<>"x")*($Y$25:$Y$58=P26), 0) ), INDEX($Z$25:$Z$58, MATCH(1, ($Z$25:$Z$58<=O26)*($AA$25:$AA$58<>"x")*($Y$25:$Y$58=P26), 0) ): INDEX($Z$25:$Z$58, MATCH(1, ($Z$25:$Z$58>=O26)*($AA$25:$AA$58<>"x")*($Y$25:$Y$58=P26), 0) ) ),INDEX($AA$25:$AA$58, MATCH( MIN(IF(($AA$25:$AA$58<>"x")*($Y$25:$Y$58=P26),ABS($Z$25:$Z$58-O26))), IF(($AA$25:$AA$58<>"x")*($Y$25:$Y$58=P26),ABS($Z$25:$Z$58-O26)), 0 )))} -> -0.010368902 | R26: {=IFERROR( _xlfn.FORECAST.LINEAR( O26, INDEX($AB$25:$AB$58, MATCH(1, ($Z$25:$Z$58<=O26)*($AB$25:$AB$58<>"x")*($Y$25:$Y$58=P26), 0) ): INDEX($AB$25:$AB$58, MATCH(1, ($Z$25:$Z$58>=O26)*($AB$25:$AB$58<>"x")*($Y$25:$Y$58=P26), 0) ), INDEX($Z$25:$Z$58, MATCH(1, ($Z$25:$Z$58<=O26)*($AB$25:$AB$58<>"x")*($Y$25:$Y$58=P26), 0) ): INDEX($Z$25:$Z$58, MATCH(1, ($Z$25:$Z$58>=O26)*($AB$25:$AB$58<>"x")*($Y$25:$Y$58=P26), 0) ) ),INDEX($AB$25:$AB$58, MATCH( MIN(IF(($AB$25:$AB$58<>"x")*($Y$25:$Y$58=P26),ABS($Z$25:$Z$58-O26))), IF(($AB$25:$AB$58<>"x")*($Y$25:$Y$58=P26),ABS($Z$25:$Z$58-O26)), 0 )))} -> -0.022 | S26: {=IFERROR( _xlfn.FORECAST.LINEAR( O26, INDEX($AC$25:$AC$58, MATCH(1, ($Z$25:$Z$58<=O26)*($AC$25:$AC$58<>"x")*($Y$25:$Y$58=P26), 0) ): INDEX($AC$25:$AC$58, MATCH(1, ($Z$25:$Z$58>=O26)*($AC$25:$AC$58<>"x")*($Y$25:$Y$58=P26), 0) ), INDEX($Z$25:$Z$58, MATCH(1, ($Z$25:$Z$58<=O26)*($AC$25:$AC$58<>"x")*($Y$25:$Y$58=P26), 0) ): INDEX($Z$25:$Z$58, MATCH(1, ($Z$25:$Z$58>=O26)*($AC$25:$AC$58<>"x")*($Y$25:$Y$58=P26), 0) ) ),INDEX($AC$25:$AC$58, MATCH( MIN(IF(($AC$25:$AC$58<>"x")*($Y$25:$Y$58=P26),ABS($Z$25:$Z$58-O26))), IF(($AC$25:$AC$58<>"x")*($Y$25:$Y$58=P26),ABS($Z$25:$Z$58-O26)), 0 )))} -> -0.0095 | T26: {=IFERROR( _xlfn.FORECAST.LINEAR( O26, INDEX($AD$25:$AD$58, MATCH(1, ($Z$25:$Z$58<=O26)*($AD$25:$AD$58<>"x")*($Y$25:$Y$58=P26), 0) ): INDEX($AD$25:$AD$58, MATCH(1, ($Z$25:$Z$58>=O26)*($AD$25:$AD$58<>"x")*($Y$25:$Y$58=P26), 0) ), INDEX($Z$25:$Z$58, MATCH(1, ($Z$25:$Z$58<=O26)*($AD$25:$AD$58<>"x")*($Y$25:$Y$58=P26), 0) ): INDEX($Z$25:$Z$58, MATCH(1, ($Z$25:$Z$58>=O26)*($AD$25:$AD$58<>"x")*($Y$25:$Y$58=P26), 0) ) ),INDEX($AD$25:$AD$58, MATCH( MIN(IF(($AD$25:$AD$58<>"x")*($Y$25:$Y$58=P26),ABS($Z$25:$Z$58-O26))), IF(($AD$25:$AD$58<>"x")*($Y$25:$Y$58=P26),ABS($Z$25:$Z$58-O26)), 0 )))} -> -0.0077 | U26: =((((ABS(Q26-R26)/(Q$24-R$24))+(ABS(R26-S26)/(R$24-S$24))+(ABS(S26-T26)/(S$24-T$24)))/3)*(((Q$24-R$24)+(R$24-S$24)+(S$24-T$24))/3)) -> 0.0080090793 | V26: =AE33 -> 0.0032 | Y26: mV | Z26: 3 | AA26: 0.00037 | AB26: x | AC26: x | AD26: x | AE26: 0.00043
A27: Model matematis Pengukuran | D27: : | E27: C = Vs - VUUT | G27: Model dengan memperhitungkan faktor-faktor lain yang berpengaruh | O27: =C4 -> 0.54 | P27: =D4 -> V1 | Q27: {=IFERROR( _xlfn.FORECAST.LINEAR( O27, INDEX($AA$25:$AA$58, MATCH(1, ($Z$25:$Z$58<=O27)*($AA$25:$AA$58<>"x")*($Y$25:$Y$58=P27), 0) ): INDEX($AA$25:$AA$58, MATCH(1, ($Z$25:$Z$58>=O27)*($AA$25:$AA$58<>"x")*($Y$25:$Y$58=P27), 0) ), INDEX($Z$25:$Z$58, MATCH(1, ($Z$25:$Z$58<=O27)*($AA$25:$AA$58<>"x")*($Y$25:$Y$58=P27), 0) ): INDEX($Z$25:$Z$58, MATCH(1, ($Z$25:$Z$58>=O27)*($AA$25:$AA$58<>"x")*($Y$25:$Y$58=P27), 0) ) ),INDEX($AA$25:$AA$58, MATCH( MIN(IF(($AA$25:$AA$58<>"x")*($Y$25:$Y$58=P27),ABS($Z$25:$Z$58-O27))), IF(($AA$25:$AA$58<>"x")*($Y$25:$Y$58=P27),ABS($Z$25:$Z$58-O27)), 0 )))} -> -7.0746269e-06 | R27: {=IFERROR( _xlfn.FORECAST.LINEAR( O27, INDEX($AB$25:$AB$58, MATCH(1, ($Z$25:$Z$58<=O27)*($AB$25:$AB$58<>"x")*($Y$25:$Y$58=P27), 0) ): INDEX($AB$25:$AB$58, MATCH(1, ($Z$25:$Z$58>=O27)*($AB$25:$AB$58<>"x")*($Y$25:$Y$58=P27), 0) ), INDEX($Z$25:$Z$58, MATCH(1, ($Z$25:$Z$58<=O27)*($AB$25:$AB$58<>"x")*($Y$25:$Y$58=P27), 0) ): INDEX($Z$25:$Z$58, MATCH(1, ($Z$25:$Z$58>=O27)*($AB$25:$AB$58<>"x")*($Y$25:$Y$58=P27), 0) ) ),INDEX($AB$25:$AB$58, MATCH( MIN(IF(($AB$25:$AB$58<>"x")*($Y$25:$Y$58=P27),ABS($Z$25:$Z$58-O27))), IF(($AB$25:$AB$58<>"x")*($Y$25:$Y$58=P27),ABS($Z$25:$Z$58-O27)), 0 )))} -> -9e-06 | S27: {=IFERROR( _xlfn.FORECAST.LINEAR( O27, INDEX($AC$25:$AC$58, MATCH(1, ($Z$25:$Z$58<=O27)*($AC$25:$AC$58<>"x")*($Y$25:$Y$58=P27), 0) ): INDEX($AC$25:$AC$58, MATCH(1, ($Z$25:$Z$58>=O27)*($AC$25:$AC$58<>"x")*($Y$25:$Y$58=P27), 0) ), INDEX($Z$25:$Z$58, MATCH(1, ($Z$25:$Z$58<=O27)*($AC$25:$AC$58<>"x")*($Y$25:$Y$58=P27), 0) ): INDEX($Z$25:$Z$58, MATCH(1, ($Z$25:$Z$58>=O27)*($AC$25:$AC$58<>"x")*($Y$25:$Y$58=P27), 0) ) ),INDEX($AC$25:$AC$58, MATCH( MIN(IF(($AC$25:$AC$58<>"x")*($Y$25:$Y$58=P27),ABS($Z$25:$Z$58-O27))), IF(($AC$25:$AC$58<>"x")*($Y$25:$Y$58=P27),ABS($Z$25:$Z$58-O27)), 0 )))} -> -1.4e-05 | T27: {=IFERROR( _xlfn.FORECAST.LINEAR( O27, INDEX($AD$25:$AD$58, MATCH(1, ($Z$25:$Z$58<=O27)*($AD$25:$AD$58<>"x")*($Y$25:$Y$58=P27), 0) ): INDEX($AD$25:$AD$58, MATCH(1, ($Z$25:$Z$58>=O27)*($AD$25:$AD$58<>"x")*($Y$25:$Y$58=P27), 0) ), INDEX($Z$25:$Z$58, MATCH(1, ($Z$25:$Z$58<=O27)*($AD$25:$AD$58<>"x")*($Y$25:$Y$58=P27), 0) ): INDEX($Z$25:$Z$58, MATCH(1, ($Z$25:$Z$58>=O27)*($AD$25:$AD$58<>"x")*($Y$25:$Y$58=P27), 0) ) ),INDEX($AD$25:$AD$58, MATCH( MIN(IF(($AD$25:$AD$58<>"x")*($Y$25:$Y$58=P27),ABS($Z$25:$Z$58-O27))), IF(($AD$25:$AD$58<>"x")*($Y$25:$Y$58=P27),ABS($Z$25:$Z$58-O27)), 0 )))} -> -6e-06 | U27: =((((ABS(Q27-R27)/(Q$24-R$24))+(ABS(R27-S27)/(R$24-S$24))+(ABS(S27-T27)/(S$24-T$24)))/3)*(((Q$24-R$24)+(R$24-S$24)+(S$24-T$24))/3)) -> 5.5612515e-06 | V27: =AE35 -> 5.6e-06 | Y27: mV | Z27: 3.2999 | AA27: x | AB27: 0.0016 | AC27: x | AD27: x
D28: : | E28: C = Vs + δVs - VUUT | O28: =C5 -> 0.6 | P28: =D5 -> V1 | Q28: {=IFERROR( _xlfn.FORECAST.LINEAR( O28, INDEX($AA$25:$AA$58, MATCH(1, ($Z$25:$Z$58<=O28)*($AA$25:$AA$58<>"x")*($Y$25:$Y$58=P28), 0) ): INDEX($AA$25:$AA$58, MATCH(1, ($Z$25:$Z$58>=O28)*($AA$25:$AA$58<>"x")*($Y$25:$Y$58=P28), 0) ), INDEX($Z$25:$Z$58, MATCH(1, ($Z$25:$Z$58<=O28)*($AA$25:$AA$58<>"x")*($Y$25:$Y$58=P28), 0) ): INDEX($Z$25:$Z$58, MATCH(1, ($Z$25:$Z$58>=O28)*($AA$25:$AA$58<>"x")*($Y$25:$Y$58=P28), 0) ) ),INDEX($AA$25:$AA$58, MATCH( MIN(IF(($AA$25:$AA$58<>"x")*($Y$25:$Y$58=P28),ABS($Z$25:$Z$58-O28))), IF(($AA$25:$AA$58<>"x")*($Y$25:$Y$58=P28),ABS($Z$25:$Z$58-O28)), 0 )))} -> -7.638806e-06 | R28: {=IFERROR( _xlfn.FORECAST.LINEAR( O28, INDEX($AB$25:$AB$58, MATCH(1, ($Z$25:$Z$58<=O28)*($AB$25:$AB$58<>"x")*($Y$25:$Y$58=P28), 0) ): INDEX($AB$25:$AB$58, MATCH(1, ($Z$25:$Z$58>=O28)*($AB$25:$AB$58<>"x")*($Y$25:$Y$58=P28), 0) ), INDEX($Z$25:$Z$58, MATCH(1, ($Z$25:$Z$58<=O28)*($AB$25:$AB$58<>"x")*($Y$25:$Y$58=P28), 0) ): INDEX($Z$25:$Z$58, MATCH(1, ($Z$25:$Z$58>=O28)*($AB$25:$AB$58<>"x")*($Y$25:$Y$58=P28), 0) ) ),INDEX($AB$25:$AB$58, MATCH( MIN(IF(($AB$25:$AB$58<>"x")*($Y$25:$Y$58=P28),ABS($Z$25:$Z$58-O28))), IF(($AB$25:$AB$58<>"x")*($Y$25:$Y$58=P28),ABS($Z$25:$Z$58-O28)), 0 )))} -> -9e-06 | S28: {=IFERROR( _xlfn.FORECAST.LINEAR( O28, INDEX($AC$25:$AC$58, MATCH(1, ($Z$25:$Z$58<=O28)*($AC$25:$AC$58<>"x")*($Y$25:$Y$58=P28), 0) ): INDEX($AC$25:$AC$58, MATCH(1, ($Z$25:$Z$58>=O28)*($AC$25:$AC$58<>"x")*($Y$25:$Y$58=P28), 0) ), INDEX($Z$25:$Z$58, MATCH(1, ($Z$25:$Z$58<=O28)*($AC$25:$AC$58<>"x")*($Y$25:$Y$58=P28), 0) ): INDEX($Z$25:$Z$58, MATCH(1, ($Z$25:$Z$58>=O28)*($AC$25:$AC$58<>"x")*($Y$25:$Y$58=P28), 0) ) ),INDEX($AC$25:$AC$58, MATCH( MIN(IF(($AC$25:$AC$58<>"x")*($Y$25:$Y$58=P28),ABS($Z$25:$Z$58-O28))), IF(($AC$25:$AC$58<>"x")*($Y$25:$Y$58=P28),ABS($Z$25:$Z$58-O28)), 0 )))} -> -1.4e-05 | T28: {=IFERROR( _xlfn.FORECAST.LINEAR( O28, INDEX($AD$25:$AD$58, MATCH(1, ($Z$25:$Z$58<=O28)*($AD$25:$AD$58<>"x")*($Y$25:$Y$58=P28), 0) ): INDEX($AD$25:$AD$58, MATCH(1, ($Z$25:$Z$58>=O28)*($AD$25:$AD$58<>"x")*($Y$25:$Y$58=P28), 0) ), INDEX($Z$25:$Z$58, MATCH(1, ($Z$25:$Z$58<=O28)*($AD$25:$AD$58<>"x")*($Y$25:$Y$58=P28), 0) ): INDEX($Z$25:$Z$58, MATCH(1, ($Z$25:$Z$58>=O28)*($AD$25:$AD$58<>"x")*($Y$25:$Y$58=P28), 0) ) ),INDEX($AD$25:$AD$58, MATCH( MIN(IF(($AD$25:$AD$58<>"x")*($Y$25:$Y$58=P28),ABS($Z$25:$Z$58-O28))), IF(($AD$25:$AD$58<>"x")*($Y$25:$Y$58=P28),ABS($Z$25:$Z$58-O28)), 0 )))} -> -6e-06 | U28: =((((ABS(Q28-R28)/(Q$24-R$24))+(ABS(R28-S28)/(R$24-S$24))+(ABS(S28-T28)/(S$24-T$24)))/3)*(((Q$24-R$24)+(R$24-S$24)+(S$24-T$24))/3)) -> 5.3975003e-06 | V28: =AE35 -> 5.6e-06 | Y28: mV | Z28: 20 | AA28: -0.00038 | AB28: -0.0001 | AC28: -0.00097 | AD28: -0.0022 | AE28: 0.00045
E29: C | F29: : koreksi tegangan dari UUT | O29: =C6 -> 3 | P29: =D6 -> V1 | Q29: {=IFERROR( _xlfn.FORECAST.LINEAR( O29, INDEX($AA$25:$AA$58, MATCH(1, ($Z$25:$Z$58<=O29)*($AA$25:$AA$58<>"x")*($Y$25:$Y$58=P29), 0) ): INDEX($AA$25:$AA$58, MATCH(1, ($Z$25:$Z$58>=O29)*($AA$25:$AA$58<>"x")*($Y$25:$Y$58=P29), 0) ), INDEX($Z$25:$Z$58, MATCH(1, ($Z$25:$Z$58<=O29)*($AA$25:$AA$58<>"x")*($Y$25:$Y$58=P29), 0) ): INDEX($Z$25:$Z$58, MATCH(1, ($Z$25:$Z$58>=O29)*($AA$25:$AA$58<>"x")*($Y$25:$Y$58=P29), 0) ) ),INDEX($AA$25:$AA$58, MATCH( MIN(IF(($AA$25:$AA$58<>"x")*($Y$25:$Y$58=P29),ABS($Z$25:$Z$58-O29))), IF(($AA$25:$AA$58<>"x")*($Y$25:$Y$58=P29),ABS($Z$25:$Z$58-O29)), 0 )))} -> -1.9982059e-05 | R29: {=IFERROR( _xlfn.FORECAST.LINEAR( O29, INDEX($AB$25:$AB$58, MATCH(1, ($Z$25:$Z$58<=O29)*($AB$25:$AB$58<>"x")*($Y$25:$Y$58=P29), 0) ): INDEX($AB$25:$AB$58, MATCH(1, ($Z$25:$Z$58>=O29)*($AB$25:$AB$58<>"x")*($Y$25:$Y$58=P29), 0) ), INDEX($Z$25:$Z$58, MATCH(1, ($Z$25:$Z$58<=O29)*($AB$25:$AB$58<>"x")*($Y$25:$Y$58=P29), 0) ): INDEX($Z$25:$Z$58, MATCH(1, ($Z$25:$Z$58>=O29)*($AB$25:$AB$58<>"x")*($Y$25:$Y$58=P29), 0) ) ),INDEX($AB$25:$AB$58, MATCH( MIN(IF(($AB$25:$AB$58<>"x")*($Y$25:$Y$58=P29),ABS($Z$25:$Z$58-O29))), IF(($AB$25:$AB$58<>"x")*($Y$25:$Y$58=P29),ABS($Z$25:$Z$58-O29)), 0 )))} -> -1.3e-05 | S29: {=IFERROR( _xlfn.FORECAST.LINEAR( O29, INDEX($AC$25:$AC$58, MATCH(1, ($Z$25:$Z$58<=O29)*($AC$25:$AC$58<>"x")*($Y$25:$Y$58=P29), 0) ): INDEX($AC$25:$AC$58, MATCH(1, ($Z$25:$Z$58>=O29)*($AC$25:$AC$58<>"x")*($Y$25:$Y$58=P29), 0) ), INDEX($Z$25:$Z$58, MATCH(1, ($Z$25:$Z$58<=O29)*($AC$25:$AC$58<>"x")*($Y$25:$Y$58=P29), 0) ): INDEX($Z$25:$Z$58, MATCH(1, ($Z$25:$Z$58>=O29)*($AC$25:$AC$58<>"x")*($Y$25:$Y$58=P29), 0) ) ),INDEX($AC$25:$AC$58, MATCH( MIN(IF(($AC$25:$AC$58<>"x")*($Y$25:$Y$58=P29),ABS($Z$25:$Z$58-O29))), IF(($AC$25:$AC$58<>"x")*($Y$25:$Y$58=P29),ABS($Z$25:$Z$58-O29)), 0 )))} -> -2.1e-05 | T29: {=IFERROR( _xlfn.FORECAST.LINEAR( O29, INDEX($AD$25:$AD$58, MATCH(1, ($Z$25:$Z$58<=O29)*($AD$25:$AD$58<>"x")*($Y$25:$Y$58=P29), 0) ): INDEX($AD$25:$AD$58, MATCH(1, ($Z$25:$Z$58>=O29)*($AD$25:$AD$58<>"x")*($Y$25:$Y$58=P29), 0) ), INDEX($Z$25:$Z$58, MATCH(1, ($Z$25:$Z$58<=O29)*($AD$25:$AD$58<>"x")*($Y$25:$Y$58=P29), 0) ): INDEX($Z$25:$Z$58, MATCH(1, ($Z$25:$Z$58>=O29)*($AD$25:$AD$58<>"x")*($Y$25:$Y$58=P29), 0) ) ),INDEX($AD$25:$AD$58, MATCH( MIN(IF(($AD$25:$AD$58<>"x")*($Y$25:$Y$58=P29),ABS($Z$25:$Z$58-O29))), IF(($AD$25:$AD$58<>"x")*($Y$25:$Y$58=P29),ABS($Z$25:$Z$58-O29)), 0 )))} -> -4e-06 | U29: =((((ABS(Q29-R29)/(Q$24-R$24))+(ABS(R29-S29)/(R$24-S$24))+(ABS(S29-T29)/(S$24-T$24)))/3)*(((Q$24-R$24)+(R$24-S$24)+(S$24-T$24))/3)) -> 1.1847202e-05 | V29: =AE39 -> 2.7e-05 | Y29: mV | Z29: 29.6999 | AA29: -0.00082 | AB29: 0.0005 | AC29: x | AD29: x | AE29: 0.00056
E30: Vs | F30: : tegangan standar | O30: =C7 -> 5.4 | P30: =D7 -> V2 | Q30: {=IFERROR( _xlfn.FORECAST.LINEAR( O30, INDEX($AA$25:$AA$58, MATCH(1, ($Z$25:$Z$58<=O30)*($AA$25:$AA$58<>"x")*($Y$25:$Y$58=P30), 0) ): INDEX($AA$25:$AA$58, MATCH(1, ($Z$25:$Z$58>=O30)*($AA$25:$AA$58<>"x")*($Y$25:$Y$58=P30), 0) ), INDEX($Z$25:$Z$58, MATCH(1, ($Z$25:$Z$58<=O30)*($AA$25:$AA$58<>"x")*($Y$25:$Y$58=P30), 0) ): INDEX($Z$25:$Z$58, MATCH(1, ($Z$25:$Z$58>=O30)*($AA$25:$AA$58<>"x")*($Y$25:$Y$58=P30), 0) ) ),INDEX($AA$25:$AA$58, MATCH( MIN(IF(($AA$25:$AA$58<>"x")*($Y$25:$Y$58=P30),ABS($Z$25:$Z$58-O30))), IF(($AA$25:$AA$58<>"x")*($Y$25:$Y$58=P30),ABS($Z$25:$Z$58-O30)), 0 )))} -> -5.0864177e-05 | R30: {=IFERROR( _xlfn.FORECAST.LINEAR( O30, INDEX($AB$25:$AB$58, MATCH(1, ($Z$25:$Z$58<=O30)*($AB$25:$AB$58<>"x")*($Y$25:$Y$58=P30), 0) ): INDEX($AB$25:$AB$58, MATCH(1, ($Z$25:$Z$58>=O30)*($AB$25:$AB$58<>"x")*($Y$25:$Y$58=P30), 0) ), INDEX($Z$25:$Z$58, MATCH(1, ($Z$25:$Z$58<=O30)*($AB$25:$AB$58<>"x")*($Y$25:$Y$58=P30), 0) ): INDEX($Z$25:$Z$58, MATCH(1, ($Z$25:$Z$58>=O30)*($AB$25:$AB$58<>"x")*($Y$25:$Y$58=P30), 0) ) ),INDEX($AB$25:$AB$58, MATCH( MIN(IF(($AB$25:$AB$58<>"x")*($Y$25:$Y$58=P30),ABS($Z$25:$Z$58-O30))), IF(($AB$25:$AB$58<>"x")*($Y$25:$Y$58=P30),ABS($Z$25:$Z$58-O30)), 0 )))} -> -3.25e-05 | S30: {=IFERROR( _xlfn.FORECAST.LINEAR( O30, INDEX($AC$25:$AC$58, MATCH(1, ($Z$25:$Z$58<=O30)*($AC$25:$AC$58<>"x")*($Y$25:$Y$58=P30), 0) ): INDEX($AC$25:$AC$58, MATCH(1, ($Z$25:$Z$58>=O30)*($AC$25:$AC$58<>"x")*($Y$25:$Y$58=P30), 0) ), INDEX($Z$25:$Z$58, MATCH(1, ($Z$25:$Z$58<=O30)*($AC$25:$AC$58<>"x")*($Y$25:$Y$58=P30), 0) ): INDEX($Z$25:$Z$58, MATCH(1, ($Z$25:$Z$58>=O30)*($AC$25:$AC$58<>"x")*($Y$25:$Y$58=P30), 0) ) ),INDEX($AC$25:$AC$58, MATCH( MIN(IF(($AC$25:$AC$58<>"x")*($Y$25:$Y$58=P30),ABS($Z$25:$Z$58-O30))), IF(($AC$25:$AC$58<>"x")*($Y$25:$Y$58=P30),ABS($Z$25:$Z$58-O30)), 0 )))} -> -5.23e-05 | T30: {=IFERROR( _xlfn.FORECAST.LINEAR( O30, INDEX($AD$25:$AD$58, MATCH(1, ($Z$25:$Z$58<=O30)*($AD$25:$AD$58<>"x")*($Y$25:$Y$58=P30), 0) ): INDEX($AD$25:$AD$58, MATCH(1, ($Z$25:$Z$58>=O30)*($AD$25:$AD$58<>"x")*($Y$25:$Y$58=P30), 0) ), INDEX($Z$25:$Z$58, MATCH(1, ($Z$25:$Z$58<=O30)*($AD$25:$AD$58<>"x")*($Y$25:$Y$58=P30), 0) ): INDEX($Z$25:$Z$58, MATCH(1, ($Z$25:$Z$58>=O30)*($AD$25:$AD$58<>"x")*($Y$25:$Y$58=P30), 0) ) ),INDEX($AD$25:$AD$58, MATCH( MIN(IF(($AD$25:$AD$58<>"x")*($Y$25:$Y$58=P30),ABS($Z$25:$Z$58-O30))), IF(($AD$25:$AD$58<>"x")*($Y$25:$Y$58=P30),ABS($Z$25:$Z$58-O30)), 0 )))} -> -1.3e-05 | U30: =((((ABS(Q30-R30)/(Q$24-R$24))+(ABS(R30-S30)/(R$24-S$24))+(ABS(S30-T30)/(S$24-T$24)))/3)*(((Q$24-R$24)+(R$24-S$24)+(S$24-T$24))/3)) -> 2.8435936e-05 | V30: =AE42 -> 4e-05 | Y30: mV | Z30: 100 | AA30: -0.00405 | AB30: -0.0006 | AC30: -0.0028 | AD30: -0.005 | AE30: 0.00077
E31: δVs | F31: : koreksi tegangan standar | O31: =C8 -> 6 | P31: =D8 -> V2 | Q31: {=IFERROR( _xlfn.FORECAST.LINEAR( O31, INDEX($AA$25:$AA$58, MATCH(1, ($Z$25:$Z$58<=O31)*($AA$25:$AA$58<>"x")*($Y$25:$Y$58=P31), 0) ): INDEX($AA$25:$AA$58, MATCH(1, ($Z$25:$Z$58>=O31)*($AA$25:$AA$58<>"x")*($Y$25:$Y$58=P31), 0) ), INDEX($Z$25:$Z$58, MATCH(1, ($Z$25:$Z$58<=O31)*($AA$25:$AA$58<>"x")*($Y$25:$Y$58=P31), 0) ): INDEX($Z$25:$Z$58, MATCH(1, ($Z$25:$Z$58>=O31)*($AA$25:$AA$58<>"x")*($Y$25:$Y$58=P31), 0) ) ),INDEX($AA$25:$AA$58, MATCH( MIN(IF(($AA$25:$AA$58<>"x")*($Y$25:$Y$58=P31),ABS($Z$25:$Z$58-O31))), IF(($AA$25:$AA$58<>"x")*($Y$25:$Y$58=P31),ABS($Z$25:$Z$58-O31)), 0 )))} -> -5.4297114e-05 | R31: {=IFERROR( _xlfn.FORECAST.LINEAR( O31, INDEX($AB$25:$AB$58, MATCH(1, ($Z$25:$Z$58<=O31)*($AB$25:$AB$58<>"x")*($Y$25:$Y$58=P31), 0) ): INDEX($AB$25:$AB$58, MATCH(1, ($Z$25:$Z$58>=O31)*($AB$25:$AB$58<>"x")*($Y$25:$Y$58=P31), 0) ), INDEX($Z$25:$Z$58, MATCH(1, ($Z$25:$Z$58<=O31)*($AB$25:$AB$58<>"x")*($Y$25:$Y$58=P31), 0) ): INDEX($Z$25:$Z$58, MATCH(1, ($Z$25:$Z$58>=O31)*($AB$25:$AB$58<>"x")*($Y$25:$Y$58=P31), 0) ) ),INDEX($AB$25:$AB$58, MATCH( MIN(IF(($AB$25:$AB$58<>"x")*($Y$25:$Y$58=P31),ABS($Z$25:$Z$58-O31))), IF(($AB$25:$AB$58<>"x")*($Y$25:$Y$58=P31),ABS($Z$25:$Z$58-O31)), 0 )))} -> -3.4e-05 | S31: {=IFERROR( _xlfn.FORECAST.LINEAR( O31, INDEX($AC$25:$AC$58, MATCH(1, ($Z$25:$Z$58<=O31)*($AC$25:$AC$58<>"x")*($Y$25:$Y$58=P31), 0) ): INDEX($AC$25:$AC$58, MATCH(1, ($Z$25:$Z$58>=O31)*($AC$25:$AC$58<>"x")*($Y$25:$Y$58=P31), 0) ), INDEX($Z$25:$Z$58, MATCH(1, ($Z$25:$Z$58<=O31)*($AC$25:$AC$58<>"x")*($Y$25:$Y$58=P31), 0) ): INDEX($Z$25:$Z$58, MATCH(1, ($Z$25:$Z$58>=O31)*($AC$25:$AC$58<>"x")*($Y$25:$Y$58=P31), 0) ) ),INDEX($AC$25:$AC$58, MATCH( MIN(IF(($AC$25:$AC$58<>"x")*($Y$25:$Y$58=P31),ABS($Z$25:$Z$58-O31))), IF(($AC$25:$AC$58<>"x")*($Y$25:$Y$58=P31),ABS($Z$25:$Z$58-O31)), 0 )))} -> -5.5e-05 | T31: {=IFERROR( _xlfn.FORECAST.LINEAR( O31, INDEX($AD$25:$AD$58, MATCH(1, ($Z$25:$Z$58<=O31)*($AD$25:$AD$58<>"x")*($Y$25:$Y$58=P31), 0) ): INDEX($AD$25:$AD$58, MATCH(1, ($Z$25:$Z$58>=O31)*($AD$25:$AD$58<>"x")*($Y$25:$Y$58=P31), 0) ), INDEX($Z$25:$Z$58, MATCH(1, ($Z$25:$Z$58<=O31)*($AD$25:$AD$58<>"x")*($Y$25:$Y$58=P31), 0) ): INDEX($Z$25:$Z$58, MATCH(1, ($Z$25:$Z$58>=O31)*($AD$25:$AD$58<>"x")*($Y$25:$Y$58=P31), 0) ) ),INDEX($AD$25:$AD$58, MATCH( MIN(IF(($AD$25:$AD$58<>"x")*($Y$25:$Y$58=P31),ABS($Z$25:$Z$58-O31))), IF(($AD$25:$AD$58<>"x")*($Y$25:$Y$58=P31),ABS($Z$25:$Z$58-O31)), 0 )))} -> -1e-05 | U31: =((((ABS(Q31-R31)/(Q$24-R$24))+(ABS(R31-S31)/(R$24-S$24))+(ABS(S31-T31)/(S$24-T$24)))/3)*(((Q$24-R$24)+(R$24-S$24)+(S$24-T$24))/3)) -> 3.1832676e-05 | V31: =AE42 -> 4e-05 | Y31: mV | Z31: 180 | AA31: x | AB31: -0.0058 | AC31: -0.0082 | AD31: -0.0076 | AE31: 0.0011
E32: VUUT | F32: : tegangan UUT | O32: =C9 -> 30 | P32: =D9 -> V2 | Q32: {=IFERROR( _xlfn.FORECAST.LINEAR( O32, INDEX($AA$25:$AA$58, MATCH(1, ($Z$25:$Z$58<=O32)*($AA$25:$AA$58<>"x")*($Y$25:$Y$58=P32), 0) ): INDEX($AA$25:$AA$58, MATCH(1, ($Z$25:$Z$58>=O32)*($AA$25:$AA$58<>"x")*($Y$25:$Y$58=P32), 0) ), INDEX($Z$25:$Z$58, MATCH(1, ($Z$25:$Z$58<=O32)*($AA$25:$AA$58<>"x")*($Y$25:$Y$58=P32), 0) ): INDEX($Z$25:$Z$58, MATCH(1, ($Z$25:$Z$58>=O32)*($AA$25:$AA$58<>"x")*($Y$25:$Y$58=P32), 0) ) ),INDEX($AA$25:$AA$58, MATCH( MIN(IF(($AA$25:$AA$58<>"x")*($Y$25:$Y$58=P32),ABS($Z$25:$Z$58-O32))), IF(($AA$25:$AA$58<>"x")*($Y$25:$Y$58=P32),ABS($Z$25:$Z$58-O32)), 0 )))} -> -6.6790981e-05 | R32: {=IFERROR( _xlfn.FORECAST.LINEAR( O32, INDEX($AB$25:$AB$58, MATCH(1, ($Z$25:$Z$58<=O32)*($AB$25:$AB$58<>"x")*($Y$25:$Y$58=P32), 0) ): INDEX($AB$25:$AB$58, MATCH(1, ($Z$25:$Z$58>=O32)*($AB$25:$AB$58<>"x")*($Y$25:$Y$58=P32), 0) ), INDEX($Z$25:$Z$58, MATCH(1, ($Z$25:$Z$58<=O32)*($AB$25:$AB$58<>"x")*($Y$25:$Y$58=P32), 0) ): INDEX($Z$25:$Z$58, MATCH(1, ($Z$25:$Z$58>=O32)*($AB$25:$AB$58<>"x")*($Y$25:$Y$58=P32), 0) ) ),INDEX($AB$25:$AB$58, MATCH( MIN(IF(($AB$25:$AB$58<>"x")*($Y$25:$Y$58=P32),ABS($Z$25:$Z$58-O32))), IF(($AB$25:$AB$58<>"x")*($Y$25:$Y$58=P32),ABS($Z$25:$Z$58-O32)), 0 )))} -> -4e-05 | S32: {=IFERROR( _xlfn.FORECAST.LINEAR( O32, INDEX($AC$25:$AC$58, MATCH(1, ($Z$25:$Z$58<=O32)*($AC$25:$AC$58<>"x")*($Y$25:$Y$58=P32), 0) ): INDEX($AC$25:$AC$58, MATCH(1, ($Z$25:$Z$58>=O32)*($AC$25:$AC$58<>"x")*($Y$25:$Y$58=P32), 0) ), INDEX($Z$25:$Z$58, MATCH(1, ($Z$25:$Z$58<=O32)*($AC$25:$AC$58<>"x")*($Y$25:$Y$58=P32), 0) ): INDEX($Z$25:$Z$58, MATCH(1, ($Z$25:$Z$58>=O32)*($AC$25:$AC$58<>"x")*($Y$25:$Y$58=P32), 0) ) ),INDEX($AC$25:$AC$58, MATCH( MIN(IF(($AC$25:$AC$58<>"x")*($Y$25:$Y$58=P32),ABS($Z$25:$Z$58-O32))), IF(($AC$25:$AC$58<>"x")*($Y$25:$Y$58=P32),ABS($Z$25:$Z$58-O32)), 0 )))} -> -5e-05 | T32: {=IFERROR( _xlfn.FORECAST.LINEAR( O32, INDEX($AD$25:$AD$58, MATCH(1, ($Z$25:$Z$58<=O32)*($AD$25:$AD$58<>"x")*($Y$25:$Y$58=P32), 0) ): INDEX($AD$25:$AD$58, MATCH(1, ($Z$25:$Z$58>=O32)*($AD$25:$AD$58<>"x")*($Y$25:$Y$58=P32), 0) ), INDEX($Z$25:$Z$58, MATCH(1, ($Z$25:$Z$58<=O32)*($AD$25:$AD$58<>"x")*($Y$25:$Y$58=P32), 0) ): INDEX($Z$25:$Z$58, MATCH(1, ($Z$25:$Z$58>=O32)*($AD$25:$AD$58<>"x")*($Y$25:$Y$58=P32), 0) ) ),INDEX($AD$25:$AD$58, MATCH( MIN(IF(($AD$25:$AD$58<>"x")*($Y$25:$Y$58=P32),ABS($Z$25:$Z$58-O32))), IF(($AD$25:$AD$58<>"x")*($Y$25:$Y$58=P32),ABS($Z$25:$Z$58-O32)), 0 )))} -> 4e-05 | U32: =((((ABS(Q32-R32)/(Q$24-R$24))+(ABS(R32-S32)/(R$24-S$24))+(ABS(S32-T32)/(S$24-T$24)))/3)*(((Q$24-R$24)+(R$24-S$24)+(S$24-T$24))/3)) -> 4.979134e-05 | V32: =AE49 -> 0.00038 | Y32: mV | Z32: 200 | AA32: -0.0072 | AB32: -0.022 | AC32: -0.0095 | AD32: -0.0077 | AE32: 0.002
O33: =C10 -> 54 | P33: =D10 -> V3 | Q33: {=IFERROR( _xlfn.FORECAST.LINEAR( O33, INDEX($AA$25:$AA$58, MATCH(1, ($Z$25:$Z$58<=O33)*($AA$25:$AA$58<>"x")*($Y$25:$Y$58=P33), 0) ): INDEX($AA$25:$AA$58, MATCH(1, ($Z$25:$Z$58>=O33)*($AA$25:$AA$58<>"x")*($Y$25:$Y$58=P33), 0) ), INDEX($Z$25:$Z$58, MATCH(1, ($Z$25:$Z$58<=O33)*($AA$25:$AA$58<>"x")*($Y$25:$Y$58=P33), 0) ): INDEX($Z$25:$Z$58, MATCH(1, ($Z$25:$Z$58>=O33)*($AA$25:$AA$58<>"x")*($Y$25:$Y$58=P33), 0) ) ),INDEX($AA$25:$AA$58, MATCH( MIN(IF(($AA$25:$AA$58<>"x")*($Y$25:$Y$58=P33),ABS($Z$25:$Z$58-O33))), IF(($AA$25:$AA$58<>"x")*($Y$25:$Y$58=P33),ABS($Z$25:$Z$58-O33)), 0 )))} -> -0.00012865672 | R33: {=IFERROR( _xlfn.FORECAST.LINEAR( O33, INDEX($AB$25:$AB$58, MATCH(1, ($Z$25:$Z$58<=O33)*($AB$25:$AB$58<>"x")*($Y$25:$Y$58=P33), 0) ): INDEX($AB$25:$AB$58, MATCH(1, ($Z$25:$Z$58>=O33)*($AB$25:$AB$58<>"x")*($Y$25:$Y$58=P33), 0) ), INDEX($Z$25:$Z$58, MATCH(1, ($Z$25:$Z$58<=O33)*($AB$25:$AB$58<>"x")*($Y$25:$Y$58=P33), 0) ): INDEX($Z$25:$Z$58, MATCH(1, ($Z$25:$Z$58>=O33)*($AB$25:$AB$58<>"x")*($Y$25:$Y$58=P33), 0) ) ),INDEX($AB$25:$AB$58, MATCH( MIN(IF(($AB$25:$AB$58<>"x")*($Y$25:$Y$58=P33),ABS($Z$25:$Z$58-O33))), IF(($AB$25:$AB$58<>"x")*($Y$25:$Y$58=P33),ABS($Z$25:$Z$58-O33)), 0 )))} -> 0.0002 | S33: {=IFERROR( _xlfn.FORECAST.LINEAR( O33, INDEX($AC$25:$AC$58, MATCH(1, ($Z$25:$Z$58<=O33)*($AC$25:$AC$58<>"x")*($Y$25:$Y$58=P33), 0) ): INDEX($AC$25:$AC$58, MATCH(1, ($Z$25:$Z$58>=O33)*($AC$25:$AC$58<>"x")*($Y$25:$Y$58=P33), 0) ), INDEX($Z$25:$Z$58, MATCH(1, ($Z$25:$Z$58<=O33)*($AC$25:$AC$58<>"x")*($Y$25:$Y$58=P33), 0) ): INDEX($Z$25:$Z$58, MATCH(1, ($Z$25:$Z$58>=O33)*($AC$25:$AC$58<>"x")*($Y$25:$Y$58=P33), 0) ) ),INDEX($AC$25:$AC$58, MATCH( MIN(IF(($AC$25:$AC$58<>"x")*($Y$25:$Y$58=P33),ABS($Z$25:$Z$58-O33))), IF(($AC$25:$AC$58<>"x")*($Y$25:$Y$58=P33),ABS($Z$25:$Z$58-O33)), 0 )))} -> 0.0001 | T33: {=IFERROR( _xlfn.FORECAST.LINEAR( O33, INDEX($AD$25:$AD$58, MATCH(1, ($Z$25:$Z$58<=O33)*($AD$25:$AD$58<>"x")*($Y$25:$Y$58=P33), 0) ): INDEX($AD$25:$AD$58, MATCH(1, ($Z$25:$Z$58>=O33)*($AD$25:$AD$58<>"x")*($Y$25:$Y$58=P33), 0) ), INDEX($Z$25:$Z$58, MATCH(1, ($Z$25:$Z$58<=O33)*($AD$25:$AD$58<>"x")*($Y$25:$Y$58=P33), 0) ): INDEX($Z$25:$Z$58, MATCH(1, ($Z$25:$Z$58>=O33)*($AD$25:$AD$58<>"x")*($Y$25:$Y$58=P33), 0) ) ),INDEX($AD$25:$AD$58, MATCH( MIN(IF(($AD$25:$AD$58<>"x")*($Y$25:$Y$58=P33),ABS($Z$25:$Z$58-O33))), IF(($AD$25:$AD$58<>"x")*($Y$25:$Y$58=P33),ABS($Z$25:$Z$58-O33)), 0 )))} -> 0.0007 | U33: =((((ABS(Q33-R33)/(Q$24-R$24))+(ABS(R33-S33)/(R$24-S$24))+(ABS(S33-T33)/(S$24-T$24)))/3)*(((Q$24-R$24)+(R$24-S$24)+(S$24-T$24))/3)) -> 0.00038577266 | V33: =AE51 -> 0.00077 | Y33: mV | Z33: 320 | AA33: -0.0106 | AB33: x | AC33: x | AD33: x | AE33: 0.0032
A34: Rentang ukur | D34: =A2 -> 600 | E34: =B2 -> mV | M34: DC Voltage-Measure | O34: =C11 -> 60 | P34: =D11 -> V3 | Q34: {=IFERROR( _xlfn.FORECAST.LINEAR( O34, INDEX($AA$25:$AA$58, MATCH(1, ($Z$25:$Z$58<=O34)*($AA$25:$AA$58<>"x")*($Y$25:$Y$58=P34), 0) ): INDEX($AA$25:$AA$58, MATCH(1, ($Z$25:$Z$58>=O34)*($AA$25:$AA$58<>"x")*($Y$25:$Y$58=P34), 0) ), INDEX($Z$25:$Z$58, MATCH(1, ($Z$25:$Z$58<=O34)*($AA$25:$AA$58<>"x")*($Y$25:$Y$58=P34), 0) ): INDEX($Z$25:$Z$58, MATCH(1, ($Z$25:$Z$58>=O34)*($AA$25:$AA$58<>"x")*($Y$25:$Y$58=P34), 0) ) ),INDEX($AA$25:$AA$58, MATCH( MIN(IF(($AA$25:$AA$58<>"x")*($Y$25:$Y$58=P34),ABS($Z$25:$Z$58-O34))), IF(($AA$25:$AA$58<>"x")*($Y$25:$Y$58=P34),ABS($Z$25:$Z$58-O34)), 0 )))} -> -0.00011970149 | R34: {=IFERROR( _xlfn.FORECAST.LINEAR( O34, INDEX($AB$25:$AB$58, MATCH(1, ($Z$25:$Z$58<=O34)*($AB$25:$AB$58<>"x")*($Y$25:$Y$58=P34), 0) ): INDEX($AB$25:$AB$58, MATCH(1, ($Z$25:$Z$58>=O34)*($AB$25:$AB$58<>"x")*($Y$25:$Y$58=P34), 0) ), INDEX($Z$25:$Z$58, MATCH(1, ($Z$25:$Z$58<=O34)*($AB$25:$AB$58<>"x")*($Y$25:$Y$58=P34), 0) ): INDEX($Z$25:$Z$58, MATCH(1, ($Z$25:$Z$58>=O34)*($AB$25:$AB$58<>"x")*($Y$25:$Y$58=P34), 0) ) ),INDEX($AB$25:$AB$58, MATCH( MIN(IF(($AB$25:$AB$58<>"x")*($Y$25:$Y$58=P34),ABS($Z$25:$Z$58-O34))), IF(($AB$25:$AB$58<>"x")*($Y$25:$Y$58=P34),ABS($Z$25:$Z$58-O34)), 0 )))} -> 0.0002 | S34: {=IFERROR( _xlfn.FORECAST.LINEAR( O34, INDEX($AC$25:$AC$58, MATCH(1, ($Z$25:$Z$58<=O34)*($AC$25:$AC$58<>"x")*($Y$25:$Y$58=P34), 0) ): INDEX($AC$25:$AC$58, MATCH(1, ($Z$25:$Z$58>=O34)*($AC$25:$AC$58<>"x")*($Y$25:$Y$58=P34), 0) ), INDEX($Z$25:$Z$58, MATCH(1, ($Z$25:$Z$58<=O34)*($AC$25:$AC$58<>"x")*($Y$25:$Y$58=P34), 0) ): INDEX($Z$25:$Z$58, MATCH(1, ($Z$25:$Z$58>=O34)*($AC$25:$AC$58<>"x")*($Y$25:$Y$58=P34), 0) ) ),INDEX($AC$25:$AC$58, MATCH( MIN(IF(($AC$25:$AC$58<>"x")*($Y$25:$Y$58=P34),ABS($Z$25:$Z$58-O34))), IF(($AC$25:$AC$58<>"x")*($Y$25:$Y$58=P34),ABS($Z$25:$Z$58-O34)), 0 )))} -> 0.0001 | T34: {=IFERROR( _xlfn.FORECAST.LINEAR( O34, INDEX($AD$25:$AD$58, MATCH(1, ($Z$25:$Z$58<=O34)*($AD$25:$AD$58<>"x")*($Y$25:$Y$58=P34), 0) ): INDEX($AD$25:$AD$58, MATCH(1, ($Z$25:$Z$58>=O34)*($AD$25:$AD$58<>"x")*($Y$25:$Y$58=P34), 0) ), INDEX($Z$25:$Z$58, MATCH(1, ($Z$25:$Z$58<=O34)*($AD$25:$AD$58<>"x")*($Y$25:$Y$58=P34), 0) ): INDEX($Z$25:$Z$58, MATCH(1, ($Z$25:$Z$58>=O34)*($AD$25:$AD$58<>"x")*($Y$25:$Y$58=P34), 0) ) ),INDEX($AD$25:$AD$58, MATCH( MIN(IF(($AD$25:$AD$58<>"x")*($Y$25:$Y$58=P34),ABS($Z$25:$Z$58-O34))), IF(($AD$25:$AD$58<>"x")*($Y$25:$Y$58=P34),ABS($Z$25:$Z$58-O34)), 0 )))} -> 0.0007 | U34: =((((ABS(Q34-R34)/(Q$24-R$24))+(ABS(R34-S34)/(R$24-S$24))+(ABS(S34-T34)/(S$24-T$24)))/3)*(((Q$24-R$24)+(R$24-S$24)+(S$24-T$24))/3)) -> 0.00038317344 | V34: =AE51 -> 0.00077 | X34: 3.299999 | Y34: V1 | Z34: 0.33 | AA34: -5.1e-06 | AB34: x | AC34: x | AD34: x | AE34: 3.2e-06
A35: Pembacaan Standar | D35: =C2 -> 60 | E35: =D2 -> mV | H35: 0.1 | O35: =C12 -> 300 | P35: =D12 -> V3 | Q35: {=IFERROR( _xlfn.FORECAST.LINEAR( O35, INDEX($AA$25:$AA$58, MATCH(1, ($Z$25:$Z$58<=O35)*($AA$25:$AA$58<>"x")*($Y$25:$Y$58=P35), 0) ): INDEX($AA$25:$AA$58, MATCH(1, ($Z$25:$Z$58>=O35)*($AA$25:$AA$58<>"x")*($Y$25:$Y$58=P35), 0) ), INDEX($Z$25:$Z$58, MATCH(1, ($Z$25:$Z$58<=O35)*($AA$25:$AA$58<>"x")*($Y$25:$Y$58=P35), 0) ): INDEX($Z$25:$Z$58, MATCH(1, ($Z$25:$Z$58>=O35)*($AA$25:$AA$58<>"x")*($Y$25:$Y$58=P35), 0) ) ),INDEX($AA$25:$AA$58, MATCH( MIN(IF(($AA$25:$AA$58<>"x")*($Y$25:$Y$58=P35),ABS($Z$25:$Z$58-O35))), IF(($AA$25:$AA$58<>"x")*($Y$25:$Y$58=P35),ABS($Z$25:$Z$58-O35)), 0 )))} -> 0.00023796148 | R35: {=IFERROR( _xlfn.FORECAST.LINEAR( O35, INDEX($AB$25:$AB$58, MATCH(1, ($Z$25:$Z$58<=O35)*($AB$25:$AB$58<>"x")*($Y$25:$Y$58=P35), 0) ): INDEX($AB$25:$AB$58, MATCH(1, ($Z$25:$Z$58>=O35)*($AB$25:$AB$58<>"x")*($Y$25:$Y$58=P35), 0) ), INDEX($Z$25:$Z$58, MATCH(1, ($Z$25:$Z$58<=O35)*($AB$25:$AB$58<>"x")*($Y$25:$Y$58=P35), 0) ): INDEX($Z$25:$Z$58, MATCH(1, ($Z$25:$Z$58>=O35)*($AB$25:$AB$58<>"x")*($Y$25:$Y$58=P35), 0) ) ),INDEX($AB$25:$AB$58, MATCH( MIN(IF(($AB$25:$AB$58<>"x")*($Y$25:$Y$58=P35),ABS($Z$25:$Z$58-O35))), IF(($AB$25:$AB$58<>"x")*($Y$25:$Y$58=P35),ABS($Z$25:$Z$58-O35)), 0 )))} -> 0.0003 | S35: {=IFERROR( _xlfn.FORECAST.LINEAR( O35, INDEX($AC$25:$AC$58, MATCH(1, ($Z$25:$Z$58<=O35)*($AC$25:$AC$58<>"x")*($Y$25:$Y$58=P35), 0) ): INDEX($AC$25:$AC$58, MATCH(1, ($Z$25:$Z$58>=O35)*($AC$25:$AC$58<>"x")*($Y$25:$Y$58=P35), 0) ), INDEX($Z$25:$Z$58, MATCH(1, ($Z$25:$Z$58<=O35)*($AC$25:$AC$58<>"x")*($Y$25:$Y$58=P35), 0) ): INDEX($Z$25:$Z$58, MATCH(1, ($Z$25:$Z$58>=O35)*($AC$25:$AC$58<>"x")*($Y$25:$Y$58=P35), 0) ) ),INDEX($AC$25:$AC$58, MATCH( MIN(IF(($AC$25:$AC$58<>"x")*($Y$25:$Y$58=P35),ABS($Z$25:$Z$58-O35))), IF(($AC$25:$AC$58<>"x")*($Y$25:$Y$58=P35),ABS($Z$25:$Z$58-O35)), 0 )))} -> 0.0002 | T35: {=IFERROR( _xlfn.FORECAST.LINEAR( O35, INDEX($AD$25:$AD$58, MATCH(1, ($Z$25:$Z$58<=O35)*($AD$25:$AD$58<>"x")*($Y$25:$Y$58=P35), 0) ): INDEX($AD$25:$AD$58, MATCH(1, ($Z$25:$Z$58>=O35)*($AD$25:$AD$58<>"x")*($Y$25:$Y$58=P35), 0) ), INDEX($Z$25:$Z$58, MATCH(1, ($Z$25:$Z$58<=O35)*($AD$25:$AD$58<>"x")*($Y$25:$Y$58=P35), 0) ): INDEX($Z$25:$Z$58, MATCH(1, ($Z$25:$Z$58>=O35)*($AD$25:$AD$58<>"x")*($Y$25:$Y$58=P35), 0) ) ),INDEX($AD$25:$AD$58, MATCH( MIN(IF(($AD$25:$AD$58<>"x")*($Y$25:$Y$58=P35),ABS($Z$25:$Z$58-O35))), IF(($AD$25:$AD$58<>"x")*($Y$25:$Y$58=P35),ABS($Z$25:$Z$58-O35)), 0 )))} -> 0.0013 | U35: =((((ABS(Q35-R35)/(Q$24-R$24))+(ABS(R35-S35)/(R$24-S$24))+(ABS(S35-T35)/(S$24-T$24)))/3)*(((Q$24-R$24)+(R$24-S$24)+(S$24-T$24))/3)) -> 0.00052467481 | V35: =AE54 -> 0.0038 | Y35: V1 | Z35: 1 | AA35: -1.14e-05 | AB35: -9e-06 | AC35: -1.4e-05 | AD35: -6e-06 | AE35: 5.6e-06
A36: Komponen | B36: Simbol | C36: Tipe | D36: Satuan | E36: Distribusi | F36: U | G36: Pembagi | H36: vi | I36: Ui | J36: Ci | K36: Ui.Ci | L36: (Ui.Ci)2 | M36: (Ui.Ci)4/ vi | O36: =C13 -> 540 | P36: =D13 -> V4 | Q36: {=IFERROR( _xlfn.FORECAST.LINEAR( O36, INDEX($AA$25:$AA$58, MATCH(1, ($Z$25:$Z$58<=O36)*($AA$25:$AA$58<>"x")*($Y$25:$Y$58=P36), 0) ): INDEX($AA$25:$AA$58, MATCH(1, ($Z$25:$Z$58>=O36)*($AA$25:$AA$58<>"x")*($Y$25:$Y$58=P36), 0) ), INDEX($Z$25:$Z$58, MATCH(1, ($Z$25:$Z$58<=O36)*($AA$25:$AA$58<>"x")*($Y$25:$Y$58=P36), 0) ): INDEX($Z$25:$Z$58, MATCH(1, ($Z$25:$Z$58>=O36)*($AA$25:$AA$58<>"x")*($Y$25:$Y$58=P36), 0) ) ),INDEX($AA$25:$AA$58, MATCH( MIN(IF(($AA$25:$AA$58<>"x")*($Y$25:$Y$58=P36),ABS($Z$25:$Z$58-O36))), IF(($AA$25:$AA$58<>"x")*($Y$25:$Y$58=P36),ABS($Z$25:$Z$58-O36)), 0 )))} -> -0.0037769865 | R36: {=IFERROR( _xlfn.FORECAST.LINEAR( O36, INDEX($AB$25:$AB$58, MATCH(1, ($Z$25:$Z$58<=O36)*($AB$25:$AB$58<>"x")*($Y$25:$Y$58=P36), 0) ): INDEX($AB$25:$AB$58, MATCH(1, ($Z$25:$Z$58>=O36)*($AB$25:$AB$58<>"x")*($Y$25:$Y$58=P36), 0) ), INDEX($Z$25:$Z$58, MATCH(1, ($Z$25:$Z$58<=O36)*($AB$25:$AB$58<>"x")*($Y$25:$Y$58=P36), 0) ): INDEX($Z$25:$Z$58, MATCH(1, ($Z$25:$Z$58>=O36)*($AB$25:$AB$58<>"x")*($Y$25:$Y$58=P36), 0) ) ),INDEX($AB$25:$AB$58, MATCH( MIN(IF(($AB$25:$AB$58<>"x")*($Y$25:$Y$58=P36),ABS($Z$25:$Z$58-O36))), IF(($AB$25:$AB$58<>"x")*($Y$25:$Y$58=P36),ABS($Z$25:$Z$58-O36)), 0 )))} -> -0.00222 | S36: {=IFERROR( _xlfn.FORECAST.LINEAR( O36, INDEX($AC$25:$AC$58, MATCH(1, ($Z$25:$Z$58<=O36)*($AC$25:$AC$58<>"x")*($Y$25:$Y$58=P36), 0) ): INDEX($AC$25:$AC$58, MATCH(1, ($Z$25:$Z$58>=O36)*($AC$25:$AC$58<>"x")*($Y$25:$Y$58=P36), 0) ), INDEX($Z$25:$Z$58, MATCH(1, ($Z$25:$Z$58<=O36)*($AC$25:$AC$58<>"x")*($Y$25:$Y$58=P36), 0) ): INDEX($Z$25:$Z$58, MATCH(1, ($Z$25:$Z$58>=O36)*($AC$25:$AC$58<>"x")*($Y$25:$Y$58=P36), 0) ) ),INDEX($AC$25:$AC$58, MATCH( MIN(IF(($AC$25:$AC$58<>"x")*($Y$25:$Y$58=P36),ABS($Z$25:$Z$58-O36))), IF(($AC$25:$AC$58<>"x")*($Y$25:$Y$58=P36),ABS($Z$25:$Z$58-O36)), 0 )))} -> -0.0036866667 | T36: {=IFERROR( _xlfn.FORECAST.LINEAR( O36, INDEX($AD$25:$AD$58, MATCH(1, ($Z$25:$Z$58<=O36)*($AD$25:$AD$58<>"x")*($Y$25:$Y$58=P36), 0) ): INDEX($AD$25:$AD$58, MATCH(1, ($Z$25:$Z$58>=O36)*($AD$25:$AD$58<>"x")*($Y$25:$Y$58=P36), 0) ), INDEX($Z$25:$Z$58, MATCH(1, ($Z$25:$Z$58<=O36)*($AD$25:$AD$58<>"x")*($Y$25:$Y$58=P36), 0) ): INDEX($Z$25:$Z$58, MATCH(1, ($Z$25:$Z$58>=O36)*($AD$25:$AD$58<>"x")*($Y$25:$Y$58=P36), 0) ) ),INDEX($AD$25:$AD$58, MATCH( MIN(IF(($AD$25:$AD$58<>"x")*($Y$25:$Y$58=P36),ABS($Z$25:$Z$58-O36))), IF(($AD$25:$AD$58<>"x")*($Y$25:$Y$58=P36),ABS($Z$25:$Z$58-O36)), 0 )))} -> 0.00144 | U36: =((((ABS(Q36-R36)/(Q$24-R$24))+(ABS(R36-S36)/(R$24-S$24))+(ABS(S36-T36)/(S$24-T$24)))/3)*(((Q$24-R$24)+(R$24-S$24)+(S$24-T$24))/3)) -> 0.0031218432 | V36: =AE57 -> 0.0064 | Y36: V1 | Z36: 1.8 | AA36: -1.66e-05 | AB36: -1.3e-05 | AC36: -1.7e-05 | AD36: -3e-06 | AE36: 9.3e-06
A37: Repeatability | B37: u(Vu1) | C37: A | D37: =E35 -> mV | E37: T-Std | F37: =STDEV(Data!E28:N28)/SQRT(5) -> 0 | G37: 1 | H37: =5-1 -> 4 | I37: =(F37)/G37 -> 0 | J37: 1 | K37: =I37*J37 -> 0 | L37: =K37^2 -> 0 | M37: =(K37^4)/H37 -> 0 | O37: =C14 -> 100 | P37: =D14 -> V3 | Q37: {=IFERROR( _xlfn.FORECAST.LINEAR( O37, INDEX($AA$25:$AA$58, MATCH(1, ($Z$25:$Z$58<=O37)*($AA$25:$AA$58<>"x")*($Y$25:$Y$58=P37), 0) ): INDEX($AA$25:$AA$58, MATCH(1, ($Z$25:$Z$58>=O37)*($AA$25:$AA$58<>"x")*($Y$25:$Y$58=P37), 0) ), INDEX($Z$25:$Z$58, MATCH(1, ($Z$25:$Z$58<=O37)*($AA$25:$AA$58<>"x")*($Y$25:$Y$58=P37), 0) ): INDEX($Z$25:$Z$58, MATCH(1, ($Z$25:$Z$58>=O37)*($AA$25:$AA$58<>"x")*($Y$25:$Y$58=P37), 0) ) ),INDEX($AA$25:$AA$58, MATCH( MIN(IF(($AA$25:$AA$58<>"x")*($Y$25:$Y$58=P37),ABS($Z$25:$Z$58-O37))), IF(($AA$25:$AA$58<>"x")*($Y$25:$Y$58=P37),ABS($Z$25:$Z$58-O37)), 0 )))} -> -6e-05 | R37: {=IFERROR( _xlfn.FORECAST.LINEAR( O37, INDEX($AB$25:$AB$58, MATCH(1, ($Z$25:$Z$58<=O37)*($AB$25:$AB$58<>"x")*($Y$25:$Y$58=P37), 0) ): INDEX($AB$25:$AB$58, MATCH(1, ($Z$25:$Z$58>=O37)*($AB$25:$AB$58<>"x")*($Y$25:$Y$58=P37), 0) ), INDEX($Z$25:$Z$58, MATCH(1, ($Z$25:$Z$58<=O37)*($AB$25:$AB$58<>"x")*($Y$25:$Y$58=P37), 0) ): INDEX($Z$25:$Z$58, MATCH(1, ($Z$25:$Z$58>=O37)*($AB$25:$AB$58<>"x")*($Y$25:$Y$58=P37), 0) ) ),INDEX($AB$25:$AB$58, MATCH( MIN(IF(($AB$25:$AB$58<>"x")*($Y$25:$Y$58=P37),ABS($Z$25:$Z$58-O37))), IF(($AB$25:$AB$58<>"x")*($Y$25:$Y$58=P37),ABS($Z$25:$Z$58-O37)), 0 )))} -> 0.0002 | S37: {=IFERROR( _xlfn.FORECAST.LINEAR( O37, INDEX($AC$25:$AC$58, MATCH(1, ($Z$25:$Z$58<=O37)*($AC$25:$AC$58<>"x")*($Y$25:$Y$58=P37), 0) ): INDEX($AC$25:$AC$58, MATCH(1, ($Z$25:$Z$58>=O37)*($AC$25:$AC$58<>"x")*($Y$25:$Y$58=P37), 0) ), INDEX($Z$25:$Z$58, MATCH(1, ($Z$25:$Z$58<=O37)*($AC$25:$AC$58<>"x")*($Y$25:$Y$58=P37), 0) ): INDEX($Z$25:$Z$58, MATCH(1, ($Z$25:$Z$58>=O37)*($AC$25:$AC$58<>"x")*($Y$25:$Y$58=P37), 0) ) ),INDEX($AC$25:$AC$58, MATCH( MIN(IF(($AC$25:$AC$58<>"x")*($Y$25:$Y$58=P37),ABS($Z$25:$Z$58-O37))), IF(($AC$25:$AC$58<>"x")*($Y$25:$Y$58=P37),ABS($Z$25:$Z$58-O37)), 0 )))} -> 0.0001 | T37: {=IFERROR( _xlfn.FORECAST.LINEAR( O37, INDEX($AD$25:$AD$58, MATCH(1, ($Z$25:$Z$58<=O37)*($AD$25:$AD$58<>"x")*($Y$25:$Y$58=P37), 0) ): INDEX($AD$25:$AD$58, MATCH(1, ($Z$25:$Z$58>=O37)*($AD$25:$AD$58<>"x")*($Y$25:$Y$58=P37), 0) ), INDEX($Z$25:$Z$58, MATCH(1, ($Z$25:$Z$58<=O37)*($AD$25:$AD$58<>"x")*($Y$25:$Y$58=P37), 0) ): INDEX($Z$25:$Z$58, MATCH(1, ($Z$25:$Z$58>=O37)*($AD$25:$AD$58<>"x")*($Y$25:$Y$58=P37), 0) ) ),INDEX($AD$25:$AD$58, MATCH( MIN(IF(($AD$25:$AD$58<>"x")*($Y$25:$Y$58=P37),ABS($Z$25:$Z$58-O37))), IF(($AD$25:$AD$58<>"x")*($Y$25:$Y$58=P37),ABS($Z$25:$Z$58-O37)), 0 )))} -> 0.0007 | U37: =((((ABS(Q37-R37)/(Q$24-R$24))+(ABS(R37-S37)/(R$24-S$24))+(ABS(S37-T37)/(S$24-T$24)))/3)*(((Q$24-R$24)+(R$24-S$24)+(S$24-T$24))/3)) -> 0.00036584527 | V37: =AE51 -> 0.00077 | Y37: V1 | Z37: 2 | AA37: -1.4e-05 | AB37: -1.5e-05 | AC37: -2.1e-05 | AD37: -4e-06 | AE37: 1.6e-05
A38: Readability | B38: u(Vu2) | C38: B | D38: =D37 -> mV | E38: Rect. | F38: =H35/2 -> 0.05 | G38: =SQRT(3) -> 1.7320508 | H38: 50 | I38: =(F38)/G38 -> 0.028867513 | J38: 1 | K38: =I38*J38 -> 0.028867513 | L38: =K38^2 -> 0.00083333333 | M38: =(K38^4)/H38 -> 1.3888889e-08 | O38: =C15 -> 500 | P38: =D15 -> V4 | Q38: {=IFERROR( _xlfn.FORECAST.LINEAR( O38, INDEX($AA$25:$AA$58, MATCH(1, ($Z$25:$Z$58<=O38)*($AA$25:$AA$58<>"x")*($Y$25:$Y$58=P38), 0) ): INDEX($AA$25:$AA$58, MATCH(1, ($Z$25:$Z$58>=O38)*($AA$25:$AA$58<>"x")*($Y$25:$Y$58=P38), 0) ), INDEX($Z$25:$Z$58, MATCH(1, ($Z$25:$Z$58<=O38)*($AA$25:$AA$58<>"x")*($Y$25:$Y$58=P38), 0) ): INDEX($Z$25:$Z$58, MATCH(1, ($Z$25:$Z$58>=O38)*($AA$25:$AA$58<>"x")*($Y$25:$Y$58=P38), 0) ) ),INDEX($AA$25:$AA$58, MATCH( MIN(IF(($AA$25:$AA$58<>"x")*($Y$25:$Y$58=P38),ABS($Z$25:$Z$58-O38))), IF(($AA$25:$AA$58<>"x")*($Y$25:$Y$58=P38),ABS($Z$25:$Z$58-O38)), 0 )))} -> -0.0037 | R38: {=IFERROR( _xlfn.FORECAST.LINEAR( O38, INDEX($AB$25:$AB$58, MATCH(1, ($Z$25:$Z$58<=O38)*($AB$25:$AB$58<>"x")*($Y$25:$Y$58=P38), 0) ): INDEX($AB$25:$AB$58, MATCH(1, ($Z$25:$Z$58>=O38)*($AB$25:$AB$58<>"x")*($Y$25:$Y$58=P38), 0) ), INDEX($Z$25:$Z$58, MATCH(1, ($Z$25:$Z$58<=O38)*($AB$25:$AB$58<>"x")*($Y$25:$Y$58=P38), 0) ): INDEX($Z$25:$Z$58, MATCH(1, ($Z$25:$Z$58>=O38)*($AB$25:$AB$58<>"x")*($Y$25:$Y$58=P38), 0) ) ),INDEX($AB$25:$AB$58, MATCH( MIN(IF(($AB$25:$AB$58<>"x")*($Y$25:$Y$58=P38),ABS($Z$25:$Z$58-O38))), IF(($AB$25:$AB$58<>"x")*($Y$25:$Y$58=P38),ABS($Z$25:$Z$58-O38)), 0 )))} -> -0.0021 | S38: {=IFERROR( _xlfn.FORECAST.LINEAR( O38, INDEX($AC$25:$AC$58, MATCH(1, ($Z$25:$Z$58<=O38)*($AC$25:$AC$58<>"x")*($Y$25:$Y$58=P38), 0) ): INDEX($AC$25:$AC$58, MATCH(1, ($Z$25:$Z$58>=O38)*($AC$25:$AC$58<>"x")*($Y$25:$Y$58=P38), 0) ), INDEX($Z$25:$Z$58, MATCH(1, ($Z$25:$Z$58<=O38)*($AC$25:$AC$58<>"x")*($Y$25:$Y$58=P38), 0) ): INDEX($Z$25:$Z$58, MATCH(1, ($Z$25:$Z$58>=O38)*($AC$25:$AC$58<>"x")*($Y$25:$Y$58=P38), 0) ) ),INDEX($AC$25:$AC$58, MATCH( MIN(IF(($AC$25:$AC$58<>"x")*($Y$25:$Y$58=P38),ABS($Z$25:$Z$58-O38))), IF(($AC$25:$AC$58<>"x")*($Y$25:$Y$58=P38),ABS($Z$25:$Z$58-O38)), 0 )))} -> -0.0041 | T38: {=IFERROR( _xlfn.FORECAST.LINEAR( O38, INDEX($AD$25:$AD$58, MATCH(1, ($Z$25:$Z$58<=O38)*($AD$25:$AD$58<>"x")*($Y$25:$Y$58=P38), 0) ): INDEX($AD$25:$AD$58, MATCH(1, ($Z$25:$Z$58>=O38)*($AD$25:$AD$58<>"x")*($Y$25:$Y$58=P38), 0) ), INDEX($Z$25:$Z$58, MATCH(1, ($Z$25:$Z$58<=O38)*($AD$25:$AD$58<>"x")*($Y$25:$Y$58=P38), 0) ): INDEX($Z$25:$Z$58, MATCH(1, ($Z$25:$Z$58>=O38)*($AD$25:$AD$58<>"x")*($Y$25:$Y$58=P38), 0) ) ),INDEX($AD$25:$AD$58, MATCH( MIN(IF(($AD$25:$AD$58<>"x")*($Y$25:$Y$58=P38),ABS($Z$25:$Z$58-O38))), IF(($AD$25:$AD$58<>"x")*($Y$25:$Y$58=P38),ABS($Z$25:$Z$58-O38)), 0 )))} -> 0.0012 | U38: =((((ABS(Q38-R38)/(Q$24-R$24))+(ABS(R38-S38)/(R$24-S$24))+(ABS(S38-T38)/(S$24-T$24)))/3)*(((Q$24-R$24)+(R$24-S$24)+(S$24-T$24))/3)) -> 0.0033737684 | V38: =AE56 -> 0.0043 | Y38: V1 | Z38: 2.969999 | AA38: x | AB38: -1.3e-05 | AC38: x | AD38: x
A39: Standar | B39: u(Vs) | C39: B | D39: =D37 -> mV | E39: Normal | F39: =V25 -> 0.00077 | G39: 2 | H39: 60 | I39: =(F39)/G39 -> 0.000385 | J39: 1 | K39: =I39*J39 -> 0.000385 | L39: =K39^2 -> 1.48225e-07 | M39: =(K39^4)/H39 -> 3.6617751e-16 | O39: =C16 -> 900 | P39: =D16 -> V4 | Q39: {=IFERROR( _xlfn.FORECAST.LINEAR( O39, INDEX($AA$25:$AA$58, MATCH(1, ($Z$25:$Z$58<=O39)*($AA$25:$AA$58<>"x")*($Y$25:$Y$58=P39), 0) ): INDEX($AA$25:$AA$58, MATCH(1, ($Z$25:$Z$58>=O39)*($AA$25:$AA$58<>"x")*($Y$25:$Y$58=P39), 0) ), INDEX($Z$25:$Z$58, MATCH(1, ($Z$25:$Z$58<=O39)*($AA$25:$AA$58<>"x")*($Y$25:$Y$58=P39), 0) ): INDEX($Z$25:$Z$58, MATCH(1, ($Z$25:$Z$58>=O39)*($AA$25:$AA$58<>"x")*($Y$25:$Y$58=P39), 0) ) ),INDEX($AA$25:$AA$58, MATCH( MIN(IF(($AA$25:$AA$58<>"x")*($Y$25:$Y$58=P39),ABS($Z$25:$Z$58-O39))), IF(($AA$25:$AA$58<>"x")*($Y$25:$Y$58=P39),ABS($Z$25:$Z$58-O39)), 0 )))} -> -0.0053959766 | R39: {=IFERROR( _xlfn.FORECAST.LINEAR( O39, INDEX($AB$25:$AB$58, MATCH(1, ($Z$25:$Z$58<=O39)*($AB$25:$AB$58<>"x")*($Y$25:$Y$58=P39), 0) ): INDEX($AB$25:$AB$58, MATCH(1, ($Z$25:$Z$58>=O39)*($AB$25:$AB$58<>"x")*($Y$25:$Y$58=P39), 0) ), INDEX($Z$25:$Z$58, MATCH(1, ($Z$25:$Z$58<=O39)*($AB$25:$AB$58<>"x")*($Y$25:$Y$58=P39), 0) ): INDEX($Z$25:$Z$58, MATCH(1, ($Z$25:$Z$58>=O39)*($AB$25:$AB$58<>"x")*($Y$25:$Y$58=P39), 0) ) ),INDEX($AB$25:$AB$58, MATCH( MIN(IF(($AB$25:$AB$58<>"x")*($Y$25:$Y$58=P39),ABS($Z$25:$Z$58-O39))), IF(($AB$25:$AB$58<>"x")*($Y$25:$Y$58=P39),ABS($Z$25:$Z$58-O39)), 0 )))} -> -0.0029526316 | S39: {=IFERROR( _xlfn.FORECAST.LINEAR( O39, INDEX($AC$25:$AC$58, MATCH(1, ($Z$25:$Z$58<=O39)*($AC$25:$AC$58<>"x")*($Y$25:$Y$58=P39), 0) ): INDEX($AC$25:$AC$58, MATCH(1, ($Z$25:$Z$58>=O39)*($AC$25:$AC$58<>"x")*($Y$25:$Y$58=P39), 0) ), INDEX($Z$25:$Z$58, MATCH(1, ($Z$25:$Z$58<=O39)*($AC$25:$AC$58<>"x")*($Y$25:$Y$58=P39), 0) ): INDEX($Z$25:$Z$58, MATCH(1, ($Z$25:$Z$58>=O39)*($AC$25:$AC$58<>"x")*($Y$25:$Y$58=P39), 0) ) ),INDEX($AC$25:$AC$58, MATCH( MIN(IF(($AC$25:$AC$58<>"x")*($Y$25:$Y$58=P39),ABS($Z$25:$Z$58-O39))), IF(($AC$25:$AC$58<>"x")*($Y$25:$Y$58=P39),ABS($Z$25:$Z$58-O39)), 0 )))} -> -0.0017421053 | T39: {=IFERROR( _xlfn.FORECAST.LINEAR( O39, INDEX($AD$25:$AD$58, MATCH(1, ($Z$25:$Z$58<=O39)*($AD$25:$AD$58<>"x")*($Y$25:$Y$58=P39), 0) ): INDEX($AD$25:$AD$58, MATCH(1, ($Z$25:$Z$58>=O39)*($AD$25:$AD$58<>"x")*($Y$25:$Y$58=P39), 0) ), INDEX($Z$25:$Z$58, MATCH(1, ($Z$25:$Z$58<=O39)*($AD$25:$AD$58<>"x")*($Y$25:$Y$58=P39), 0) ): INDEX($Z$25:$Z$58, MATCH(1, ($Z$25:$Z$58>=O39)*($AD$25:$AD$58<>"x")*($Y$25:$Y$58=P39), 0) ) ),INDEX($AD$25:$AD$58, MATCH( MIN(IF(($AD$25:$AD$58<>"x")*($Y$25:$Y$58=P39),ABS($Z$25:$Z$58-O39))), IF(($AD$25:$AD$58<>"x")*($Y$25:$Y$58=P39),ABS($Z$25:$Z$58-O39)), 0 )))} -> 0.0040631579 | U39: =((((ABS(Q39-R39)/(Q$24-R$24))+(ABS(R39-S39)/(R$24-S$24))+(ABS(S39-T39)/(S$24-T$24)))/3)*(((Q$24-R$24)+(R$24-S$24)+(S$24-T$24))/3)) -> 0.0035936648 | V39: =AE58 -> 0.0078 | Y39: V1 | Z39: 3.2 | AA39: -2e-05 | AB39: x | AC39: x | AD39: x | AE39: 2.7e-05
A40: Drift Standar | B40: u(Vd) | C40: B | D40: =D37 -> mV | E40: Rect. | F40: =U25 -> 0.0019736269 | G40: =SQRT(3) -> 1.7320508 | H40: 50 | I40: =(F40)/G40 -> 0.0011394741 | J40: 1 | K40: =I40*J40 -> 0.0011394741 | L40: =K40^2 -> 1.2984011e-06 | M40: =(K40^4)/H40 -> 3.3716909e-14 | X40: 32.99999 | Y40: V2 | Z40: 3.3 | AA40: -3.8e-05 | AB40: x | AC40: x | AD40: x | AE40: 2.7e-05
A41: EMF thermal | B41: u(Vemf) | C41: B | D41: =D37 -> mV | E41: Rect. | F41: =IF(MAX(Data!B28:B30,Data!B32:B34)>ABS(-2.80899999999251E-06)*1000,MAX(Data!B28:B30,Data!B32:B34),ABS(-2.80899999999251E-06)*1000) -> 0.002809 | G41: =SQRT(3) -> 1.7320508 | H41: 50 | I41: =(F41)/G41 -> 0.0016217769 | J41: 1 | K41: =I41*J41 -> 0.0016217769 | L41: =K41^2 -> 2.6301603e-06 | M41: =(K41^4)/H41 -> 1.3835487e-13 | Y41: V2 | Z41: 4 | AA41: -4.4e-05 | AB41: -2.9e-05 | AC41: -4.6e-05 | AD41: -2e-05 | AE41: 2.8e-05
Y42: V2 | Z42: 6 | AA42: -5.4e-05 | AB42: -3.4e-05 | AC42: -5.5e-05 | AD42: -1e-05 | AE42: 4e-05
A43: Jumlah | K43: =SUM(L37:L42) -> 0.00083741012 | M43: =SUM(M37:M42) -> 1.3889061e-08 | Y43: V2 | Z43: 8 | AA43: -6.4e-05 | AB43: -3.8e-05 | AC43: -6.6e-05 | AD43: -2.5e-05 | AE43: 4.4e-05
A44: Ketidakpastian Baku Gabungan, uc | K44: =SQRT(K43) -> 0.028938039 | Y44: V2 | Z44: 10 | AA44: -7.1e-05 | AB44: -4e-05 | AC44: -5.4e-05 | AD44: -1.8e-05 | AE44: 5.4e-05
A45: Derajat Kebebasan Efektif, v eff | K45: =(K44^4)/M43 -> 50.489784 | Y45: V2 | Z45: 14 | AA45: -8.4e-05 | AB45: -5e-05 | AC45: -7e-05 | AD45: x | AE45: 8.3e-05
A46: Faktor Cakupan, k-student's for veff and CL 95 % | K46: =1.95996+2.37356/K45+2.818745/K45^2+2.546662/K45^3+1.761829/K45^4+0.245458/K45^5+1.000764/K45^6 -> 2.0080965 | L46: 2 | Y46: V2 | Z46: 18 | AA46: -8.9e-05 | AB46: -4e-05 | AC46: -7e-05 | AD46: 1e-05 | AE46: 9.2e-05
A47: Ketidakpastian Bentangan, U = k . Uc | K47: =K46*K44 -> 0.058110375 | L47: =L46*K44 -> 0.057876079 | Y47: V2 | Z47: 20 | AA47: -5e-05 | AB47: -6e-05 | AC47: -5e-05 | AD47: 4e-05 | AE47: 0.00021
Y48: V2 | Z48: 29.69999 | AA48: x | AB48: -4e-05 | AC48: x | AD48: x
A49: Rentang ukur | D49: =A2 -> 600 | E49: =B2 -> mV | M49: =M$34 -> DC Voltage-Measure | Y49: V2 | Z49: 32 | AA49: -5e-05 | AB49: x | AC49: x | AD49: x | AE49: 0.00038
A50: Pembacaan Standar | D50: =C3 -> 300 | E50: =D3 -> mV | H50: 0.1 | X50: 329.9999 | Y50: V3 | Z50: 33 | AA50: -0.00016 | AB50: x | AC50: x | AD50: x | AE50: 0.00038
A51: Komponen | B51: Simbol | C51: Tipe | D51: Satuan | E51: Distribusi | F51: U | G51: Pembagi | H51: vi | I51: Ui | J51: Ci | K51: Ui.Ci | L51: (Ui.Ci)2 | M51: (Ui.Ci)4/ vi | Y51: V3 | Z51: 100 | AA51: -6e-05 | AB51: 0.0002 | AC51: 0.0001 | AD51: 0.0007 | AE51: 0.00077
A52: Repeatability | B52: u(Vu1) | C52: A | D52: =E50 -> mV | E52: T-Std | F52: =STDEV(Data!E29:N29)/SQRT(5) -> 0 | G52: 1 | H52: =5-1 -> 4 | I52: =(F52)/G52 -> 0 | J52: 1 | K52: =I52*J52 -> 0 | L52: =K52^2 -> 0 | M52: =(K52^4)/H52 -> 0 | Y52: V3 | Z52: 180 | AA52: 0 | AB52: 0.0006 | AC52: 0.0002 | AD52: 0.0013 | AE52: 0.0013
A53: Readability | B53: u(Vu2) | C53: B | D53: =D52 -> mV | E53: Rect. | F53: =H50/2 -> 0.05 | G53: =SQRT(3) -> 1.7320508 | H53: 50 | I53: =(F53)/G53 -> 0.028867513 | J53: 1 | K53: =I53*J53 -> 0.028867513 | L53: =K53^2 -> 0.00083333333 | M53: =(K53^4)/H53 -> 1.3888889e-08 | Y53: V3 | Z53: 296.9999 | AA53: x | AB53: 0.0003 | AC53: x | AD53: x
A54: Standar | B54: u(Vs) | C54: B | D54: =D52 -> mV | E54: Normal | F54: =V26 -> 0.0032 | G54: 2 | H54: 60 | I54: =(F54)/G54 -> 0.0016 | J54: 1 | K54: =I54*J54 -> 0.0016 | L54: =K54^2 -> 2.56e-06 | M54: =(K54^4)/H54 -> 1.0922667e-13 | Y54: V3 | Z54: 325 | AA54: 0.0003 | AB54: x | AC54: x | AD54: x | AE54: 0.0038
A55: Drift Standar | B55: u(Vd) | C55: B | D55: =D52 -> mV | E55: Rect. | F55: =U26 -> 0.0080090793 | G55: =SQRT(3) -> 1.7320508 | H55: 50 | I55: =(F55)/G55 -> 0.0046240441 | J55: 1 | K55: =I55*J55 -> 0.0046240441 | L55: =K55^2 -> 2.1381784e-05 | M55: =(K55^4)/H55 -> 9.1436134e-12 | X55: 1020 | Y55: V4 | Z55: 330 | AA55: -0.0022 | AB55: x | AC55: x | AD55: x | AE55: 0.0038
A56: EMF thermal | B56: u(Vemf) | C56: B | D56: =D52 -> mV | E56: Rect. | F56: =$F$41 -> 0.002809 | G56: =SQRT(3) -> 1.7320508 | H56: 50 | I56: =(F56)/G56 -> 0.0016217769 | J56: 1 | K56: =I56*J56 -> 0.0016217769 | L56: =K56^2 -> 2.6301603e-06 | M56: =(K56^4)/H56 -> 1.3835487e-13 | Y56: V4 | Z56: 500 | AA56: -0.0037 | AB56: -0.0021 | AC56: -0.0041 | AD56: 0.0012 | AE56: 0.0043
Y57: V4 | Z57: 800 | AA57: -0.0055 | AB57: -0.003 | AC57: -0.001 | AD57: 0.003 | AE57: 0.0064
A58: Jumlah | K58: =SUM(L52:L57) -> 0.00085990528 | M58: =SUM(M52:M57) -> 1.389828e-08 | Y58: V4 | Z58: 1000 | AA58: -0.0054 | AB58: -0.003 | AC58: -0.002 | AD58: 0.005 | AE58: 0.0078
A59: Ketidakpastian Baku Gabungan, uc | K59: =SQRT(K58) -> 0.029324142
A60: Derajat Kebebasan Efektif, v eff | K60: =(K59^4)/M58 -> 53.203496
A61: Faktor Cakupan, k-student's for veff and CL 95 % | K61: =1.95996+2.37356/K60+2.818745/K60^2+2.546662/K60^3+1.761829/K60^4+0.245458/K60^5+1.000764/K60^6 -> 2.0055858 | L61: 2
A62: Ketidakpastian Bentangan, U = k . Uc | K62: =K61*K59 -> 0.058812082 | L62: =L61*K59 -> 0.058648283
A64: Rentang ukur | D64: =A2 -> 600 | E64: =B2 -> mV | M64: =M$34 -> DC Voltage-Measure
A65: Pembacaan Standar | D65: =C4 -> 0.54 | E65: =D4 -> V1 | F65: =F4 -> 539.9 | G65: =G4 -> mV | H65: 0.1
A66: Komponen | B66: Simbol | C66: Tipe | D66: Satuan | E66: Distribusi | F66: U | G66: Pembagi | H66: vi | I66: Ui | J66: Ci | K66: Ui.Ci | L66: (Ui.Ci)2 | M66: (Ui.Ci)4/ vi
A67: Repeatability | B67: u(Vu1) | C67: A | D67: =G65 -> mV | E67: T-Std | F67: =STDEV(Data!E30:N30)/SQRT(5) -> 0 | G67: 1 | H67: =5-1 -> 4 | I67: =(F67)/G67 -> 0 | J67: 1 | K67: =I67*J67 -> 0 | L67: =K67^2 -> 0 | M67: =(K67^4)/H67 -> 0
A68: Readability | B68: u(Vu2) | C68: B | D68: =D67 -> mV | E68: Rect. | F68: =H65/2 -> 0.05 | G68: =SQRT(3) -> 1.7320508 | H68: 50 | I68: =(F68)/G68 -> 0.028867513 | J68: 1 | K68: =I68*J68 -> 0.028867513 | L68: =K68^2 -> 0.00083333333 | M68: =(K68^4)/H68 -> 1.3888889e-08
A69: Standar | B69: u(Vs) | C69: B | D69: =D67 -> mV | E69: Normal | F69: =V27*10^3 -> 0.0056 | G69: 2 | H69: 60 | I69: =(F69)/G69 -> 0.0028 | J69: 1 | K69: =I69*J69 -> 0.0028 | L69: =K69^2 -> 7.84e-06 | M69: =(K69^4)/H69 -> 1.0244267e-12
A70: Drift Standar | B70: u(Vd) | C70: B | D70: =D67 -> mV | E70: Rect. | F70: =U27*10^3 -> 0.0055612515 | G70: =SQRT(3) -> 1.7320508 | H70: 50 | I70: =(F70)/G70 -> 0.00321079 | J70: 1 | K70: =I70*J70 -> 0.00321079 | L70: =K70^2 -> 1.0309173e-05 | M70: =(K70^4)/H70 -> 2.1255809e-12
A71: EMF thermal | B71: u(Vemf) | C71: B | D71: =D67 -> mV | E71: Rect. | F71: =$F$41 -> 0.002809 | G71: =SQRT(3) -> 1.7320508 | H71: 50 | I71: =(F71)/G71 -> 0.0016217769 | J71: 1 | K71: =I71*J71 -> 0.0016217769 | L71: =K71^2 -> 2.6301603e-06 | M71: =(K71^4)/H71 -> 1.3835487e-13
A73: Jumlah | K73: =SUM(L67:L72) -> 0.00085411267 | M73: =SUM(M67:M72) -> 1.3892177e-08
A74: Ketidakpastian Baku Gabungan, uc | K74: =SQRT(K73) -> 0.029225206
A75: Derajat Kebebasan Efektif, v eff | K75: =(K74^4)/M73 -> 52.512175
A76: Faktor Cakupan, k-student's for veff and CL 95 % | K76: =1.95996+2.37356/K75+2.818745/K75^2+2.546662/K75^3+1.761829/K75^4+0.245458/K75^5+1.000764/K75^6 -> 2.0062002 | L76: 2
A77: Ketidakpastian Bentangan, U = k . Uc | K77: =K76*K74 -> 0.058631614 | L77: =L76*K74 -> 0.058450412
A79: Rentang ukur | D79: =A5 -> 6 | E79: =B5 -> V | M79: =M$34 -> DC Voltage-Measure
A80: Pembacaan Standar | D80: =C5 -> 0.6 | E80: =D5 -> V1 | F80: =F5 -> 0.6 | G80: =G5 -> V | H80: 0.001
A81: Komponen | B81: Simbol | C81: Tipe | D81: Satuan | E81: Distribusi | F81: U | G81: Pembagi | H81: vi | I81: Ui | J81: Ci | K81: Ui.Ci | L81: (Ui.Ci)2 | M81: (Ui.Ci)4/ vi
A82: Repeatability | B82: u(Vu1) | C82: A | D82: =G80 -> V | E82: T-Std | F82: =STDEV(Data!E32:N32)/SQRT(5) -> 0 | G82: 1 | H82: =5-1 -> 4 | I82: =(F82)/G82 -> 0 | J82: 1 | K82: =I82*J82 -> 0 | L82: =K82^2 -> 0 | M82: =(K82^4)/H82 -> 0
A83: Readability | B83: u(Vu2) | C83: B | D83: =D82 -> V | E83: Rect. | F83: =H80/2 -> 0.0005 | G83: =SQRT(3) -> 1.7320508 | H83: 50 | I83: =(F83)/G83 -> 0.00028867513 | J83: 1 | K83: =I83*J83 -> 0.00028867513 | L83: =K83^2 -> 8.3333333e-08 | M83: =(K83^4)/H83 -> 1.3888889e-16
A84: Standar | B84: u(Vs) | C84: B | D84: =D82 -> V | E84: Normal | F84: =V28 -> 5.6e-06 | G84: 2 | H84: 60 | I84: =(F84)/G84 -> 2.8e-06 | J84: 1 | K84: =I84*J84 -> 2.8e-06 | L84: =K84^2 -> 7.84e-12 | M84: =(K84^4)/H84 -> 1.0244267e-24
A85: Drift Standar | B85: u(Vd) | C85: B | D85: =D82 -> V | E85: Rect. | F85: =U28 -> 5.3975003e-06 | G85: =SQRT(3) -> 1.7320508 | H85: 50 | I85: =(F85)/G85 -> 3.1162483e-06 | J85: 1 | K85: =I85*J85 -> 3.1162483e-06 | L85: =K85^2 -> 9.7110033e-12 | M85: =(K85^4)/H85 -> 1.8860717e-24
A86: EMF thermal | B86: u(Vemf) | C86: B | D86: =D82 -> V | E86: Rect. | F86: =$F$41/10^3 -> 2.809e-06 | G86: =SQRT(3) -> 1.7320508 | H86: 50 | I86: =(F86)/G86 -> 1.6217769e-06 | J86: 1 | K86: =I86*J86 -> 1.6217769e-06 | L86: =K86^2 -> 2.6301603e-12 | M86: =(K86^4)/H86 -> 1.3835487e-25
A88: Jumlah | K88: =SUM(L82:L87) -> 8.3353514e-08 | M88: =SUM(M82:M87) -> 1.3888889e-16
A89: Ketidakpastian Baku Gabungan, uc | K89: =SQRT(K88) -> 0.00028871009
A90: Derajat Kebebasan Efektif, v eff | K90: =(K89^4)/M88 -> 50.024219
A91: Faktor Cakupan, k-student's for veff and CL 95 % | K91: =1.95996+2.37356/K90+2.818745/K90^2+2.546662/K90^3+1.761829/K90^4+0.245458/K90^5+1.000764/K90^6 -> 2.0085552 | L91: 2
A92: Ketidakpastian Bentangan, U = k . Uc | K92: =K91*K89 -> 0.00057989016 | L92: =L91*K89 -> 0.00057742017
A94: Rentang ukur | D94: =A5 -> 6 | E94: =B5 -> V | M94: =M$34 -> DC Voltage-Measure
A95: Pembacaan Standar | D95: =C6 -> 3 | E95: =D6 -> V1 | H95: 0.001
A96: Komponen | B96: Simbol | C96: Tipe | D96: Satuan | E96: Distribusi | F96: U | G96: Pembagi | H96: vi | I96: Ui | J96: Ci | K96: Ui.Ci | L96: (Ui.Ci)2 | M96: (Ui.Ci)4/ vi
A97: Repeatability | B97: u(Vu1) | C97: A | D97: =E95 -> V1 | E97: T-Std | F97: =STDEV(Data!E33:N33)/SQRT(5) -> 0 | G97: 1 | H97: =5-1 -> 4 | I97: =(F97)/G97 -> 0 | J97: 1 | K97: =I97*J97 -> 0 | L97: =K97^2 -> 0 | M97: =(K97^4)/H97 -> 0
A98: Readability | B98: u(Vu2) | C98: B | D98: =D97 -> V1 | E98: Rect. | F98: =H95/2 -> 0.0005 | G98: =SQRT(3) -> 1.7320508 | H98: 50 | I98: =(F98)/G98 -> 0.00028867513 | J98: 1 | K98: =I98*J98 -> 0.00028867513 | L98: =K98^2 -> 8.3333333e-08 | M98: =(K98^4)/H98 -> 1.3888889e-16
A99: Standar | B99: u(Vs) | C99: B | D99: =D97 -> V1 | E99: Normal | F99: =V29 -> 2.7e-05 | G99: 2 | H99: 60 | I99: =(F99)/G99 -> 1.35e-05 | J99: 1 | K99: =I99*J99 -> 1.35e-05 | L99: =K99^2 -> 1.8225e-10 | M99: =(K99^4)/H99 -> 5.5358437e-22
A100: Drift Standar | B100: u(Vd) | C100: B | D100: =D97 -> V1 | E100: Rect. | F100: =U29 -> 1.1847202e-05 | G100: =SQRT(3) -> 1.7320508 | H100: 50 | I100: =(F100)/G100 -> 6.8399852e-06 | J100: 1 | K100: =I100*J100 -> 6.8399852e-06 | L100: =K100^2 -> 4.6785397e-11 | M100: =(K100^4)/H100 -> 4.3777468e-23
A101: EMF thermal | B101: u(Vemf) | C101: B | D101: =D97 -> V1 | E101: Rect. | F101: =$F$41/1000 -> 2.809e-06 | G101: =SQRT(3) -> 1.7320508 | H101: 50 | I101: =(F101)/G101 -> 1.6217769e-06 | J101: 1 | K101: =I101*J101 -> 1.6217769e-06 | L101: =K101^2 -> 2.6301603e-12 | M101: =(K101^4)/H101 -> 1.3835487e-25
A103: Jumlah | K103: =SUM(L97:L102) -> 8.3564999e-08 | M103: =SUM(M97:M102) -> 1.3888949e-16
A104: Ketidakpastian Baku Gabungan, uc | K104: =SQRT(K103) -> 0.00028907611
A105: Derajat Kebebasan Efektif, v eff | K105: =(K104^4)/M103 -> 50.278169
A106: Faktor Cakupan, k-student's for veff and CL 95 % | K106: =1.95996+2.37356/K105+2.818745/K105^2+2.546662/K105^3+1.761829/K105^4+0.245458/K105^5+1.000764/K105^6 -> 2.0083039 | L106: 2
...

Sheet Kor&U95% IDC
A1: Range | C1: P Standar | E1: Kor Std | F1: P Alat | H1: Kor Alat | I1: U95% | J1: k | K1: CMC
A2: =Data!A102 -> 60 | B2: =Data!B102 -> mA | C2: =Data!C103 -> 6 | D2: =Data!D103 -> mA2 | E2: =Q22 -> -7.9940577e-05 | F2: =AVERAGE(Data!E103:N103) -> 6 | G2: =$B$2 -> mA | H2: =(C2+E2)-F2 -> -7.9940577e-05 | I2: =L43 -> 0.0057769907 | J2: =K42 -> 2.0084593 | K2: =C2/10^3*0.28 -> 0.00168 | L2: =G2 -> mA
C3: =Data!C104 -> 30 | D3: =Data!D104 -> mA2 | E3: =Q23 -> -0.0001551537 | F3: =AVERAGE(Data!E104:N104) -> 29.99 | G3: =$B$2 -> mA | H3: =(C3+E3)-F3 -> 0.0098448463 | I3: =L57 -> 0.0069838319 | J3: =K56 -> 1.9856348 | K3: =C3/10^3*0.28 -> 0.0084 | L3: =G3 -> mA
C4: =Data!C105 -> 54 | D4: =Data!D105 -> mA3 | E4: =Q24 -> -0.00090149254 | F4: =AVERAGE(Data!E105:N105) -> 53.99 | G4: =$B$2 -> mA | H4: =(C4+E4)-F4 -> 0.0090985075 | I4: =L71 -> 0.011793123 | J4: =K70 -> 1.9755186 | K4: =C4/10^3*0.44 -> 0.02376 | L4: =G4 -> mA
A5: =Data!A106 -> 600 | B5: =Data!B106 -> mA | C5: =Data!C107 -> 60 | D5: =Data!D107 -> mA3 | E5: =Q25 -> -0.0010447761 | F5: =AVERAGE(Data!E107:N107) -> 60 | G5: =$B$5 -> mA | H5: =(C5+E5)-F5 -> -0.0010447761 | I5: =L85 -> 0.058637579 | J5: =K84 -> 2.0056097 | K5: =C5/10^3*0.44 -> 0.0264 | L5: =G5 -> mA
C6: =Data!C108 -> 300 | D6: =Data!D108 -> mA3 | E6: =Q26 -> -0.045044936 | F6: =AVERAGE(Data!E108:N108) -> 300.1 | G6: =$B$5 -> mA | H6: =(C6+E6)-F6 -> -0.14504494 | I6: =L99 -> 0.15222555 | J6: =K98 -> 1.989683 | K6: =C6/10^3*0.44 -> 0.132 | L6: =G6 -> mA
C7: =Data!C109 -> 0.54 | D7: =Data!D109 -> A1 | E7: =Q27 -> -8.8208955e-05 | F7: =AVERAGE(Data!E109:N109) -> 540.1 | G7: =$B$5 -> mA | H7: =(C7+E7)*1000-F7 -> -0.18820896 | I7: =L113 -> 0.48478628 | J7: =K112 -> 1.9987253 | K7: =C7/10^0*2.9 -> 1.566 | L7: =G7 -> mA
A8: =Data!A110 -> 6 | B8: =Data!B110 -> A | C8: =Data!C111 -> 0.6 | D8: =Data!D111 -> A1 | E8: =Q28 -> -9.6268657e-05 | F8: =AVERAGE(Data!E111:N111) -> 0.6 | G8: A | H8: =(C8+E8)-F8 -> -9.6268657e-05 | I8: =L127 -> 0.00075155267 | J8: =K126 -> 1.9833451 | K8: =C8/10^3*2.9 -> 0.00174 | L8: =G8 -> A
C9: =Data!C112 -> 3 | D9: =Data!D112 -> A2 | E9: =Q29 -> -0.0010794872 | F9: =AVERAGE(Data!E112:N112) -> 2.999 | G9: A | H9: =(C9+E9)-F9 -> -7.9487179e-05 | I9: =L141 -> 0.0078326346 | J9: =K140 -> 1.9863964 | K9: =C9/10^3*1.3 -> 0.0039 | L9: =G9 -> A
C10: =Data!C113 -> 5.4 | D10: =Data!D113 -> A2 | E10: =Q30 -> -0.0010179487 | F10: =AVERAGE(Data!E113:N113) -> 5.399 | G10: A | H10: =(C10+E10)-F10 -> -1.7948718e-05 | I10: =L155 -> 0.0078230145 | J10: =K154 -> 1.9864761 | K10: =C10/10^3*1.3 -> 0.00702 | L10: =G10 -> A
A11: =Data!A114 -> 10 | B11: =Data!B114 -> A | C11: =Data!C115 -> 1 | D11: =Data!D115 -> A1 | E11: =Q31 -> -0.00015 | F11: =AVERAGE(Data!E115:N115) -> 1 | G11: A | H11: =(C11+E11)-F11 -> -0.00015 | I11: =L169 -> 0.0057935734 | J11: =K168 -> 2.0078952 | K11: =C11/10^3*2.9 -> 0.0029 | L11: =G11 -> A
C12: =Data!C116 -> 5 | D12: =Data!D116 -> A2 | E12: =Q32 -> -0.0010282051 | F12: =AVERAGE(Data!E116:N116) -> 5 | G12: A | H12: =(C12+E12)-F12 -> -0.0010282051 | I12: =L183 -> 0.0097069355 | J12: =K182 -> 1.9770893 | K12: =C12/10^3*1.3 -> 0.0065 | L12: =G12 -> A
C13: =Data!C117 -> 9 | D13: =Data!D117 -> A2 | E13: =Q33 -> -0.00092564103 | F13: =AVERAGE(Data!E117:N117) -> 9 | G13: A | H13: =(C13+E13)-F13 -> -0.00092564103 | I13: =L197 -> 0.0097127535 | J13: =K196 -> 1.9770643 | K13: =C13/10^3*1.3 -> 0.0117 | L13: =G13 -> A
A16: Uncertainty Budget sebagai Pendukung Kemampuan Kalibrasi dan Pengukuran (CMC)
A18: Nama Laboratorium | C18: : | D18: BALAI BESAR STANDARDISASI DAN PELAYANAN JASA INDUSTRI LOGAM DAN MESIN
A19: Alamat | C19: : | D19: Jl. Sangkuriang No. 12 Bandung 40135
A21: Besaran yang diukur | E21: Kelistrikan | M21: IK-K-04-UL-01 | O21: Titik Ukur | Q21: 45506 | R21: 44655 | S21: 43854 | T21: 43283 | U21: Drift | V21: U24 | X21: Range | Z21: Alat Stan | AA21: KorStan24 | AB21: KorStan 22 | AC21: KorStan 20 | AD21: KorStan 18 | AE21: Un 24
A22: Jenis alat yang dikalibrasi | E22: Digital Multimeter | O22: =C2 -> 6 | P22: =D2 -> mA2 | Q22: {=IFERROR( _xlfn.FORECAST.LINEAR( O22, INDEX($AA$22:$AA$55, MATCH(1, ($Z$22:$Z$55<=O22)*($AA$22:$AA$55<>"x")*($Y$22:$Y$55=P22), 0) ): INDEX($AA$22:$AA$55, MATCH(1, ($Z$22:$Z$55>=O22)*($AA$22:$AA$55<>"x")*($Y$22:$Y$55=P22), 0) ), INDEX($Z$22:$Z$55, MATCH(1, ($Z$22:$Z$55<=O22)*($AA$22:$AA$55<>"x")*($Y$22:$Y$55=P22), 0) ): INDEX($Z$22:$Z$55, MATCH(1, ($Z$22:$Z$55>=O22)*($AA$22:$AA$55<>"x")*($Y$22:$Y$55=P22), 0) ) ),INDEX($AA$22:$AA$55, MATCH( MIN(IF(($AA$22:$AA$55<>"x")*($Y$22:$Y$55=P22),ABS($Z$22:$Z$55-O22))), IF(($AA$22:$AA$55<>"x")*($Y$22:$Y$55=P22),ABS($Z$22:$Z$55-O22)), 0 )))} -> -7.9940577e-05 | R22: {=IFERROR( _xlfn.FORECAST.LINEAR( O22, INDEX($AB$22:$AB$55, MATCH(1, ($Z$22:$Z$55<=O22)*($AB$22:$AB$55<>"x")*($Y$22:$Y$55=P22), 0) ): INDEX($AB$22:$AB$55, MATCH(1, ($Z$22:$Z$55>=O22)*($AB$22:$AB$55<>"x")*($Y$22:$Y$55=P22), 0) ), INDEX($Z$22:$Z$55, MATCH(1, ($Z$22:$Z$55<=O22)*($AB$22:$AB$55<>"x")*($Y$22:$Y$55=P22), 0) ): INDEX($Z$22:$Z$55, MATCH(1, ($Z$22:$Z$55>=O22)*($AB$22:$AB$55<>"x")*($Y$22:$Y$55=P22), 0) ) ),INDEX($AB$22:$AB$55, MATCH( MIN(IF(($AB$22:$AB$55<>"x")*($Y$22:$Y$55=P22),ABS($Z$22:$Z$55-O22))), IF(($AB$22:$AB$55<>"x")*($Y$22:$Y$55=P22),ABS($Z$22:$Z$55-O22)), 0 )))} -> -4e-05 | S22: {=IFERROR( _xlfn.FORECAST.LINEAR( O22, INDEX($AC$22:$AC$55, MATCH(1, ($Z$22:$Z$55<=O22)*($AC$22:$AC$55<>"x")*($Y$22:$Y$55=P22), 0) ): INDEX($AC$22:$AC$55, MATCH(1, ($Z$22:$Z$55>=O22)*($AC$22:$AC$55<>"x")*($Y$22:$Y$55=P22), 0) ), INDEX($Z$22:$Z$55, MATCH(1, ($Z$22:$Z$55<=O22)*($AC$22:$AC$55<>"x")*($Y$22:$Y$55=P22), 0) ): INDEX($Z$22:$Z$55, MATCH(1, ($Z$22:$Z$55>=O22)*($AC$22:$AC$55<>"x")*($Y$22:$Y$55=P22), 0) ) ),INDEX($AC$22:$AC$55, MATCH( MIN(IF(($AC$22:$AC$55<>"x")*($Y$22:$Y$55=P22),ABS($Z$22:$Z$55-O22))), IF(($AC$22:$AC$55<>"x")*($Y$22:$Y$55=P22),ABS($Z$22:$Z$55-O22)), 0 )))} -> -0.0001 | T22: {=IFERROR( _xlfn.FORECAST.LINEAR( O22, INDEX($AD$22:$AD$55, MATCH(1, ($Z$22:$Z$55<=O22)*($AD$22:$AD$55<>"x")*($Y$22:$Y$55=P22), 0) ): INDEX($AD$22:$AD$55, MATCH(1, ($Z$22:$Z$55>=O22)*($AD$22:$AD$55<>"x")*($Y$22:$Y$55=P22), 0) ), INDEX($Z$22:$Z$55, MATCH(1, ($Z$22:$Z$55<=O22)*($AD$22:$AD$55<>"x")*($Y$22:$Y$55=P22), 0) ): INDEX($Z$22:$Z$55, MATCH(1, ($Z$22:$Z$55>=O22)*($AD$22:$AD$55<>"x")*($Y$22:$Y$55=P22), 0) ) ),INDEX($AD$22:$AD$55, MATCH( MIN(IF(($AD$22:$AD$55<>"x")*($Y$22:$Y$55=P22),ABS($Z$22:$Z$55-O22))), IF(($AD$22:$AD$55<>"x")*($Y$22:$Y$55=P22),ABS($Z$22:$Z$55-O22)), 0 )))} -> -4e-05 | U22: =((((ABS(Q22-R22)/(Q$21-R$21))+(ABS(R22-S22)/(R$21-S$21))+(ABS(S22-T22)/(S$21-T$21)))/3)*(((Q$21-R$21)+(R$21-S$21)+(S$21-T$21))/3)) -> 5.6048962e-05 | V22: =AE34 -> 0.00019 | X22: 3.29999 | Y22: mA1 | Z22: 0 | AA22: =1000*0.0000033 -> 0.0033 | AB22: -0.0001 | AC22: x | AD22: x | AE22: =1000*0.0000014 -> 0.0014 | AF22: µA
A23: Standar yang digunakan | E23: Multiproduct Calibrator Fluke 5500A | O23: =C3 -> 30 | P23: =D3 -> mA2 | Q23: {=IFERROR( _xlfn.FORECAST.LINEAR( O23, INDEX($AA$22:$AA$55, MATCH(1, ($Z$22:$Z$55<=O23)*($AA$22:$AA$55<>"x")*($Y$22:$Y$55=P23), 0) ): INDEX($AA$22:$AA$55, MATCH(1, ($Z$22:$Z$55>=O23)*($AA$22:$AA$55<>"x")*($Y$22:$Y$55=P23), 0) ), INDEX($Z$22:$Z$55, MATCH(1, ($Z$22:$Z$55<=O23)*($AA$22:$AA$55<>"x")*($Y$22:$Y$55=P23), 0) ): INDEX($Z$22:$Z$55, MATCH(1, ($Z$22:$Z$55>=O23)*($AA$22:$AA$55<>"x")*($Y$22:$Y$55=P23), 0) ) ),INDEX($AA$22:$AA$55, MATCH( MIN(IF(($AA$22:$AA$55<>"x")*($Y$22:$Y$55=P23),ABS($Z$22:$Z$55-O23))), IF(($AA$22:$AA$55<>"x")*($Y$22:$Y$55=P23),ABS($Z$22:$Z$55-O23)), 0 )))} -> -0.0001551537 | R23: {=IFERROR( _xlfn.FORECAST.LINEAR( O23, INDEX($AB$22:$AB$55, MATCH(1, ($Z$22:$Z$55<=O23)*($AB$22:$AB$55<>"x")*($Y$22:$Y$55=P23), 0) ): INDEX($AB$22:$AB$55, MATCH(1, ($Z$22:$Z$55>=O23)*($AB$22:$AB$55<>"x")*($Y$22:$Y$55=P23), 0) ), INDEX($Z$22:$Z$55, MATCH(1, ($Z$22:$Z$55<=O23)*($AB$22:$AB$55<>"x")*($Y$22:$Y$55=P23), 0) ): INDEX($Z$22:$Z$55, MATCH(1, ($Z$22:$Z$55>=O23)*($AB$22:$AB$55<>"x")*($Y$22:$Y$55=P23), 0) ) ),INDEX($AB$22:$AB$55, MATCH( MIN(IF(($AB$22:$AB$55<>"x")*($Y$22:$Y$55=P23),ABS($Z$22:$Z$55-O23))), IF(($AB$22:$AB$55<>"x")*($Y$22:$Y$55=P23),ABS($Z$22:$Z$55-O23)), 0 )))} -> -0.0001 | S23: =AC39 -> -0.0018 | T23: {=IFERROR( _xlfn.FORECAST.LINEAR( O23, INDEX($AD$22:$AD$55, MATCH(1, ($Z$22:$Z$55<=O23)*($AD$22:$AD$55<>"x")*($Y$22:$Y$55=P23), 0) ): INDEX($AD$22:$AD$55, MATCH(1, ($Z$22:$Z$55>=O23)*($AD$22:$AD$55<>"x")*($Y$22:$Y$55=P23), 0) ), INDEX($Z$22:$Z$55, MATCH(1, ($Z$22:$Z$55<=O23)*($AD$22:$AD$55<>"x")*($Y$22:$Y$55=P23), 0) ): INDEX($Z$22:$Z$55, MATCH(1, ($Z$22:$Z$55>=O23)*($AD$22:$AD$55<>"x")*($Y$22:$Y$55=P23), 0) ) ),INDEX($AD$22:$AD$55, MATCH( MIN(IF(($AD$22:$AD$55<>"x")*($Y$22:$Y$55=P23),ABS($Z$22:$Z$55-O23))), IF(($AD$22:$AD$55<>"x")*($Y$22:$Y$55=P23),ABS($Z$22:$Z$55-O23)), 0 )))} -> -0.0004 | U23: =((((ABS(Q23-R23)/(Q$21-R$21))+(ABS(R23-S23)/(R$21-S$21))+(ABS(S23-T23)/(S$21-T$21)))/3)*(((Q$21-R$21)+(R$21-S$21)+(S$21-T$21))/3)) -> 0.0011458321 | V23: =AE40 -> 0.0037 | Y23: mA1 | Z23: 20 | AA23: =1000*0.0000027 -> 0.0027 | AB23: 0.005 | AC23: 0.0048 | AD23: 0.0044 | AE23: =1000*0.0000015 -> 0.0015
A24: Model matematis Pengukuran | D24: : | E24: C = Is - IUUT | F24: Model dengan memperhitungkan faktor-faktor lain yang berpengaruh | O24: =C4 -> 54 | P24: =D4 -> mA3 | Q24: {=IFERROR( _xlfn.FORECAST.LINEAR( O24, INDEX($AA$22:$AA$55, MATCH(1, ($Z$22:$Z$55<=O24)*($AA$22:$AA$55<>"x")*($Y$22:$Y$55=P24), 0) ): INDEX($AA$22:$AA$55, MATCH(1, ($Z$22:$Z$55>=O24)*($AA$22:$AA$55<>"x")*($Y$22:$Y$55=P24), 0) ), INDEX($Z$22:$Z$55, MATCH(1, ($Z$22:$Z$55<=O24)*($AA$22:$AA$55<>"x")*($Y$22:$Y$55=P24), 0) ): INDEX($Z$22:$Z$55, MATCH(1, ($Z$22:$Z$55>=O24)*($AA$22:$AA$55<>"x")*($Y$22:$Y$55=P24), 0) ) ),INDEX($AA$22:$AA$55, MATCH( MIN(IF(($AA$22:$AA$55<>"x")*($Y$22:$Y$55=P24),ABS($Z$22:$Z$55-O24))), IF(($AA$22:$AA$55<>"x")*($Y$22:$Y$55=P24),ABS($Z$22:$Z$55-O24)), 0 )))} -> -0.00090149254 | R24: {=IFERROR( _xlfn.FORECAST.LINEAR( O24, INDEX($AB$22:$AB$55, MATCH(1, ($Z$22:$Z$55<=O24)*($AB$22:$AB$55<>"x")*($Y$22:$Y$55=P24), 0) ): INDEX($AB$22:$AB$55, MATCH(1, ($Z$22:$Z$55>=O24)*($AB$22:$AB$55<>"x")*($Y$22:$Y$55=P24), 0) ), INDEX($Z$22:$Z$55, MATCH(1, ($Z$22:$Z$55<=O24)*($AB$22:$AB$55<>"x")*($Y$22:$Y$55=P24), 0) ): INDEX($Z$22:$Z$55, MATCH(1, ($Z$22:$Z$55>=O24)*($AB$22:$AB$55<>"x")*($Y$22:$Y$55=P24), 0) ) ),INDEX($AB$22:$AB$55, MATCH( MIN(IF(($AB$22:$AB$55<>"x")*($Y$22:$Y$55=P24),ABS($Z$22:$Z$55-O24))), IF(($AB$22:$AB$55<>"x")*($Y$22:$Y$55=P24),ABS($Z$22:$Z$55-O24)), 0 )))} -> -0.0011 | S24: =AC42 -> -0.0096 | T24: {=IFERROR( _xlfn.FORECAST.LINEAR( O24, INDEX($AD$22:$AD$55, MATCH(1, ($Z$22:$Z$55<=O24)*($AD$22:$AD$55<>"x")*($Y$22:$Y$55=P24), 0) ): INDEX($AD$22:$AD$55, MATCH(1, ($Z$22:$Z$55>=O24)*($AD$22:$AD$55<>"x")*($Y$22:$Y$55=P24), 0) ), INDEX($Z$22:$Z$55, MATCH(1, ($Z$22:$Z$55<=O24)*($AD$22:$AD$55<>"x")*($Y$22:$Y$55=P24), 0) ): INDEX($Z$22:$Z$55, MATCH(1, ($Z$22:$Z$55>=O24)*($AD$22:$AD$55<>"x")*($Y$22:$Y$55=P24), 0) ) ),INDEX($AD$22:$AD$55, MATCH( MIN(IF(($AD$22:$AD$55<>"x")*($Y$22:$Y$55=P24),ABS($Z$22:$Z$55-O24))), IF(($AD$22:$AD$55<>"x")*($Y$22:$Y$55=P24),ABS($Z$22:$Z$55-O24)), 0 )))} -> -0.0009 | U24: =((((ABS(Q24-R24)/(Q$21-R$21))+(ABS(R24-S24)/(R$21-S$21))+(ABS(S24-T24)/(S$21-T$21)))/3)*(((Q$21-R$21)+(R$21-S$21)+(S$21-T$21))/3)) -> 0.0064421123 | V24: =AE42 -> 0.0071 | Y24: mA1 | Z24: 100 | AA24: =1000*0.0000013 -> 0.0013 | AB24: 0.004 | AC24: 0.003 | AD24: 0.004 | AE24: =1000*0.0000025 -> 0.0025
D25: : | E25: C = Is + δIs - IUUT | O25: =C5 -> 60 | P25: =D5 -> mA3 | Q25: {=IFERROR( _xlfn.FORECAST.LINEAR( O25, INDEX($AA$22:$AA$55, MATCH(1, ($Z$22:$Z$55<=O25)*($AA$22:$AA$55<>"x")*($Y$22:$Y$55=P25), 0) ): INDEX($AA$22:$AA$55, MATCH(1, ($Z$22:$Z$55>=O25)*($AA$22:$AA$55<>"x")*($Y$22:$Y$55=P25), 0) ), INDEX($Z$22:$Z$55, MATCH(1, ($Z$22:$Z$55<=O25)*($AA$22:$AA$55<>"x")*($Y$22:$Y$55=P25), 0) ): INDEX($Z$22:$Z$55, MATCH(1, ($Z$22:$Z$55>=O25)*($AA$22:$AA$55<>"x")*($Y$22:$Y$55=P25), 0) ) ),INDEX($AA$22:$AA$55, MATCH( MIN(IF(($AA$22:$AA$55<>"x")*($Y$22:$Y$55=P25),ABS($Z$22:$Z$55-O25))), IF(($AA$22:$AA$55<>"x")*($Y$22:$Y$55=P25),ABS($Z$22:$Z$55-O25)), 0 )))} -> -0.0010447761 | R25: {=IFERROR( _xlfn.FORECAST.LINEAR( O25, INDEX($AB$22:$AB$55, MATCH(1, ($Z$22:$Z$55<=O25)*($AB$22:$AB$55<>"x")*($Y$22:$Y$55=P25), 0) ): INDEX($AB$22:$AB$55, MATCH(1, ($Z$22:$Z$55>=O25)*($AB$22:$AB$55<>"x")*($Y$22:$Y$55=P25), 0) ), INDEX($Z$22:$Z$55, MATCH(1, ($Z$22:$Z$55<=O25)*($AB$22:$AB$55<>"x")*($Y$22:$Y$55=P25), 0) ): INDEX($Z$22:$Z$55, MATCH(1, ($Z$22:$Z$55>=O25)*($AB$22:$AB$55<>"x")*($Y$22:$Y$55=P25), 0) ) ),INDEX($AB$22:$AB$55, MATCH( MIN(IF(($AB$22:$AB$55<>"x")*($Y$22:$Y$55=P25),ABS($Z$22:$Z$55-O25))), IF(($AB$22:$AB$55<>"x")*($Y$22:$Y$55=P25),ABS($Z$22:$Z$55-O25)), 0 )))} -> -0.0011 | S25: =AC42 -> -0.0096 | T25: {=IFERROR( _xlfn.FORECAST.LINEAR( O25, INDEX($AD$22:$AD$55, MATCH(1, ($Z$22:$Z$55<=O25)*($AD$22:$AD$55<>"x")*($Y$22:$Y$55=P25), 0) ): INDEX($AD$22:$AD$55, MATCH(1, ($Z$22:$Z$55>=O25)*($AD$22:$AD$55<>"x")*($Y$22:$Y$55=P25), 0) ), INDEX($Z$22:$Z$55, MATCH(1, ($Z$22:$Z$55<=O25)*($AD$22:$AD$55<>"x")*($Y$22:$Y$55=P25), 0) ): INDEX($Z$22:$Z$55, MATCH(1, ($Z$22:$Z$55>=O25)*($AD$22:$AD$55<>"x")*($Y$22:$Y$55=P25), 0) ) ),INDEX($AD$22:$AD$55, MATCH( MIN(IF(($AD$22:$AD$55<>"x")*($Y$22:$Y$55=P25),ABS($Z$22:$Z$55-O25))), IF(($AD$22:$AD$55<>"x")*($Y$22:$Y$55=P25),ABS($Z$22:$Z$55-O25)), 0 )))} -> -0.0009 | U25: =((((ABS(Q25-R25)/(Q$21-R$21))+(ABS(R25-S25)/(R$21-S$21))+(ABS(S25-T25)/(S$21-T$21)))/3)*(((Q$21-R$21)+(R$21-S$21)+(S$21-T$21))/3)) -> 0.0064005247 | V25: =AE42 -> 0.0071 | Y25: mA1 | Z25: 180 | AA25: =1000*-0.0000005 -> -0.0005 | AB25: 0.002 | AC25: 0.002 | AD25: 0.005 | AE25: =1000*0.0000034 -> 0.0034
E26: C | F26: : koreksi arus UUT | O26: =C6 -> 300 | P26: =D6 -> mA3 | Q26: {=IFERROR( _xlfn.FORECAST.LINEAR( O26, INDEX($AA$22:$AA$55, MATCH(1, ($Z$22:$Z$55<=O26)*($AA$22:$AA$55<>"x")*($Y$22:$Y$55=P26), 0) ): INDEX($AA$22:$AA$55, MATCH(1, ($Z$22:$Z$55>=O26)*($AA$22:$AA$55<>"x")*($Y$22:$Y$55=P26), 0) ), INDEX($Z$22:$Z$55, MATCH(1, ($Z$22:$Z$55<=O26)*($AA$22:$AA$55<>"x")*($Y$22:$Y$55=P26), 0) ): INDEX($Z$22:$Z$55, MATCH(1, ($Z$22:$Z$55>=O26)*($AA$22:$AA$55<>"x")*($Y$22:$Y$55=P26), 0) ) ),INDEX($AA$22:$AA$55, MATCH( MIN(IF(($AA$22:$AA$55<>"x")*($Y$22:$Y$55=P26),ABS($Z$22:$Z$55-O26))), IF(($AA$22:$AA$55<>"x")*($Y$22:$Y$55=P26),ABS($Z$22:$Z$55-O26)), 0 )))} -> -0.045044936 | R26: {=IFERROR( _xlfn.FORECAST.LINEAR( O26, INDEX($AB$22:$AB$55, MATCH(1, ($Z$22:$Z$55<=O26)*($AB$22:$AB$55<>"x")*($Y$22:$Y$55=P26), 0) ): INDEX($AB$22:$AB$55, MATCH(1, ($Z$22:$Z$55>=O26)*($AB$22:$AB$55<>"x")*($Y$22:$Y$55=P26), 0) ), INDEX($Z$22:$Z$55, MATCH(1, ($Z$22:$Z$55<=O26)*($AB$22:$AB$55<>"x")*($Y$22:$Y$55=P26), 0) ): INDEX($Z$22:$Z$55, MATCH(1, ($Z$22:$Z$55>=O26)*($AB$22:$AB$55<>"x")*($Y$22:$Y$55=P26), 0) ) ),INDEX($AB$22:$AB$55, MATCH( MIN(IF(($AB$22:$AB$55<>"x")*($Y$22:$Y$55=P26),ABS($Z$22:$Z$55-O26))), IF(($AB$22:$AB$55<>"x")*($Y$22:$Y$55=P26),ABS($Z$22:$Z$55-O26)), 0 )))} -> -0.014 | S26: =AC44 -> -0.017 | T26: {=IFERROR( _xlfn.FORECAST.LINEAR( O26, INDEX($AD$22:$AD$55, MATCH(1, ($Z$22:$Z$55<=O26)*($AD$22:$AD$55<>"x")*($Y$22:$Y$55=P26), 0) ): INDEX($AD$22:$AD$55, MATCH(1, ($Z$22:$Z$55>=O26)*($AD$22:$AD$55<>"x")*($Y$22:$Y$55=P26), 0) ), INDEX($Z$22:$Z$55, MATCH(1, ($Z$22:$Z$55<=O26)*($AD$22:$AD$55<>"x")*($Y$22:$Y$55=P26), 0) ): INDEX($Z$22:$Z$55, MATCH(1, ($Z$22:$Z$55>=O26)*($AD$22:$AD$55<>"x")*($Y$22:$Y$55=P26), 0) ) ),INDEX($AD$22:$AD$55, MATCH( MIN(IF(($AD$22:$AD$55<>"x")*($Y$22:$Y$55=P26),ABS($Z$22:$Z$55-O26))), IF(($AD$22:$AD$55<>"x")*($Y$22:$Y$55=P26),ABS($Z$22:$Z$55-O26)), 0 )))} -> -0.009 | U26: =((((ABS(Q26-R26)/(Q$21-R$21))+(ABS(R26-S26)/(R$21-S$21))+(ABS(S26-T26)/(S$21-T$21)))/3)*(((Q$21-R$21)+(R$21-S$21)+(S$21-T$21))/3)) -> 0.013396381 | V26: =AE45 -> 0.14 | Y26: mA1 | Z26: 200 | AA26: =1000*-0.000001 -> -0.001 | AB26: 0.001 | AC26: 0.002 | AD26: 0.005 | AE26: =1000*0.000011 -> 0.011
