Workbook
Name sert: #REF!

Sheet Sertifikat
A7: S E R T I F I K A T K A L I B R A S I
A8: C A L I B R A T I O N C E R T I F I C A T E
A9: Nomor / Number :
B14: IDENTITAS ALAT
B15: INSTRUMENT DETAILS
B17: Nama Alat | E17: : Disolve oxygen meter
B18: Instrument Name
B19: Merek | E19: =CONCATENATE(":"," ",'Budget DO meter'!B7) -> : YSI
B20: Brand
B21: Tipe | E21: =CONCATENATE(":"," ",'Budget DO meter'!B8) -> : Pro 20i
B22: Type
B23: Nomor Identifikasi | E23: : -
B24: Identification Number
B25: Nomor Seri | E25: =CONCATENATE(":"," ",'Budget DO meter'!B9) -> : JC042923
B26: Serial Number
B27: Lain-lain | E27: : Kapasitas | G27: =CONCATENATE(":"," ",'Budget DO meter'!B10," ",'Budget DO meter'!E10) -> : 0 s.d. 20 mg/L
B28: Others | E28: Kecermatan | G28: =CONCATENATE(":"," ",'Budget DO meter'!D10," ",'Budget DO meter'!E10) -> : 0,01 mg/L
B30: IDENTITAS PEMILIK
B31: Owner’s Identification
B33: Nama | C33: =CONCATENATE(":"," ",'Budget DO meter'!B6) -> :
B34: Designation
B35: Alamat | C35: =CONCATENATE(":"," ",'Budget DO meter'!B2) -> :
B36: Address
G40: Halaman 1 dari 2 halaman
G41: Page of page
G43: Diterbitkan Tanggal 2 September 2025
G44: Date of Issue
E45: Penguji Mutu Barang Ahli Madya
E46: Elis Sofianti
E47: NIP. 197109301994032002
E68: Nomor | F68: =CONCATENATE(":"," ",MID(A9,18,100)) -> :
E69: No. Order | F69: =": " &'Budget DO meter'!B3 -> :
E70: Halaman | F70: : 2 dari 2
B72: SPESIFIKASI ALAT
B73: Nama | D73: =E17 -> : Disolve oxygen meter
B74: Merk / Tipe | D74: =CONCATENATE(":"," ",'Budget DO meter'!B7," ","/"," ",'Budget DO meter'!B8) -> : YSI / Pro 20i
B75: No. Identifikasi | D75: =E23 -> : -
B76: No. Seri | D76: =E25 -> : JC042923
B77: Kapasitas | D77: =G27 -> : 0 s.d. 20 mg/L
B78: Kecermatan | D78: =G28 -> : 0,01 mg/L | G78: Kondisi ruang
B79: Prosedur Kalibrasi | D79: : ASTM E 70 -19 | G79: Temperatur | I79: =CONCATENATE(": ",'Budget DO meter'!G11," ºC") -> : 21,33 ± 2,05 ºC
B80: Tanggal Terima | D80: =CONCATENATE(": ",'Budget DO meter'!B4) -> : | G80: Kelembaban relatif | I80: =CONCATENATE(": ",'Budget DO meter'!H11," %RH") -> : 71,43 ± 2,80 %RH
B81: Tanggal Kalibrasi | D81: =CONCATENATE(": ",'Budget DO meter'!B5) -> :
B82: Lokasi Alat | D82: : Lab kalibrasi volumetrik BBSPJILM
E85: HASIL KALIBRASI
C88: No. | D88: Nominal (mg/L) | F88: Koreksi (mg/L) | H88: Ketidakpastian U95% (k=2) (mg/L)
C90: 1 | D90: ='Budget DO meter'!A18 -> 5.5 | F90: ='Budget DO meter'!J18-'Budget DO meter'!H18 -> -0.052753557 | H90: =CONCATENATE(FIXED(MAX('Budget DO meter'!J48,0.023),3)) -> 0,104
B94: Catatan :
B95: - Alat ini dikalibrasi dengan larutan buffer 4,00 pH No. seri : 1.09435.1000; 7,00 pH
B96: No. seri : 1.09439.1000; 10,00 pH No. seri : 1.09438.1000 yang tertelusur ke Merck.

Sheet Budget DO meter
A1: data kalibrasi
A2: Alamat | K2: Thermohygro Beureur data 2025
A3: no. order | G3: Suhu (°C) | H3: %RH | K3: Koreksi suhu | N3: Koreksi RH
A4: tanggal terima | F4: Awal | G4: 21.1 | H4: 72.8 | K4: T (°C) | L4: Koreksi | M4: U95 | N4: RH (%) | O4: Koreksi | P4: U95
A5: tanggal kalibrasi | F5: Akhir | G5: 21.2 | H5: 72.6 | K5: 20.01 | L5: 0.3 | M5: 2 | N5: 40.01 | O5: -2 | P5: 3
A6: Pemilik | F6: Rata2 | G6: =AVERAGE(G4:G5) -> 21.15 | H6: =AVERAGE(H4:H5) -> 72.7 | K6: 25 | L6: 0.4 | M6: 2 | N6: 50.01 | O6: -3 | P6: 3
A7: merk | B7: YSI | F7: Terkoreksi | G7: =G6+FORECAST(G6,L5:L9,K5:K9) -> 21.33233 | H7: =H6+FORECAST(H6,O5:O9,N5:N9) -> 71.431483 | K7: 30 | L7: 0.5 | M7: 2 | N7: 60.02 | O7: -1 | P7: 3
A8: Tipe | B8: Pro 20i | F8: U95 | G8: 2 | H8: =FORECAST(H7,P5:P9,N5:N9) -> 2.7023274 | K8: 35 | L8: 1.2 | M8: 2 | N8: 70 | O8: 0 | P8: 2
A9: no seri | B9: JC042923 | F9: Fluktuasi suhu | G9: =(MAX(G4:G5)-G6+G6-MIN(G4:G5))/2 -> 0.05 | H9: =(MAX(H4:H5)-H6+H6-MIN(H4:H5))/2 -> 0.1 | K9: 40 | L9: 1.7 | M9: 2 | N9: 82 | O9: -2 | P9: 3
A10: kapasitas/resolusi | B10: 0 s.d. 20 | C10: / | D10: 0.01 | E10: mg/L | F10: Flu+U95 | G10: =G8+G9 -> 2.05 | H10: =H8+H9 -> 2.8023274
F11: Kondisi Ruang | G11: =FIXED(G7,2) & " ± "&FIXED(G10,2) -> 21,33 ± 2,05 | H11: =FIXED(H7,2) & " ± "&FIXED(H10,2) -> 71,43 ± 2,80
G14: Suhu awal | H14: Suhu Akhir
A15: DO 5,5 mg/L | F15: Suhu Buffer | G15: 19.9 | H15: =19.8 -> 19.8 | I15: °C | N15: koreksi temperatur | Q15: Nilai koreksi termometer digital tahun 2025
A16: buffer standar | B16: suhu °C | C16: pembacaan alat | I16: stdev | J16: standar terkoreksi | K16: =Q18 -> 19.3 | L16: =S18 -> 19.1 | Q16: pembacaan alat | R16: koreksi | S16: pembacaan alat terkoreksi
C17: X1 | D17: X2 | E17: X3 | F17: X4 | G17: X5 | H17: X rata | K17: =AVERAGE(G15,H15) -> 19.85 | L17: =(K17-K16)*(L18-L16)/(K18-K16)+L16 -> 19.680556 | N17: =L17-K17 -> -0.16944444 | Q17: °C | R17: °C | S17: °C
A18: 5.5 | B18: =L17 -> 19.680556 | C18: 5.58 | D18: 5.55 | E18: 5.5 | F18: 5.62 | G18: 5.66 | H18: =AVERAGE(C18:G18) -> 5.582 | I18: =STDEV(C18:G18) -> 0.061806149 | J18: =A18-H33 -> 5.5292464 | K18: =Q20 -> 21.1 | L18: =S20 -> 21 | Q18: 19.3 | R18: -0.2 | S18: =Q18+R18 -> 19.1
Q19: 20.1 | R19: -0.2 | S19: =Q19+R19 -> 19.9
G20: suhu buffer | H20: =AVERAGE(19.9,19.9) -> 19.9 | I20: °C | Q20: 21.1 | R20: -0.1 | S20: =Q20+R20 -> 21
A21: buffer standar | B21: suhu °C | C21: pembacaan alat | I21: stdev | J21: standar terkoreksi | K21: =Q18 -> 19.3 | L21: =S18 -> 19.1 | Q21: 24.2 | R21: -0.2 | S21: =Q21+R21 -> 24
C22: X1 | D22: X2 | E22: X3 | F22: X4 | G22: X5 | H22: X rata | K22: =H20 -> 19.9 | L22: =(K22-K21)*(L23-L21)/(K23-K21)+L21 -> 19.733333 | N22: =L22-K22 -> -0.16666667 | Q22: 25.1 | R22: -0.1 | S22: =Q22+R22 -> 25
B23: =L22 -> 19.733333 | H23: =AVERAGE(C23:G23) -> #DIV/0! | I23: =STDEV(C23:G23) -> #DIV/0! | J23: =A23+R57 -> 0.0010666667 | K23: =Q20 -> 21.1 | L23: =S20 -> 21 | Q23: 26.1 | R23: -0.1 | S23: =Q23+R23 -> 26
Q24: 30.1 | R24: -0.1 | S24: =Q24+R24 -> 30
G25: suhu buffer | H25: =AVERAGE(19.9,19.8) -> 19.85 | I25: °C
A26: buffer standar | B26: suhu °C | C26: pembacaan alat | I26: stdev | J26: standar terkoreksi | K26: =Q18 -> 19.3 | L26: =S18 -> 19.1
C27: X1 | D27: X2 | E27: X3 | F27: X4 | G27: X5 | H27: X rata | K27: =H25 -> 19.85 | L27: =(K27-K26)*(L28-L26)/(K28-K26)+L26 -> 19.680556 | N27: =L27-K27 -> -0.16944444
B28: =L27 -> 19.680556 | H28: =AVERAGE(C28:G28) -> #DIV/0! | I28: =STDEV(C28:G28) -> #DIV/0! | J28: =A28+R75 -> 0.0031944444 | K28: =Q20 -> 21.1 | L28: =S20 -> 21
A33: St. deviasi | D33: U sertifikat | E33: 0.08 | G33: Koreksi | H33: =5.51-((R39/O39)*5.51) -> -0.029246443 | N33: temperatur °C | O33: DO mg/L | Q33: temperatur °C | R33: ΔPH
D34: U sertifikat thermometer | E34: =0.4 -> 0.4 | N34: 15 | O34: 10.083
A35: Skala terkecil alat | B35: =D10 -> 0.01 | N35: 16 | O35: 9.885
N36: 17 | O36: 9.699
A37: DO 5,5 mg/L | N37: 18 | O37: 9.525 | Q37: Koreksi temperatur
A38: Komponen | B38: Satuan | C38: Distribusi | D38: U | E38: Pembagi | F38: vi | G38: ui | H38: ci | I38: uici | J38: (uici)2 | K38: (uici)4/vi | N38: 19 | O38: 9.361 | Q38: =IF(Q39<=20,N38,IF(Q39>=20,N39,0)) -> 19 | R38: =VLOOKUP(Q38,$N$34:$O$49,2,FALSE) -> 9.361
A39: Repeatability | B39: pH | C39: Normal | D39: =I18 -> 0.061806149 | E39: =SQRT(5) -> 2.236068 | F39: 4 | G39: =D39/E39 -> 0.02764055 | H39: 1 | I39: =G39*H39 -> 0.02764055 | J39: =I39^2 -> 0.000764 | K39: =I39^4/F39 -> 1.45924e-07 | N39: 20 | O39: 9.208 | Q39: =B18 -> 19.680556 | R39: =(Q39-Q38)*(R40-R38)/(Q40-Q38)+R38 -> 9.256875
A40: Larutan Buffer | B40: pH | C40: t-student | D40: =E33 -> 0.08 | E40: 2 | F40: 60 | G40: =D40/E40 -> 0.04 | H40: 1 | I40: =G40*H40 -> 0.04 | J40: =I40^2 -> 0.0016 | K40: =I40^4/F40 -> 4.2666667e-08 | N40: 21 | O40: 9.065 | Q40: =IF(Q39<=20,N39,IF(Q39>=20,N40,0)) -> 20 | R40: =VLOOKUP(Q40,$N$34:$O$49,2,FALSE) -> 9.208
A41: Koreksi pengaruh ΔT | B41: pH | C41: Rect | D41: =H33 -> -0.029246443 | E41: =SQRT(3) -> 1.7320508 | F41: 50 | G41: =D41/E41 -> -0.016885442 | H41: 1 | I41: =G41*H41 -> -0.016885442 | J41: =I41^2 -> 0.00028511815 | K41: =I41^4/F41 -> 1.6258472e-09 | N41: 22 | O41: 8.931 | Q41: =A81 -> Pengaruh ketidakpastian Termometer digital
A42: Readability | B42: pH | C42: Rect | D42: =B35/2 -> 0.005 | E42: =SQRT(3) -> 1.7320508 | F42: 50 | G42: =D42/E42 -> 0.0028867513 | H42: 1 | I42: =G42*H42 -> 0.0028867513 | J42: =I42^2 -> 8.3333333e-06 | K42: =I42^4/F42 -> 1.3888889e-12 | N42: 23 | O42: 8.806 | Q42: 15 | R42: =O38 -> 9.361
A43: Pengaruh ketidakpastian Termometer digital | B43: oC | C43: Normal | D43: =E34 -> 0.4 | E43: 2 | F43: 60 | G43: =D43/E43 -> 0.2 | H43: =0.01/5 -> 0.002 | I43: =G43*H43 -> 0.0004 | J43: =I43^2 -> 1.6e-07 | K43: =I43^4/F43 -> 4.2666667e-16 | N43: 24 | O43: 8.69 | Q43: =E34+B18 -> 20.080556 | R43: =(Q43-Q42)*(R44-R42)/(Q44-Q42)+R42 -> 4.6101725
A44: Sums | J44: =SUM(J39:J42) -> 0.0026574515 | K44: =SUM(K39:K42) -> 1.902179e-07 | N44: 25 | O44: 8.581 | Q44: 25 | R44: 0.01
A45: Ketidakpastian baku gabungan, uc, Unit | J45: =SQRT(J44) -> 0.051550475 | N45: 26 | O45: 8.481
A46: Dearajat kebebasan efektif, veff | J46: =J45^4/K44 -> 37.126097 | N46: 27 | O46: 8.388
A47: Faktor cakupan, k-student for veff and CL 95% | J47: =TINV(0.05,J46) -> 2.0261925 | N47: 28 | O47: 8.303
A48: Ketidakpastian bentangan, U = kuc, Unit | J48: =J47*J45 -> 0.10445118 | N48: 29 | O48: 8.224
N49: 30 | O49: 8.152
A51: St. deviasi | B51: 0.0054772256 | D51: Usertifikat ph | E51: 0.02 | G51: Koreksi | H51: =R57 -> 0.0010666667 | N51: temperatur °C | O51: Δconductivity | Q51: temperatur °C | R51: ΔPH
D52: Usertifikat thermometer digital | E52: 0.4 | N52: 0 | O52: 0.13
A53: Skala terkecil alat | B53: =D10 -> 0.01 | N53: 5 | O53: 0.07
N54: 10 | O54: 0.05
A55: 12,88 mS/cm | N55: 15 | O55: 0.02 | Q55: Koreksi temperatur
A56: Komponen | B56: Satuan | C56: Distribusi | D56: U | E56: Pembagi | F56: vi | G56: ui | H56: ci | I56: uici | J56: (uici)2 | K56: (uici)4/vi | N56: 20 | O56: 0 | Q56: =N55 -> 15 | R56: =O55 -> 0.02
A57: Repeatability | B57: pH | C57: Normal | D57: =I23 -> #DIV/0! | E57: =SQRT(5) -> 2.236068 | F57: 4 | G57: =D57/E57 -> #DIV/0! | H57: 1 | I57: =G57*H57 -> #DIV/0! | J57: =I57^2 -> #DIV/0! | K57: =I57^4/F57 -> #DIV/0! | N57: 25 | O57: -0.02 | Q57: =B23 -> 19.733333 | R57: =(Q57-Q56)*(R58-R56)/(Q58-Q56)+R56 -> 0.0010666667
A58: Larutan Buffer | B58: pH | C58: t-student | D58: =E51 -> 0.02 | E58: 2 | F58: 60 | G58: =D58/E58 -> 0.01 | H58: 1 | I58: =G58*H58 -> 0.01 | J58: =I58^2 -> 0.0001 | K58: =I58^4/F58 -> 1.6666667e-10 | N58: 30 | O58: -0.02 | Q58: =N56 -> 20 | R58: =O56 -> 0
A59: Koreksi pengaruh ΔT | B59: pH | C59: Rect | D59: =R57 -> 0.0010666667 | E59: =SQRT(3) -> 1.7320508 | F59: 50 | G59: =D59/E59 -> 0.00061584029 | H59: 1 | I59: =G59*H59 -> 0.00061584029 | J59: =I59^2 -> 3.7925926e-07 | K59: =I59^4/F59 -> 2.8767517e-15 | N59: 35 | O59: -0.04 | Q59: =A81 -> Pengaruh ketidakpastian Termometer digital
A60: Readability | B60: pH | C60: Rect | D60: =B53/2 -> 0.005 | E60: =SQRT(3) -> 1.7320508 | F60: 50 | G60: =D60/E60 -> 0.0028867513 | H60: 1 | I60: =G60*H60 -> 0.0028867513 | J60: =I60^2 -> 8.3333333e-06 | K60: =I60^4/F60 -> 1.3888889e-12 | Q60: 15 | R60: =O55 -> 0.02
A61: Pengaruh ketidakpastian Termometer digital | B61: oC | C61: Normal | D61: =E52 -> 0.4 | E61: 2 | F61: 60 | G61: =D61/E61 -> 0.2 | H61: =0.02/5 -> 0.004 | I61: =G61*H61 -> 0.0008 | J61: =I61^2 -> 6.4e-07 | K61: =I61^4/F61 -> 6.8266667e-15 | Q61: =B23+E52 -> 20.133333 | R61: =(Q61-Q60)*(R62-R60)/(Q62-Q60)+R60 -> -0.00053333333
A62: Sums | J62: =SUM(J57:J61) -> #DIV/0! | K62: =SUM(K57:K61) -> #DIV/0! | Q62: 25 | R62: -0.02
A63: Ketidakpastian baku gabungan, uc, Unit | J63: =SQRT(J62) -> #DIV/0!
A64: Dearajat kebebasan efektif, veff | J64: =J63^4/K62 -> #DIV/0!
A65: Faktor cakupan, k-student for veff and CL 95% | J65: =TINV(0.05,J64) -> #DIV/0!
A66: Ketidakpastian bentangan, U = kuc, Unit | J66: =J65*J63 -> #DIV/0!
J67: 0.03
N69: temperatur °C | O69: Δconductivity | Q69: temperatur °C | R69: ΔPH
A70: St. deviasi | B70: 0.010954451 | D70: Usertifikat | E70: 0.03 | G70: Koreksi | H70: =R75 -> 0.0031944444 | N70: 0 | O70: 0.26
D71: usertifikat thermometer | E71: 0.4 | N71: 5 | O71: 0.17
A72: Skala terkecil alat | B72: =D10 -> 0.01 | N72: 10 | O72: 0.11
N73: 15 | O73: 0.05 | Q73: Koreksi temperatur
N74: 20 | O74: 0 | Q74: =N73 -> 15 | R74: =O73 -> 0.05
A75: 84 𝜇S/cm | N75: 25 | O75: -0.06 | Q75: =B28 -> 19.680556 | R75: =(Q75-Q74)*(R76-R74)/(Q76-Q74)+R74 -> 0.0031944444
A76: Komponen | B76: Satuan | C76: Distribusi | D76: U | E76: Pembagi | F76: vi | G76: ui | H76: ci | I76: uici | J76: (uici)2 | K76: (uici)4/vi | Q76: =N74 -> 20 | R76: =O74 -> 0
A77: Repeatability | B77: pH | C77: Normal | D77: =I28 -> #DIV/0! | E77: =SQRT(5) -> 2.236068 | F77: 4 | G77: =D77/E77 -> #DIV/0! | H77: 1 | I77: =G77*H77 -> #DIV/0! | J77: =I77^2 -> #DIV/0! | K77: =I77^4/F77 -> #DIV/0! | Q77: =A81 -> Pengaruh ketidakpastian Termometer digital
A78: Larutan Buffer | B78: pH | C78: t-student | D78: =E70 -> 0.03 | E78: 2 | F78: 60 | G78: =D78/E78 -> 0.015 | H78: 1 | I78: =G78*H78 -> 0.015 | J78: =I78^2 -> 0.000225 | K78: =I78^4/F78 -> 8.4375e-10 | Q78: =N74 -> 20 | R78: =O74 -> 0
A79: Koreksi pengaruh ΔT | B79: pH | C79: Rect | D79: =R75 -> 0.0031944444 | E79: =SQRT(3) -> 1.7320508 | F79: 50 | G79: =D79/E79 -> 0.0018443134 | H79: 1 | I79: =G79*H79 -> 0.0018443134 | J79: =I79^2 -> 3.4014918e-06 | K79: =I79^4/F79 -> 2.3140293e-13 | Q79: =E71+B28 -> 20.080556 | R79: =(Q79-Q78)*(R80-R78)/(Q80-Q78)+R78 -> -0.00096666667
A80: Readability | B80: pH | C80: Rect | D80: =B72/2 -> 0.005 | E80: =SQRT(3) -> 1.7320508 | F80: 50 | G80: =D80/E80 -> 0.0028867513 | H80: 1 | I80: =G80*H80 -> 0.0028867513 | J80: =I80^2 -> 8.3333333e-06 | K80: =I80^4/F80 -> 1.3888889e-12 | Q80: =N75 -> 25 | R80: =O75 -> -0.06
A81: Pengaruh ketidakpastian Termometer digital | B81: oC | C81: Normal | D81: =E71 -> 0.4 | E81: 2 | F81: 60 | G81: =D81/E81 -> 0.2 | H81: =0.05/5 -> 0.01 | I81: =G81*H81 -> 0.002 | J81: =I81^2 -> 4e-06 | K81: =I81^4/F81 -> 2.6666667e-13
A82: Sums | J82: =SUM(J77:J80) -> #DIV/0! | K82: =SUM(K77:K80) -> #DIV/0!
A83: Ketidakpastian baku gabungan, uc, Unit | J83: =SQRT(J82) -> #DIV/0!
A84: Dearajat kebebasan efektif, veff | J84: =J83^4/K82 -> #DIV/0!
A85: Faktor cakupan, k-student for veff and CL 95% | J85: =TINV(0.05,J84) -> #DIV/0!
A86: Ketidakpastian bentangan, U = kuc, Unit | J86: =J85*J83 -> #DIV/0!
J87: 0.037

Sheet Sheet1
D4: temperatur °C | E4: DO mg/L
D5: 15 | E5: 10.083 | F5: =E5-9.208 -> 0.875
D6: 16 | E6: 9.885 | F6: =E6-9.208 -> 0.677
D7: 17 | E7: 9.699 | F7: =E7-9.208 -> 0.491
D8: 18 | E8: 9.525 | F8: =E8-9.208 -> 0.317
D9: 19 | E9: 9.361 | F9: =E9-9.208 -> 0.153
D10: 20 | E10: 9.208 | F10: =E10-9.208 -> 0
D11: 21 | E11: 9.065 | F11: =E11-9.208 -> -0.143
D12: 22 | E12: 8.931 | F12: =E12-9.208 -> -0.277
D13: 23 | E13: 8.806 | F13: =E13-9.208 -> -0.402
D14: 24 | E14: 8.69 | F14: =E14-9.208 -> -0.518
D15: 25 | E15: 8.581 | F15: =E15-9.208 -> -0.627
D16: 26 | E16: 8.481 | F16: =E16-9.208 -> -0.727
... D20: 30 | E20: 8.152 | F20: =E20-9.208 -> -1.056
