Workbook
Name sert: #REF!

Sheet Sertifikat
A7: S E R T I F I K A T K A L I B R A S I
A8: C A L I B R A T I O N C E R T I F I C A T E
A9: Nomor / Number : 0058-7.2/KALIBRASI BBLM/XII/2025
B14: IDENTITAS ALAT
B15: INSTRUMENT DETAILS
B17: Nama Alat | E17: : pH meter
B18: Instrument Name
B19: Merek | E19: =CONCATENATE(":"," ",'Budget pH meter'!B7) -> : Thermo Scientific
B20: Brand
B21: Tipe | E21: =CONCATENATE(":"," ",'Budget pH meter'!B8) -> : Orion Star A325
B22: Type
B23: Nomor Identifikasi | E23: =CONCATENATE(":"," ",'Budget pH meter'!B9) -> : -
B24: Identification Number
B25: Nomor Seri | E25: =CONCATENATE(":"," ",'Budget pH meter'!B10) -> : G13040
B26: Serial Number
B27: Lain-lain | E27: : Kapasitas | G27: =CONCATENATE(":"," ",'Budget pH meter'!B11," ",'Budget pH meter'!E11) -> : (-2,00) s.d. 20,00 pH
B28: Others | E28: Kecermatan | G28: =CONCATENATE(":"," ",'Budget pH meter'!D11," ",'Budget pH meter'!E11) -> : 0,01 pH
B30: IDENTITAS PEMILIK
B31: Owner’s Identification
B33: Nama | C33: =CONCATENATE(":"," ",'Budget pH meter'!B6) -> : UPTD. Laboratorium Lingkungan Hidup, DLH Jawa Barat
B34: Designation
B35: Alamat | C35: =CONCATENATE(":"," ",'Budget pH meter'!B2) -> : Jl. A. H. Nasution No. 117, Pasir Endah, Kec. ujung Berung, Bandung 40619
B36: Address
I38: Halaman 1 dari 2 halaman
I39: Page of page
I41: Diterbitkan Tanggal 15 Desember 2025
I42: Date of Issue
G44: Penguji Mutu Barang Ahli Madya
G45: Elis Sofianti
G46: NIP. 197109301994032002
G66: Nomor | H66: =CONCATENATE(":"," ",MID(A9,18,100)) -> : 0058-7.2/KALIBRASI BBLM/XII/2025
G67: No. Order | H67: =": " &'Budget pH meter'!B3 -> : K663-2
G68: Halaman | H68: : 2 dari 2
B70: SPESIFIKASI ALAT
B71: Nama | D71: =E17 -> : pH meter
B72: Merk / Tipe | D72: =CONCATENATE(":"," ",'Budget pH meter'!B7," ","/"," ",'Budget pH meter'!B8) -> : Thermo Scientific / Orion Star A325
B73: No. Identifikasi | D73: =E23 -> : -
B74: No. Seri | D74: =E25 -> : G13040
B75: Kapasitas | D75: =G27 -> : (-2,00) s.d. 20,00 pH
B76: Kecermatan | D76: =G28 -> : 0,01 pH | G76: Kondisi ruang
B77: Prosedur Kalibrasi | D77: : ASTM E 70 -19 | G77: Temperatur | I77: =CONCATENATE(": ",'Budget pH meter'!G12," ºC") -> : 19,6 ± 2,0 ºC
B78: Tanggal Terima | D78: =CONCATENATE(": ",'Budget pH meter'!B4) -> : 25 November 2025 | G78: Kelembaban relatif | I78: =CONCATENATE(": ",'Budget pH meter'!H12," %RH") -> : 64 ± 3 %RH
B79: Tanggal Kalibrasi | D79: =CONCATENATE(": ",'Budget pH meter'!B5) -> : 1 Desember 2025
B80: Lokasi Alat | D80: : Lab kalibrasi volumetrik BBSPJILM
E83: HASIL KALIBRASI
B86: Nominal (pH) | D86: Koreksi (pH) | F86: % Slope | H86: Ketidakpastian U95% (k=2) (pH)
B88: 4 | D88: ='Budget pH meter'!J18-'Budget pH meter'!H18 -> 0.01915 | F88: ='Budget pH meter'!R30 -> 0.99498686 | H88: =CONCATENATE(FIXED(MAX('Budget pH meter'!J55,0.023),3)) -> 0,023
B89: 7 | D89: ='Budget pH meter'!J24-'Budget pH meter'!H24 -> 0.019066667 | H89: =CONCATENATE(FIXED(MAX('Budget pH meter'!J73,0.03),3)) -> 0,030
B90: 10 | D90: ='Budget pH meter'!J30-'Budget pH meter'!H30 -> -0.086805556 | H90: =CONCATENATE(FIXED(MAX('Budget pH meter'!J93,0.037),3)) -> 0,037
B93: Catatan :
B94: - Alat ini dikalibrasi dengan larutan buffer 4,00 pH No. seri : 1.09435.1000; 7,00 pH
B95: No. seri : 1.09439.1000; 10,00 pH No. seri : 1.09438.1000 yang tertelusur ke Merck.
B96: - Alat ini dilakukan adjust hanya pada 2 titik ukur yaitu pH 7 dan pH 4

Sheet Budget pH meter
A1: data kalibrasi
A2: Alamat | B2: Jl. A. H. Nasution No. 117, Pasir Endah, Kec. ujung Berung, Bandung 40619
A3: no. order | B3: K663-2 | K3: Thermohygro Beureur data 2025
A4: tanggal terima | B4: 25 November 2025 | G4: Suhu (°C) | H4: %RH | K4: Koreksi suhu | N4: Koreksi RH
A5: tanggal kalibrasi | B5: 1 Desember 2025 | F5: Awal | G5: 19.5 | H5: 65 | K5: T (°C) | L5: Koreksi | M5: U95 | N5: RH (%) | O5: Koreksi | P5: U95
A6: Pemilik | B6: UPTD. Laboratorium Lingkungan Hidup, DLH Jawa Barat | F6: Akhir | G6: 19.5 | H6: 65 | K6: 20.01 | L6: 0.3 | M6: 2 | N6: 40.01 | O6: -2 | P6: 3
A7: merk | B7: Thermo Scientific | F7: Rata2 | G7: =AVERAGE(G5:G6) -> 19.5 | H7: =AVERAGE(H5:H6) -> 65 | K7: 25 | L7: 0.4 | M7: 2 | N7: 50.01 | O7: -3 | P7: 3
A8: Tipe | B8: Orion Star A325 | F8: Terkoreksi | G8: =G7+FORECAST(G7,L6:L10,K6:K10) -> 19.563469 | H8: =H7+FORECAST(H7,O6:O10,N6:N10) -> 63.523834 | K8: 30 | L8: 0.5 | M8: 2 | N8: 60.02 | O8: -1 | P8: 3
A9: No identifikasi | B9: - | F9: U95 | G9: 2 | H9: =FORECAST(H8,P6:P10,N6:N10) -> 2.7723924 | K9: 35 | L9: 1.2 | M9: 2 | N9: 70 | O9: 0 | P9: 2
A10: no seri | B10: G13040 | F10: Fluktuasi suhu | G10: =(MAX(G5:G6)-G7+G7-MIN(G5:G6))/2 -> 0 | H10: =(MAX(H5:H6)-H7+H7-MIN(H5:H6))/2 -> 0 | K10: 40 | L10: 1.7 | M10: 2 | N10: 82 | O10: -2 | P10: 3
A11: kapasitas/resolusi | B11: (-2,00) s.d. 20,00 | C11: / | D11: 0.01 | E11: pH | F11: Flu+U95 | G11: =G9+G10 -> 2 | H11: =H9+H10 -> 2.7723924
F12: Kondisi Ruang | G12: =FIXED(G8,1) & " ± "&FIXED(G11,1) -> 19,6 ± 2,0 | H12: =FIXED(H8,0) & " ± "&FIXED(H11,0) -> 64 ± 3
G14: Suhu Awal | H14: Suhu Akhir
A15: PH 4 | F15: Suhu buffer | G15: 19.7 | H15: 19.8 | I15: °C | N15: koreksi temperatur | Q15: Nilai koreksi termometer digital tahun 2025
A16: buffer standar | B16: suhu °C | C16: pembacaan alat | I16: stdev | J16: standar terkoreksi | K16: =Q18 -> 19.3 | L16: =S18 -> 19.1 | Q16: pembacaan alat | R16: koreksi | S16: pembacaan alat terkoreksi
C17: X1 | D17: X2 | E17: X3 | F17: X4 | G17: X5 | H17: X rata | K17: =AVERAGE(G15,H15) -> 19.75 | L17: =(K17-K16)*(L18-L16)/(K18-K16)+L16 -> 19.575 | N17: =L17-K17 -> -0.175 | Q17: °C | R17: °C | S17: °C
A18: 4 | B18: =L17 -> 19.575 | C18: 3.98 | D18: 3.98 | E18: 3.98 | F18: 3.98 | G18: 3.98 | H18: =AVERAGE(C18:G18) -> 3.98 | I18: =STDEV(C18:G18) -> 4.9650683e-16 | J18: =A18-R46 -> 3.99915 | K18: =Q20 -> 21.1 | L18: =S20 -> 21 | Q18: 19.3 | R18: -0.2 | S18: =Q18+R18 -> 19.1
B19: mV | C19: 175.8 | D19: 175.8 | E19: 175.8 | F19: 175.8 | G19: 175.8 | H19: =AVERAGE(C19:G19) -> 175.8 | Q19: 20.1 | R19: -0.2 | S19: =Q19+R19 -> 19.9
G20: Suhu Awal | H20: Suhu Akhir | Q20: 21.1 | R20: -0.1 | S20: =Q20+R20 -> 21
A21: PH 7 | F21: Suhu buffer | G21: 19.9 | H21: 19.9 | I21: °C
A22: buffer standar | B22: suhu °C | C22: pembacaan alat | I22: stdev | J22: standar terkoreksi | K22: =Q18 -> 19.3 | L22: =S18 -> 19.1
C23: X1 | D23: X2 | E23: X3 | F23: X4 | G23: X5 | H23: X rata | K23: =AVERAGE(G21,H21) -> 19.9 | L23: =(K23-K22)*(L24-L22)/(K24-K22)+L22 -> 19.733333 | N23: =L23-K23 -> -0.16666667
A24: 7 | B24: =L23 -> 19.733333 | C24: 6.99 | D24: 6.98 | E24: 6.98 | F24: 6.98 | G24: 6.98 | H24: =AVERAGE(C24:G24) -> 6.982 | I24: =STDEV(C24:G24) -> 0.004472136 | J24: =A24+R64 -> 7.0010667 | K24: =Q20 -> 21.1 | L24: =S20 -> 21
B25: mV | C25: 1.7 | D25: 1.8 | E25: 1.9 | F25: 1.9 | G25: 1.9 | H25: =AVERAGE(C25:G25) -> 1.84 | Q25: % Slope | R25: Standard | S25: 58.24 | T25: Delta ABS
G26: Suhu Awal | H26: Suhu Akhir | Q26: =(H19-H25)/(H24-H18) -> 57.948035 | R26: =Q26/S25 -> 0.99498686 | T26: =ABS(Q26-S25) -> 0.29196536
A27: PH 10 | F27: suhu buffer | G27: 19.9 | H27: 19.8 | I27: °C | Q27: =(H25-H31)/(H30-H24) -> 43.384813 | R27: =Q27/S25 -> 0.74493155 | T27: =ABS(Q27-S25) -> 14.855187
A28: buffer standar | B28: suhu °C | C28: pembacaan alat | I28: stdev | J28: standar terkoreksi | K28: =Q18 -> 19.3 | L28: =S18 -> 19.1
C29: X1 | D29: X2 | E29: X3 | F29: X4 | G29: X5 | H29: X rata | K29: =AVERAGE(G27,H27) -> 19.85 | L29: =(K29-K28)*(L30-L28)/(K30-K28)+L28 -> 19.680556 | N29: =L29-K29 -> -0.16944444
A30: 10 | B30: =L29 -> 19.680556 | C30: 10.09 | D30: 10.09 | E30: 10.09 | F30: 10.09 | G30: 10.09 | H30: =AVERAGE(C30:G30) -> 10.09 | I30: =STDEV(C30:G30) -> 0 | J30: =A30+R82 -> 10.003194 | K30: =Q20 -> 21.1 | L30: =S20 -> 21 | Q30: Hasil | R30: =IF(T26<T27,R26,IF(T27<T26,R27,0)) -> 0.99498686
B31: mV | C31: -133 | D31: -133 | E31: -133 | F31: -133 | G31: -133 | H31: =AVERAGE(C31:G31) -> -133
G32: Suhu Awal | H32: Suhu Akhir
A33: PH 2 | F33: suhu buffer | G33: 0 | H33: 0 | I33: °C
A34: buffer standar | B34: suhu °C | C34: pembacaan alat | I34: stdev | J34: standar terkoreksi | K34: =Q18 -> 19.3 | L34: =S18 -> 19.1
C35: X1 | D35: X2 | E35: X3 | F35: X4 | G35: X5 | H35: X rata | K35: =AVERAGE(G33,H33) -> 0 | L35: =(K35-K34)*(L36-L34)/(K36-K34)+L34 -> -1.2722222 | N35: =L35-K35 -> -1.2722222
A36: 2 | B36: =L35 -> -1.2722222 | C36: 0 | D36: 0 | E36: 0 | F36: 0 | G36: 0 | H36: =AVERAGE(C36:G36) -> 0 | I36: =STDEV(C36:G36) -> 0 | J36: =A36+R103 -> 2.7572911 | K36: =Q20 -> 21.1 | L36: =S20 -> 21
B37: mV | C37: 0 | D37: 0 | E37: 0 | F37: 0 | G37: 0 | H37: =AVERAGE(C37:G37) -> 0
A40: St. deviasi | B40: =I18 -> 4.9650683e-16 | D40: U sertifikat Buffer | E40: 0.02 | G40: Koreksi | H40: =R46 -> 0.00085 | N40: temperatur °C | O40: ΔPH
D41: U sertifikat thermometer | E41: =0.4 -> 0.4 | N41: 0 | O41: 0.05 | Q41: temperatur °C | R41: ΔPH
A42: Skala terkecil alat | B42: =D11 -> 0.01 | N42: 5 | O42: 0.04
N43: 10 | O43: 0.02
A44: pH 4 | N44: 15 | O44: 0.01 | Q44: Koreksi temperatur
A45: Komponen | B45: Satuan | C45: Distribusi | D45: U | E45: Pembagi | F45: vi | G45: ui | H45: ci | I45: uici | J45: (uici)2 | K45: (uici)4/vi | N45: 20 | O45: 0 | Q45: =IF(Q46<=20,N44,IF(Q46>=20,N45,0)) -> 15 | R45: =VLOOKUP(Q45,$N$40:$O$50,2,FALSE) -> 0.01
A46: Repeatability | B46: pH | C46: Normal | D46: =I18 -> 4.9650683e-16 | E46: =SQRT(5) -> 2.236068 | F46: 4 | G46: =D46/E46 -> 2.220446e-16 | H46: 1 | I46: =G46*H46 -> 2.220446e-16 | J46: =I46^2 -> 4.9303807e-32 | K46: =I46^4/F46 -> 6.0771634e-64 | N46: 25 | O46: 0.01 | Q46: =B18 -> 19.575 | R46: =(Q46-Q45)*(R47-R45)/(Q47-Q45)+R45 -> 0.00085
A47: Larutan Buffer | B47: pH | C47: t-student | D47: =E40 -> 0.02 | E47: 2 | F47: 60 | G47: =D47/E47 -> 0.01 | H47: 1 | I47: =G47*H47 -> 0.01 | J47: =I47^2 -> 0.0001 | K47: =I47^4/F47 -> 1.6666667e-10 | N47: 30 | O47: 0.01 | Q47: =IF(Q46<=20,N45,IF(Q46>=20,N46,0)) -> 20 | R47: =VLOOKUP(Q47,$N$40:$O$50,2,FALSE) -> 0
A48: Koreksi pengaruh ΔT | B48: pH | C48: Rect | D48: =R46 -> 0.00085 | E48: =SQRT(3) -> 1.7320508 | F48: 50 | G48: =D48/E48 -> 0.00049074773 | H48: 1 | I48: =G48*H48 -> 0.00049074773 | J48: =I48^2 -> 2.4083333e-07 | K48: =I48^4/F48 -> 1.1600139e-15 | N48: 35 | O48: 0.01 | Q48: =A88 -> Pengaruh ketidakpastian Termometer digital
A49: Readability | B49: pH | C49: Rect | D49: =B42/2 -> 0.005 | E49: =SQRT(3) -> 1.7320508 | F49: 50 | G49: =D49/E49 -> 0.0028867513 | H49: 1 | I49: =G49*H49 -> 0.0028867513 | J49: =I49^2 -> 8.3333333e-06 | K49: =I49^4/F49 -> 1.3888889e-12 | N49: 40 | O49: 0.01 | Q49: 15 | R49: =O44 -> 0.01
A50: Pengaruh ketidakpastian Termometer digital | B50: oC | C50: Normal | D50: =E41 -> 0.4 | E50: 2 | F50: 60 | G50: =D50/E50 -> 0.2 | H50: =0.01/5 -> 0.002 | I50: =G50*H50 -> 0.0004 | J50: =I50^2 -> 1.6e-07 | K50: =I50^4/F50 -> 4.2666667e-16 | N50: 50 | O50: 0 | Q50: =E41+B18 -> 19.975 | R50: =(Q50-Q49)*(R51-R49)/(Q51-Q49)+R49 -> 0.01
A51: Sums | J51: =SUM(J46:J49) -> 0.00010857417 | K51: =SUM(K46:K49) -> 1.6805672e-10 | Q51: 25 | R51: 0.01
A52: Ketidakpastian baku gabungan, uc, Unit | J52: =SQRT(J51) -> 0.010419893
A53: Dearajat kebebasan efektif, veff | J53: =J52^4/K51 -> 70.145068
A54: Faktor cakupan, k-student for veff and CL 95% | J54: =TINV(0.05,J53) -> 1.9944371
A55: Ketidakpastian bentangan, U = kuc, Unit | J55: =J54*J52 -> 0.020781821
I56: KAN | J56: 0.023
A58: St. deviasi | B58: =I24 -> 0.004472136 | D58: Usertifikat ph | E58: 0.02 | G58: Koreksi | H58: =R64 -> 0.0010666667 | N58: temperatur °C | O58: ΔPH
D59: Usertifikat thermometer digital | E59: 0.4 | N59: 0 | O59: 0.13 | Q59: temperatur °C | R59: ΔPH
A60: Skala terkecil alat | B60: =D11 -> 0.01 | N60: 5 | O60: 0.07
N61: 10 | O61: 0.05
A62: pH 7 | N62: 15 | O62: 0.02 | Q62: Koreksi temperatur
A63: Komponen | B63: Satuan | C63: Distribusi | D63: U | E63: Pembagi | F63: vi | G63: ui | H63: ci | I63: uici | J63: (uici)2 | K63: (uici)4/vi | N63: 20 | O63: 0 | Q63: =IF(Q46<=20,N44,IF(Q46>=20,N45,0)) -> 15 | R63: =VLOOKUP(Q63,$N$58:$O$68,2,FALSE) -> 0.02
A64: Repeatability | B64: pH | C64: Normal | D64: =I24 -> 0.004472136 | E64: =SQRT(5) -> 2.236068 | F64: 4 | G64: =D64/E64 -> 0.002 | H64: 1 | I64: =G64*H64 -> 0.002 | J64: =I64^2 -> 4e-06 | K64: =I64^4/F64 -> 4e-12 | N64: 25 | O64: -0.02 | Q64: =B24 -> 19.733333 | R64: =(Q64-Q63)*(R65-R63)/(Q65-Q63)+R63 -> 0.0010666667
A65: Larutan Buffer | B65: pH | C65: t-student | D65: =E58 -> 0.02 | E65: 2 | F65: 60 | G65: =D65/E65 -> 0.01 | H65: 1 | I65: =G65*H65 -> 0.01 | J65: =I65^2 -> 0.0001 | K65: =I65^4/F65 -> 1.6666667e-10 | N65: 30 | O65: -0.02 | Q65: =IF(Q46<=20,N45,IF(Q46>=20,N46,0)) -> 20 | R65: =VLOOKUP(Q65,$N$58:$O$68,2,FALSE) -> 0
A66: Koreksi pengaruh ΔT | B66: pH | C66: Rect | D66: =R64 -> 0.0010666667 | E66: =SQRT(3) -> 1.7320508 | F66: 50 | G66: =D66/E66 -> 0.00061584029 | H66: 1 | I66: =G66*H66 -> 0.00061584029 | J66: =I66^2 -> 3.7925926e-07 | K66: =I66^4/F66 -> 2.8767517e-15 | N66: 35 | O66: -0.04 | Q66: =A88 -> Pengaruh ketidakpastian Termometer digital
A67: Readability | B67: pH | C67: Rect | D67: =B60/2 -> 0.005 | E67: =SQRT(3) -> 1.7320508 | F67: 50 | G67: =D67/E67 -> 0.0028867513 | H67: 1 | I67: =G67*H67 -> 0.0028867513 | J67: =I67^2 -> 8.3333333e-06 | K67: =I67^4/F67 -> 1.3888889e-12 | N67: 40 | O67: -0.05 | Q67: 15 | R67: =O62 -> 0.02
A68: Pengaruh ketidakpastian Termometer digital | B68: oC | C68: Normal | D68: =E59 -> 0.4 | E68: 2 | F68: 60 | G68: =D68/E68 -> 0.2 | H68: =0.02/5 -> 0.004 | I68: =G68*H68 -> 0.0008 | J68: =I68^2 -> 6.4e-07 | K68: =I68^4/F68 -> 6.8266667e-15 | N68: 50 | O68: -0.05 | Q68: =B24+E59 -> 20.133333 | R68: =(Q68-Q67)*(R69-R67)/(Q69-Q67)+R67 -> -0.00053333333
A69: Sums | J69: =SUM(J64:J68) -> 0.00011335259 | K69: =SUM(K64:K68) -> 1.7206526e-10 | Q69: 25 | R69: -0.02
A70: Ketidakpastian baku gabungan, uc, Unit | J70: =SQRT(J69) -> 0.010646717
A71: Dearajat kebebasan efektif, veff | J71: =J70^4/K69 -> 74.674053
A72: Faktor cakupan, k-student for veff and CL 95% | J72: =TINV(0.05,J71) -> 1.9925435
A73: Ketidakpastian bentangan, U = kuc, Unit | J73: =J72*J70 -> 0.021214048
I74: KAN | J74: 0.03
N76: temperatur °C | O76: ΔPH
A77: St. deviasi | B77: =I30 -> 0 | D77: Usertifikat | E77: 0.03 | G77: Koreksi | H77: =R82 -> 0.0031944444 | N77: 0 | O77: 0.26 | Q77: temperatur °C | R77: ΔPH
D78: usertifikat thermometer | E78: 0.4 | N78: 5 | O78: 0.17
A79: Skala terkecil alat | B79: =D11 -> 0.01 | N79: 10 | O79: 0.11
N80: 15 | O80: 0.05 | Q80: Koreksi temperatur
N81: 20 | O81: 0 | Q81: =IF(Q46<=20,N44,IF(Q46>=20,N45,0)) -> 15 | R81: =VLOOKUP(Q81,$N$76:$O$86,2,FALSE) -> 0.05
A82: pH 10 | N82: 25 | O82: -0.06 | Q82: =B30 -> 19.680556 | R82: =(Q82-Q81)*(R83-R81)/(Q83-Q81)+R81 -> 0.0031944444
A83: Komponen | B83: Satuan | C83: Distribusi | D83: U | E83: Pembagi | F83: vi | G83: ui | H83: ci | I83: uici | J83: (uici)2 | K83: (uici)4/vi | N83: 30 | O83: -0.11 | Q83: =IF(Q46<=20,N45,IF(Q46>=20,N46,0)) -> 20 | R83: =VLOOKUP(Q83,$N$76:$O$86,2,FALSE) -> 0
A84: Repeatability | B84: pH | C84: Normal | D84: =I30 -> 0 | E84: =SQRT(5) -> 2.236068 | F84: 4 | G84: =D84/E84 -> 0 | H84: 1 | I84: =G84*H84 -> 0 | J84: =I84^2 -> 0 | K84: =I84^4/F84 -> 0 | N84: 35 | O84: -0.16 | Q84: =A88 -> Pengaruh ketidakpastian Termometer digital
A85: Larutan Buffer | B85: pH | C85: t-student | D85: =E77 -> 0.03 | E85: 2 | F85: 60 | G85: =D85/E85 -> 0.015 | H85: 1 | I85: =G85*H85 -> 0.015 | J85: =I85^2 -> 0.000225 | K85: =I85^4/F85 -> 8.4375e-10 | N85: 40 | O85: -0.18 | Q85: =N81 -> 20 | R85: =O81 -> 0
A86: Koreksi pengaruh ΔT | B86: pH | C86: Rect | D86: =R82 -> 0.0031944444 | E86: =SQRT(3) -> 1.7320508 | F86: 50 | G86: =D86/E86 -> 0.0018443134 | H86: 1 | I86: =G86*H86 -> 0.0018443134 | J86: =I86^2 -> 3.4014918e-06 | K86: =I86^4/F86 -> 2.3140293e-13 | N86: 50 | O86: -0.26 | Q86: =E78+B30 -> 20.080556 | R86: =(Q86-Q85)*(R87-R85)/(Q87-Q85)+R85 -> -0.00096666667
A87: Readability | B87: pH | C87: Rect | D87: =B79/2 -> 0.005 | E87: =SQRT(3) -> 1.7320508 | F87: 50 | G87: =D87/E87 -> 0.0028867513 | H87: 1 | I87: =G87*H87 -> 0.0028867513 | J87: =I87^2 -> 8.3333333e-06 | K87: =I87^4/F87 -> 1.3888889e-12 | Q87: =N82 -> 25 | R87: =O82 -> -0.06
A88: Pengaruh ketidakpastian Termometer digital | B88: oC | C88: Normal | D88: =E78 -> 0.4 | E88: 2 | F88: 60 | G88: =D88/E88 -> 0.2 | H88: =0.05/5 -> 0.01 | I88: =G88*H88 -> 0.002 | J88: =I88^2 -> 4e-06 | K88: =I88^4/F88 -> 2.6666667e-13
A89: Sums | J89: =SUM(J84:J87) -> 0.00023673483 | K89: =SUM(K84:K87) -> 8.4537029e-10
A90: Ketidakpastian baku gabungan, uc, Unit | J90: =SQRT(J89) -> 0.015386189
A91: Dearajat kebebasan efektif, veff | J91: =J90^4/K89 -> 66.294472
A92: Faktor cakupan, k-student for veff and CL 95% | J92: =TINV(0.05,J91) -> 1.9965644
A93: Ketidakpastian bentangan, U = kuc, Unit | J93: =J92*J90 -> 0.030719518
I94: KAN | J94: 0.037
N97: temperatur °C | O97: ΔPH | Q97: temperatur °C | R97: ΔPH
A98: St. deviasi | B98: =I36 -> 0 | D98: Usertifikat | E98: 0.01 | G98: Koreksi | H98: =R103 -> 0.75729111
D99: usertifikat thermometer | E99: 0.4
A100: Skala terkecil alat | B100: =D11 -> 0.01
Q101: Koreksi temperatur
N102: 23 | O102: =ABS(2.18-2.002) -> 0.178 | Q102: =IF(Q46<=20,N44,IF(Q46>=20,N45,0)) -> 15 | R102: =O102 -> 0.178
A103: pH 2 | N103: 25 | O103: 0 | Q103: =B36 -> -1.2722222 | R103: =(Q103-Q102)*(R104-R102)/(Q104-Q102)+R102 -> 0.75729111
A104: Komponen | B104: Satuan | C104: Distribusi | D104: U | E104: Pembagi | F104: vi | G104: ui | H104: ci | I104: uici | J104: (uici)2 | K104: (uici)4/vi | Q104: =IF(Q46<=20,N45,IF(Q46>=20,N46,0)) -> 20 | R104: =O103 -> 0
A105: Repeatability | B105: pH | C105: Normal | D105: =I36 -> 0 | E105: =SQRT(5) -> 2.236068 | F105: 4 | G105: =D105/E105 -> 0 | H105: 1 | I105: =G105*H105 -> 0 | J105: =I105^2 -> 0 | K105: =I105^4/F105 -> 0 | Q105: =A109 -> Pengaruh ketidakpastian Termometer digital
A106: Larutan Buffer | B106: pH | C106: t-student | D106: =E98 -> 0.01 | E106: 2 | F106: 60 | G106: =D106/E106 -> 0.005 | H106: 1 | I106: =G106*H106 -> 0.005 | J106: =I106^2 -> 2.5e-05 | K106: =I106^4/F106 -> 1.0416667e-11 | Q106: =N102 -> 23 | R106: =O102 -> 0.178
A107: Koreksi pengaruh ΔT | B107: pH | C107: Rect | D107: =R103 -> 0.75729111 | E107: =SQRT(3) -> 1.7320508 | F107: 50 | G107: =D107/E107 -> 0.43722223 | H107: 1 | I107: =G107*H107 -> 0.43722223 | J107: =I107^2 -> 0.19116328 | K107: =I107^4/F107 -> 0.00073086796 | Q107: =E99+B52 -> 0.4 | R107: =(Q107-Q106)*(R108-R106)/(Q108-Q106)+R106 -> 2.1894
...
