Workbook

Sheet Isian 
A1: Deskripsi | B1: Isi
A2: No Order | B2: K683-1
A3: Pemilik Alat | B3: UPTD. Laboratorium Lingkungan Hidup, DLH Jawa Barat
A4: Alamat Pemilik Alat | B4: Jl. A. H. Nasution No. 117, Pasir Endah, Kec. ujung Berung, Bandung 40619
A5: Lokasi Alat | B5: Jl. A. H. Nasution No. 117, Pasir Endah, Kec. ujung Berung, Bandung 40619
A6: Nama Alat | B6: Gelas Ukur | C6: <-------------dropdown perlu disesuaikan
A7: Merk | B7: Iwaki
A8: Tipe | B8: -
A9: No Seri | B9: -
A10: Kapasitas | B10: 10 | C10: ml | D10: <----- Isi angka saja
A11: Graduasi | B11: - | C11: ml | D11: <----- Isi angka saja
A12: No. Identifikasi | B12: 1
A13: Tanggal Terima | B13: 24 November 2025
A14: Tanggal Kalibrasi | B14: 1 Desember 2025
A15: Kalibrator
A16: Timbangan | B16: AND HM 300 | C16: <-------------dropdown perlu disesuaikan
A17: Thermometer | B17: Testo 110 | C17: <-------------dropdown perlu disesuaikan
A18: Thermohygro | B18: Rotronik | C18: <-------------dropdown perlu disesuaikan

Sheet Pengambilan Data 
A1: Kondisi Ruangan | B1: Awal | C1: Akhir | G1: PRE-ADJUSTMENT | H1: E2
A2: Suhu | B2: 20.1 | C2: 20.7 | G2: AT Standar | H2: =IF('Isian '!B16 = 'Database '!AG2, 200, IF('Isian '!B16='Database '!AG3, 5000,IF('Isian '!B16='Database '!AG4,2000,0))) -> 200 | I2: (max ) | J2: g | O2: ℃
A3: Kelembaban | B3: 60.5 | C3: 60 | G3: Beban | H3: =VLOOKUP(H2,A112:C131,2,FALSE) -> 199.99982 | I3: Massa konvensional dari sertifikat | O3: ℃
A4: Tekanan | B4: 925 | C4: 927 | G4: Beban | H4: Reading | I4: Means | J4: Difference ri-zi | K4: Correction Mi-(ri-zi)
C5: ` | G5: 0 | H5: 0
G6: =H3 -> 199.99982 | H6: 199.9973
A7: Penimbangan Bejana Kosong (A) | G7: =H3 -> 199.99982 | H7: 199.9974 | I7: =(H6+H7)/2 -> 199.99735 | J7: =I7-I8 -> 199.99735 | K7: =H3-(J7) -> 0.00247
A8: Penimbangan Ke - | B8: Nominal (ml) | C8: Zero (g) | D8: Load(g) | E8: Zero(g) | G8: 0 | H8: 0 | I8: =(H5+H8)/2 -> 0
A9: X1 | B9: =CONCATENATE('Isian '!$B$10/5," ml") -> 2 ml | C9: 0 | D9: 17.0763 | E9: 0
A10: X2 | B10: =CONCATENATE('Isian '!$B$10/5," ml") -> 2 ml | C10: 0 | D10: 17.0759 | E10: 0 | G10: ADJUSTMENT
A11: X3 | B11: =CONCATENATE('Isian '!$B$10/5," ml") -> 2 ml | C11: 0 | D11: 17.0756 | E11: 0 | G11: AT Standar | H11: =IF('Isian '!B16 = 'Database '!AG2, 200, IF('Isian '!B16='Database '!AG3, 5000,IF('Isian '!B16='Database '!AG4,2000,0))) -> 200 | I11: (max )
A12: X4 | B12: =CONCATENATE('Isian '!$B$10/5," ml") -> 2 ml | C12: 0 | D12: 17.0759 | E12: 0 | G12: Beban | H12: =VLOOKUP(H2,A112:C131,2,FALSE) -> 199.99982 | I12: Massa konvensional dari sertifikat
A13: X5 | B13: =CONCATENATE('Isian '!$B$10/5," ml") -> 2 ml | C13: 0 | D13: 17.0756 | E13: 0 | G13: Beban | H13: Reading | I13: Means | J13: Difference ri-zi | K13: Correction Mi-(ri-zi)
G14: 0 | H14: 0
A15: X6 | B15: =CONCATENATE('Isian '!$B$10*2/5," ml") -> 4 ml | C15: 0 | D15: 17.0763 | E15: 0 | G15: =H12 -> 199.99982 | H15: 200.0002
A16: X7 | B16: =CONCATENATE('Isian '!$B$10*2/5," ml") -> 4 ml | C16: 0 | D16: 17.0759 | E16: 0 | G16: =H12 -> 199.99982 | H16: 200.0001 | I16: =(H15+H16)/2 -> 200.00015 | J16: =I16-I17 -> 200.00015 | K16: =H12-(I16) -> -0.00033
A17: X8 | B17: =CONCATENATE('Isian '!$B$10*2/5," ml") -> 4 ml | C17: 0 | D17: 17.0756 | E17: 0 | H17: 0 | I17: =(H14+H17)/2 -> 0
A18: X9 | B18: =CONCATENATE('Isian '!$B$10*2/5," ml") -> 4 ml | C18: 0 | D18: 17.0759 | E18: 0
A19: X10 | B19: =CONCATENATE('Isian '!$B$10*2/5," ml") -> 4 ml | C19: 0 | D19: 17.0756 | E19: 0
A21: X11 | B21: =CONCATENATE('Isian '!$B$10*3/5," ml") -> 6 ml | C21: 0 | D21: 17.0763 | E21: 0
A22: X12 | B22: =CONCATENATE('Isian '!$B$10*3/5," ml") -> 6 ml | C22: 0 | D22: 17.0759 | E22: 0
A23: X13 | B23: =CONCATENATE('Isian '!$B$10*3/5," ml") -> 6 ml | C23: 0 | D23: 17.0756 | E23: 0
A24: X14 | B24: =CONCATENATE('Isian '!$B$10*3/5," ml") -> 6 ml | C24: 0 | D24: 17.0759 | E24: 0
A25: X15 | B25: =CONCATENATE('Isian '!$B$10*3/5," ml") -> 6 ml | C25: 0 | D25: 17.0756 | E25: 0
A27: X16 | B27: =CONCATENATE('Isian '!$B$10*4/5," ml") -> 8 ml | C27: 0 | D27: 17.0763 | E27: 0
A28: X17 | B28: =CONCATENATE('Isian '!$B$10*4/5," ml") -> 8 ml | C28: 0 | D28: 17.0759 | E28: 0
A29: X18 | B29: =CONCATENATE('Isian '!$B$10*4/5," ml") -> 8 ml | C29: 0 | D29: 17.0756 | E29: 0
A30: X19 | B30: =CONCATENATE('Isian '!$B$10*4/5," ml") -> 8 ml | C30: 0 | D30: 17.0759 | E30: 0
A31: X20 | B31: =CONCATENATE('Isian '!$B$10*4/5," ml") -> 8 ml | C31: 0 | D31: 17.0756 | E31: 0
A33: X21 | B33: =CONCATENATE('Isian '!$B$10*5/5," ml") -> 10 ml | C33: 0 | D33: 17.0763 | E33: 0
A34: X22 | B34: =CONCATENATE('Isian '!$B$10*5/5," ml") -> 10 ml | C34: 0 | D34: 17.0759 | E34: 0
A35: X23 | B35: =CONCATENATE('Isian '!$B$10*5/5," ml") -> 10 ml | C35: 0 | D35: 17.0756 | E35: 0
A36: X24 | B36: =CONCATENATE('Isian '!$B$10*5/5," ml") -> 10 ml | C36: 0 | D36: 17.0759 | E36: 0
A37: X25 | B37: =CONCATENATE('Isian '!$B$10*5/5," ml") -> 10 ml | C37: 0 | D37: 17.0756 | E37: 0
A40: Penimbangan berisi air destilasi (B)
A41: Penimbangan Ke - | B41: Nominal (ml) | C41: Zero (g) | D41: Load (g) | E41: Zero(g) | F41: Suhu Cairan (g)
A42: X1 | B42: =CONCATENATE('Isian '!$B$10/5," ml") -> 2 ml | C42: 0 | D42: 18.0641 | E42: 0 | F42: 20
A43: X2 | B43: =CONCATENATE('Isian '!$B$10/5," ml") -> 2 ml | C43: 0 | D43: 18.0641 | E43: 0 | F43: 20
A44: X3 | B44: =CONCATENATE('Isian '!$B$10/5," ml") -> 2 ml | C44: 0 | D44: 18.0708 | E44: 0 | F44: 20.2
A45: X4 | B45: =CONCATENATE('Isian '!$B$10/5," ml") -> 2 ml | C45: 0 | D45: 18.0641 | E45: 0 | F45: 20.2
A46: X5 | B46: =CONCATENATE('Isian '!$B$10/5," ml") -> 2 ml | C46: 0 | D46: 18.0708 | E46: 0 | F46: 20
A48: X6 | B48: =CONCATENATE('Isian '!$B$10*2/5," ml") -> 4 ml | C48: 0 | D48: 18.0641 | E48: 0 | F48: 20
A49: X7 | B49: =CONCATENATE('Isian '!$B$10*2/5," ml") -> 4 ml | C49: 0 | D49: 18.0641 | E49: 0 | F49: 20
A50: X8 | B50: =CONCATENATE('Isian '!$B$10*2/5," ml") -> 4 ml | C50: 0 | D50: 18.0708 | E50: 0 | F50: 20.2
A51: X9 | B51: =CONCATENATE('Isian '!$B$10*2/5," ml") -> 4 ml | C51: 0 | D51: 18.0641 | E51: 0 | F51: 20.2
A52: X10 | B52: =CONCATENATE('Isian '!$B$10*2/5," ml") -> 4 ml | C52: 0 | D52: 18.0708 | E52: 0 | F52: 20
A54: X11 | B54: =CONCATENATE('Isian '!$B$10*3/5," ml") -> 6 ml | C54: 0 | D54: 18.0641 | E54: 0 | F54: 20
A55: X12 | B55: =CONCATENATE('Isian '!$B$10*3/5," ml") -> 6 ml | C55: 0 | D55: 18.0641 | E55: 0 | F55: 20
A56: X13 | B56: =CONCATENATE('Isian '!$B$10*3/5," ml") -> 6 ml | C56: 0 | D56: 18.0708 | E56: 0 | F56: 20.2
A57: X14 | B57: =CONCATENATE('Isian '!$B$10*3/5," ml") -> 6 ml | C57: 0 | D57: 18.0641 | E57: 0 | F57: 20.2
A58: X15 | B58: =CONCATENATE('Isian '!$B$10*3/5," ml") -> 6 ml | C58: 0 | D58: 18.0708 | E58: 0 | F58: 20
A60: X16 | B60: =CONCATENATE('Isian '!$B$10*4/5," ml") -> 8 ml | C60: 0 | D60: 18.0641 | E60: 0 | F60: 20
A61: X17 | B61: =CONCATENATE('Isian '!$B$10*4/5," ml") -> 8 ml | C61: 0 | D61: 18.0641 | E61: 0 | F61: 20
A62: X18 | B62: =CONCATENATE('Isian '!$B$10*4/5," ml") -> 8 ml | C62: 0 | D62: 18.0708 | E62: 0 | F62: 20.2
A63: X19 | B63: =CONCATENATE('Isian '!$B$10*4/5," ml") -> 8 ml | C63: 0 | D63: 18.0641 | E63: 0 | F63: 20.2
A64: X20 | B64: =CONCATENATE('Isian '!$B$10*4/5," ml") -> 8 ml | C64: 0 | D64: 18.0708 | E64: 0 | F64: 20
A66: X21 | B66: =CONCATENATE('Isian '!$B$10*5/5," ml") -> 10 ml | C66: 0 | D66: 18.0641 | E66: 0 | F66: 20
A67: X22 | B67: =CONCATENATE('Isian '!$B$10*5/5," ml") -> 10 ml | C67: 0 | D67: 18.0641 | E67: 0 | F67: 20
A68: X23 | B68: =CONCATENATE('Isian '!$B$10*5/5," ml") -> 10 ml | C68: 0 | D68: 18.0708 | E68: 0 | F68: 20.2
A69: X24 | B69: =CONCATENATE('Isian '!$B$10*5/5," ml") -> 10 ml | C69: 0 | D69: 18.0641 | E69: 0 | F69: 20.2
A70: X25 | B70: =CONCATENATE('Isian '!$B$10*5/5," ml") -> 10 ml | C70: 0 | D70: 18.0708 | E70: 0 | F70: 20
A74: Pengukuran Diameter dan Tebal Garis | B74: =CONCATENATE('Isian '!$B$10/5," ml") -> 2 ml | D74: =CONCATENATE('Isian '!$B$10*2/5," ml") -> 4 ml | G74: =CONCATENATE('Isian '!$B$10*3/5," ml") -> 6 ml | J74: =CONCATENATE('Isian '!$B$10*4/5," ml") -> 8 ml | M74: =CONCATENATE('Isian '!$B$10*5/5," ml") -> 10 ml
A75: Pengukuran Ke - | B75: Diameter (mm) | C75: Tebal Garis (mm) | D75: Pengukuran Ke - | E75: Diameter (mm) | F75: Tebal Garis (mm) | G75: Pengukuran Ke - | H75: Diameter (mm) | I75: Tebal Garis (mm) | J75: Pengukuran Ke - | K75: Diameter (mm) | L75: Tebal Garis (mm) | M75: Pengukuran Ke - | N75: Diameter (mm) | O75: Tebal Garis (mm)
A76: X1 | B76: 3.03 | C76: 0.3 | D76: X1 | E76: 3.03 | F76: 0.3 | G76: X1 | H76: 3.03 | I76: 0.3 | J76: X1 | K76: 3.03 | L76: 0.3 | M76: X1 | N76: 3.03 | O76: 0.3
A77: X2 | B77: 3.03 | C77: 0.3 | D77: X2 | E77: 3.03 | F77: 0.3 | G77: X2 | H77: 3.03 | I77: 0.3 | J77: X2 | K77: 3.03 | L77: 0.3 | M77: X2 | N77: 3.03 | O77: 0.3
A78: X3 | B78: 3.02 | C78: 0.3 | D78: X3 | E78: 3.02 | F78: 0.3 | G78: X3 | H78: 3.02 | I78: 0.3 | J78: X3 | K78: 3.02 | L78: 0.3 | M78: X3 | N78: 3.02 | O78: 0.3
A79: Rata -Rata | B79: =AVERAGE(Table1[Diameter (mm)]) -> 3.0266667 | C79: =AVERAGE(Table1[Tebal Garis (mm)]) -> 0.3 | D79: Rata -Rata | E79: =AVERAGE(Table17[Diameter (mm)]) -> 3.0266667 | F79: =AVERAGE(Table17[Tebal Garis (mm)]) -> 0.3 | G79: Rata -Rata | H79: =AVERAGE(Table178[Diameter (mm)]) -> 3.0266667 | I79: =AVERAGE(Table178[Tebal Garis (mm)]) -> 0.3 | J79: Rata -Rata | K79: =AVERAGE(Table179[Diameter (mm)]) -> 3.0266667 | L79: =AVERAGE(Table179[Tebal Garis (mm)]) -> 0.3 | M79: Rata -Rata | N79: =AVERAGE(Table1710[Diameter (mm)]) -> 3.0266667 | O79: =AVERAGE(Table1710[Tebal Garis (mm)]) -> 0.3
A82: Analisis | B82: =CONCATENATE('Isian '!$B$10/5," ml") -> 2 ml | H82: =CONCATENATE('Isian '!$B$10*2/5," ml") -> 4 ml | O82: =CONCATENATE('Isian '!$B$10*3/5," ml") -> 6 ml | V82: =CONCATENATE('Isian '!$B$10*4/5," ml") -> 8 ml | AC82: =CONCATENATE('Isian '!$B$10*5/5," ml") -> 10 ml
A83: Penimbangan Ke - | B83: A Terkoreksi (g) | C83: B Terkoreksi (g) | D83: B - A (g) | E83: Suhu Air Destilasi Terkoreksi (◦C) | F83: Densitas Air Destilasi (g/cm^3) | G83: Volume pada Suhu 20◦C (ml) | H83: Penimbangan Ke - | I83: A Terkoreksi (g) | J83: B Terkoreksi (g) | K83: B - A (g) | L83: Suhu Air Destilasi Terkoreksi (◦C) | M83: Densitas Air Destilasi (g/cm^3) | N83: Volume pada Suhu 20◦C (ml) | O83: Penimbangan Ke - | P83: A Terkoreksi (g) | Q83: B Terkoreksi (g) | R83: B - A (g) | S83: Suhu Air Destilasi Terkoreksi (◦C) | T83: Densitas Air Destilasi (g/cm^3) | U83: Volume pada Suhu 20◦C (ml) | V83: Penimbangan Ke - | W83: A Terkoreksi (g) | X83: B Terkoreksi (g) | Y83: B - A (g) | Z83: Suhu Air Destilasi Terkoreksi (◦C) | AA83: Densitas Air Destilasi (g/cm^3) | AB83: Volume pada Suhu 20◦C (ml) | AC83: Penimbangan Ke - | AD83: A Terkoreksi (g) | AE83: B Terkoreksi (g) | AF83: B - A (g) | AG83: Suhu Air Destilasi Terkoreksi (◦C) | AH83: Densitas Air Destilasi (g/cm^3) | AI83: Volume pada Suhu 20◦C (ml)
A84: X1 | B84: =IF('Isian '!$B$16='Database '!$AG$2, 'Pengambilan Data '!D9 + FORECAST('Pengambilan Data '!D9, 'Database '!$U$3:$U$12, 'Database '!$T$3:$T$12), IF('Isian '!$B$16='Database '!$AG$3, 'Pengambilan Data '!D9 + FORECAST('Pengambilan Data '!D9, 'Database '!$AC$3:$AC$12, 'Database '!$AB$3:$AB$12), IF('Isian '!$B$16='Database '!$AG$4, 'Pengambilan Data '!D9 + FORECAST('Pengambilan Data '!D9, 'Database '!$Y$3:$Y$12, 'Database '!$X$3:$X$12), 0))) -> 17.07662 | C84: =IF('Isian '!$B$16='Database '!$AG$2, 'Pengambilan Data '!D42 + FORECAST('Pengambilan Data '!D42, 'Database '!$U$3:$U$12, 'Database '!$T$3:$T$12), IF('Isian '!$B$16='Database '!$AG$3, 'Pengambilan Data '!D42 + FORECAST('Pengambilan Data '!D42, 'Database '!$AC$3:$AC$12, 'Database '!$AB$3:$AB$12), IF('Isian '!$B$16='Database '!$AG$4, 'Pengambilan Data '!D42 + FORECAST('Pengambilan Data '!D42, 'Database '!$Y$3:$Y$12, 'Database '!$X$3:$X$12), 0))) -> 18.06442 | D84: =Table4[[#This Row],[B Terkoreksi (g)]]-Table4[[#This Row],[A Terkoreksi (g)]] -> 0.98780014 | E84: =F42+FORECAST(F42,'Database '!$Q$3:$Q$11,'Database '!$P$3:$P$11) -> 19.884248 | F84: =0.99997495*(1 - (((E84-3.983035)^2*(E84+301.797))/(522528.9*(E84+69.34881)))) -> 0.99823058 | G84: =Table4[[#This Row],[B - A (g)]]*(1/(Table4[[#This Row],[Densitas Air Destilasi (g/cm^3)]]-'Peralatan & Koefisien '!$L$15))*(1-('Peralatan & Koefisien '!$L$15/'Peralatan & Koefisien '!$D$15)*(1-'Peralatan & Koefisien '!$L$23*(Table4[[#This Row],[Suhu Air Destilasi Terkoreksi (◦C)]]-20))) -> 0.9905032 | H84: X1 | I84: =IF('Isian '!$B$16='Database '!$AG$2, D15+ FORECAST( D15, 'Database '!$U$3:$U$12, 'Database '!$T$3:$T$12), IF('Isian '!$B$16='Database '!$AG$3, D15+ FORECAST(D15, 'Database '!$AC$3:$AC$12, 'Database '!$AB$3:$AB$12), IF('Isian '!$B$16='Database '!$AG$4, D15+ FORECAST(D15, 'Database '!$Y$3:$Y$12, 'Database '!$X$3:$X$12), 0))) -> 17.07662 | J84: =IF('Isian '!$B$16='Database '!$AG$2, D48+ FORECAST(D48, 'Database '!$U$3:$U$12, 'Database '!$T$3:$T$12), IF('Isian '!$B$16='Database '!$AG$3, D48 + FORECAST(D48, 'Database '!$AC$3:$AC$12, 'Database '!$AB$3:$AB$12), IF('Isian '!$B$16='Database '!$AG$4, D48 + FORECAST(D48, 'Database '!$Y$3:$Y$12, 'Database '!$X$3:$X$12), 0))) -> 18.06442 | K84: =Table411[[#This Row],[B Terkoreksi (g)]]-Table411[[#This Row],[A Terkoreksi (g)]] -> 0.98780014 | L84: =F48+FORECAST(F48,'Database '!$Q$3:$Q$11,'Database '!$P$3:$P$11) -> 19.884248 | M84: =0.99997495*(1 - (((L84-3.983035)^2*(L84+301.797))/(522528.9*(L84+69.34881)))) -> 0.99823058 | N84: =Table411[[#This Row],[B - A (g)]]*(1/(Table411[[#This Row],[Densitas Air Destilasi (g/cm^3)]]-'Peralatan & Koefisien '!$L$15))*(1-('Peralatan & Koefisien '!$L$15/'Peralatan & Koefisien '!$D$15)*(1-'Peralatan & Koefisien '!$L$23*(Table411[[#This Row],[Suhu Air Destilasi Terkoreksi (◦C)]]-20))) -> 0.9905032 | O84: X1 | P84: =IF('Isian '!$B$16='Database '!$AG$2, D21 + FORECAST( D21, 'Database '!$U$3:$U$12, 'Database '!$T$3:$T$12), IF('Isian '!$B$16='Database '!$AG$3, D21 + FORECAST( D21, 'Database '!$AC$3:$AC$12, 'Database '!$AB$3:$AB$12), IF('Isian '!$B$16='Database '!$AG$4, D21 + FORECAST( D21, 'Database '!$Y$3:$Y$12, 'Database '!$X$3:$X$12), 0))) -> 17.07662 | Q84: =IF('Isian '!$B$16='Database '!$AG$2, D54 + FORECAST( D54, 'Database '!$U$3:$U$12, 'Database '!$T$3:$T$12), IF('Isian '!$B$16='Database '!$AG$3, D54 + FORECAST( D54, 'Database '!$AC$3:$AC$12, 'Database '!$AB$3:$AB$12), IF('Isian '!$B$16='Database '!$AG$4, D54+ FORECAST( D54, 'Database '!$Y$3:$Y$12, 'Database '!$X$3:$X$12), 0))) -> 18.06442 | R84: =Table412[[#This Row],[B Terkoreksi (g)]]-Table412[[#This Row],[A Terkoreksi (g)]] -> 0.98780014 | S84: =F54+FORECAST(F54,'Database '!$Q$3:$Q$11,'Database '!$P$3:$P$11) -> 19.884248 | T84: =0.99997495*(1 - (((S84-3.983035)^2*(S84+301.797))/(522528.9*(S84+69.34881)))) -> 0.99823058 | U84: =Table412[[#This Row],[B - A (g)]]*(1/(Table412[[#This Row],[Densitas Air Destilasi (g/cm^3)]]-'Peralatan & Koefisien '!$L$15))*(1-('Peralatan & Koefisien '!$L$15/'Peralatan & Koefisien '!$D$15)*(1-'Peralatan & Koefisien '!$L$23*(Table412[[#This Row],[Suhu Air Destilasi Terkoreksi (◦C)]]-20))) -> 0.9905032 | V84: X1 | W84: =IF('Isian '!$B$16='Database '!$AG$2, D27 + FORECAST(D27, 'Database '!$U$3:$U$12, 'Database '!$T$3:$T$12), IF('Isian '!$B$16='Database '!$AG$3, D27 + FORECAST(D27, 'Database '!$AC$3:$AC$12, 'Database '!$AB$3:$AB$12), IF('Isian '!$B$16='Database '!$AG$4, D27 + FORECAST(D27, 'Database '!$Y$3:$Y$12, 'Database '!$X$3:$X$12), 0))) -> 17.07662 | X84: =IF('Isian '!$B$16='Database '!$AG$2, D60 + FORECAST(D60, 'Database '!$U$3:$U$12, 'Database '!$T$3:$T$12), IF('Isian '!$B$16='Database '!$AG$3, D60 + FORECAST(D60, 'Database '!$AC$3:$AC$12, 'Database '!$AB$3:$AB$12), IF('Isian '!$B$16='Database '!$AG$4, D60 + FORECAST(D60, 'Database '!$Y$3:$Y$12, 'Database '!$X$3:$X$12), 0))) -> 18.06442 | Y84: =Table413[[#This Row],[B Terkoreksi (g)]]-Table413[[#This Row],[A Terkoreksi (g)]] -> 0.98780014 | Z84: =F60+FORECAST(F60,'Database '!$Q$3:$Q$11,'Database '!$P$3:$P$11) -> 19.884248 | AA84: =0.99997495*(1 - (((Z84-3.983035)^2*(Z84+301.797))/(522528.9*(Z84+69.34881)))) -> 0.99823058 | AB84: =Table413[[#This Row],[B - A (g)]]*(1/(Table413[[#This Row],[Densitas Air Destilasi (g/cm^3)]]-'Peralatan & Koefisien '!$L$15))*(1-('Peralatan & Koefisien '!$L$15/'Peralatan & Koefisien '!$D$15)*(1-'Peralatan & Koefisien '!$L$23*(Table413[[#This Row],[Suhu Air Destilasi Terkoreksi (◦C)]]-20))) -> 0.9905032 | AC84: X1 | AD84: =IF('Isian '!$B$16='Database '!$AG$2, D33 + FORECAST( D33, 'Database '!$U$3:$U$12, 'Database '!$T$3:$T$12), IF('Isian '!$B$16='Database '!$AG$3, D33+ FORECAST( D33, 'Database '!$AC$3:$AC$12, 'Database '!$AB$3:$AB$12), IF('Isian '!$B$16='Database '!$AG$4, D33 + FORECAST( D33, 'Database '!$Y$3:$Y$12, 'Database '!$X$3:$X$12), 0))) -> 17.07662 | AE84: =IF('Isian '!$B$16='Database '!$AG$2, D66 + FORECAST(D66, 'Database '!$U$3:$U$12, 'Database '!$T$3:$T$12), IF('Isian '!$B$16='Database '!$AG$3, D66+ FORECAST(D66, 'Database '!$AC$3:$AC$12, 'Database '!$AB$3:$AB$12), IF('Isian '!$B$16='Database '!$AG$4, D66 + FORECAST(D66, 'Database '!$Y$3:$Y$12, 'Database '!$X$3:$X$12), 0))) -> 18.06442 | AF84: =Table414[[#This Row],[B Terkoreksi (g)]]-Table414[[#This Row],[A Terkoreksi (g)]] -> 0.98780014 | AG84: =F66+FORECAST(F66,'Database '!$Q$3:$Q$11,'Database '!$P$3:$P$11) -> 19.884248 | AH84: =0.99997495*(1 - (((AG84-3.983035)^2*(AG84+301.797))/(522528.9*(AG84+69.34881)))) -> 0.99823058 | AI84: =Table414[[#This Row],[B - A (g)]]*(1/(Table414[[#This Row],[Densitas Air Destilasi (g/cm^3)]]-'Peralatan & Koefisien '!$L$15))*(1-('Peralatan & Koefisien '!$L$15/'Peralatan & Koefisien '!$D$15)*(1-'Peralatan & Koefisien '!$L$23*(Table414[[#This Row],[Suhu Air Destilasi Terkoreksi (◦C)]]-20))) -> 0.9905032
A85: X2 | B85: =IF('Isian '!$B$16='Database '!$AG$2, 'Pengambilan Data '!D10 + FORECAST('Pengambilan Data '!D10, 'Database '!$U$3:$U$12, 'Database '!$T$3:$T$12), IF('Isian '!$B$16='Database '!$AG$3, 'Pengambilan Data '!D10 + FORECAST('Pengambilan Data '!D10, 'Database '!$AC$3:$AC$12, 'Database '!$AB$3:$AB$12), IF('Isian '!$B$16='Database '!$AG$4, 'Pengambilan Data '!D10 + FORECAST('Pengambilan Data '!D10, 'Database '!$Y$3:$Y$12, 'Database '!$X$3:$X$12), 0))) -> 17.07622 | C85: =IF('Isian '!$B$16='Database '!$AG$2, 'Pengambilan Data '!D43 + FORECAST('Pengambilan Data '!D43, 'Database '!$U$3:$U$12, 'Database '!$T$3:$T$12), IF('Isian '!$B$16='Database '!$AG$3, 'Pengambilan Data '!D43 + FORECAST('Pengambilan Data '!D43, 'Database '!$AC$3:$AC$12, 'Database '!$AB$3:$AB$12), IF('Isian '!$B$16='Database '!$AG$4, 'Pengambilan Data '!D43 + FORECAST('Pengambilan Data '!D43, 'Database '!$Y$3:$Y$12, 'Database '!$X$3:$X$12), 0))) -> 18.06442 | D85: =Table4[[#This Row],[B Terkoreksi (g)]]-Table4[[#This Row],[A Terkoreksi (g)]] -> 0.98820014 | E85: =F43+FORECAST(F43,'Database '!$Q$3:$Q$11,'Database '!$P$3:$P$11) -> 19.884248 | F85: =0.99997495*(1 - (((E85-3.983035)^2*(E85+301.797))/(522528.9*(E85+69.34881)))) -> 0.99823058 | G85: =Table4[[#This Row],[B - A (g)]]*(1/(Table4[[#This Row],[Densitas Air Destilasi (g/cm^3)]]-'Peralatan & Koefisien '!$L$15))*(1-('Peralatan & Koefisien '!$L$15/'Peralatan & Koefisien '!$D$15)*(1-'Peralatan & Koefisien '!$L$23*(Table4[[#This Row],[Suhu Air Destilasi Terkoreksi (◦C)]]-20))) -> 0.9909043 | H85: X2 | I85: =IF('Isian '!$B$16='Database '!$AG$2, D16+ FORECAST( D16, 'Database '!$U$3:$U$12, 'Database '!$T$3:$T$12), IF('Isian '!$B$16='Database '!$AG$3, D16+ FORECAST(D16, 'Database '!$AC$3:$AC$12, 'Database '!$AB$3:$AB$12), IF('Isian '!$B$16='Database '!$AG$4, D16+ FORECAST(D16, 'Database '!$Y$3:$Y$12, 'Database '!$X$3:$X$12), 0))) -> 17.07622 | J85: =IF('Isian '!$B$16='Database '!$AG$2, D49+ FORECAST(D49, 'Database '!$U$3:$U$12, 'Database '!$T$3:$T$12), IF('Isian '!$B$16='Database '!$AG$3, D49 + FORECAST(D49, 'Database '!$AC$3:$AC$12, 'Database '!$AB$3:$AB$12), IF('Isian '!$B$16='Database '!$AG$4, D49 + FORECAST(D49, 'Database '!$Y$3:$Y$12, 'Database '!$X$3:$X$12), 0))) -> 18.06442 | K85: =Table411[[#This Row],[B Terkoreksi (g)]]-Table411[[#This Row],[A Terkoreksi (g)]] -> 0.98820014 | L85: =F49+FORECAST(F49,'Database '!$Q$3:$Q$11,'Database '!$P$3:$P$11) -> 19.884248 | M85: =0.99997495*(1 - (((L85-3.983035)^2*(L85+301.797))/(522528.9*(L85+69.34881)))) -> 0.99823058 | N85: =Table411[[#This Row],[B - A (g)]]*(1/(Table411[[#This Row],[Densitas Air Destilasi (g/cm^3)]]-'Peralatan & Koefisien '!$L$15))*(1-('Peralatan & Koefisien '!$L$15/'Peralatan & Koefisien '!$D$15)*(1-'Peralatan & Koefisien '!$L$23*(Table411[[#This Row],[Suhu Air Destilasi Terkoreksi (◦C)]]-20))) -> 0.9909043 | O85: X2 | P85: =IF('Isian '!$B$16='Database '!$AG$2, D22 + FORECAST( D22, 'Database '!$U$3:$U$12, 'Database '!$T$3:$T$12), IF('Isian '!$B$16='Database '!$AG$3, D22 + FORECAST( D22, 'Database '!$AC$3:$AC$12, 'Database '!$AB$3:$AB$12), IF('Isian '!$B$16='Database '!$AG$4, D22 + FORECAST( D22, 'Database '!$Y$3:$Y$12, 'Database '!$X$3:$X$12), 0))) -> 17.07622 | Q85: =IF('Isian '!$B$16='Database '!$AG$2, D55 + FORECAST( D55, 'Database '!$U$3:$U$12, 'Database '!$T$3:$T$12), IF('Isian '!$B$16='Database '!$AG$3, D55 + FORECAST( D55, 'Database '!$AC$3:$AC$12, 'Database '!$AB$3:$AB$12), IF('Isian '!$B$16='Database '!$AG$4, D55+ FORECAST( D55, 'Database '!$Y$3:$Y$12, 'Database '!$X$3:$X$12), 0))) -> 18.06442 | R85: =Table412[[#This Row],[B Terkoreksi (g)]]-Table412[[#This Row],[A Terkoreksi (g)]] -> 0.98820014 | S85: =F55+FORECAST(F55,'Database '!$Q$3:$Q$11,'Database '!$P$3:$P$11) -> 19.884248 | T85: =0.99997495*(1 - (((S85-3.983035)^2*(S85+301.797))/(522528.9*(S85+69.34881)))) -> 0.99823058 | U85: =Table412[[#This Row],[B - A (g)]]*(1/(Table412[[#This Row],[Densitas Air Destilasi (g/cm^3)]]-'Peralatan & Koefisien '!$L$15))*(1-('Peralatan & Koefisien '!$L$15/'Peralatan & Koefisien '!$D$15)*(1-'Peralatan & Koefisien '!$L$23*(Table412[[#This Row],[Suhu Air Destilasi Terkoreksi (◦C)]]-20))) -> 0.9909043 | V85: X2 | W85: =IF('Isian '!$B$16='Database '!$AG$2, D28 + FORECAST(D28, 'Database '!$U$3:$U$12, 'Database '!$T$3:$T$12), IF('Isian '!$B$16='Database '!$AG$3, D28 + FORECAST(D28, 'Database '!$AC$3:$AC$12, 'Database '!$AB$3:$AB$12), IF('Isian '!$B$16='Database '!$AG$4, D28 + FORECAST(D28, 'Database '!$Y$3:$Y$12, 'Database '!$X$3:$X$12), 0))) -> 17.07622 | X85: =IF('Isian '!$B$16='Database '!$AG$2, D61 + FORECAST(D61, 'Database '!$U$3:$U$12, 'Database '!$T$3:$T$12), IF('Isian '!$B$16='Database '!$AG$3, D61 + FORECAST(D61, 'Database '!$AC$3:$AC$12, 'Database '!$AB$3:$AB$12), IF('Isian '!$B$16='Database '!$AG$4, D61 + FORECAST(D61, 'Database '!$Y$3:$Y$12, 'Database '!$X$3:$X$12), 0))) -> 18.06442 | Y85: =Table413[[#This Row],[B Terkoreksi (g)]]-Table413[[#This Row],[A Terkoreksi (g)]] -> 0.98820014 | Z85: =F61+FORECAST(F61,'Database '!$Q$3:$Q$11,'Database '!$P$3:$P$11) -> 19.884248 | AA85: =0.99997495*(1 - (((Z85-3.983035)^2*(Z85+301.797))/(522528.9*(Z85+69.34881)))) -> 0.99823058 | AB85: =Table413[[#This Row],[B - A (g)]]*(1/(Table413[[#This Row],[Densitas Air Destilasi (g/cm^3)]]-'Peralatan & Koefisien '!$L$15))*(1-('Peralatan & Koefisien '!$L$15/'Peralatan & Koefisien '!$D$15)*(1-'Peralatan & Koefisien '!$L$23*(Table413[[#This Row],[Suhu Air Destilasi Terkoreksi (◦C)]]-20))) -> 0.9909043 | AC85: X2 | AD85: =IF('Isian '!$B$16='Database '!$AG$2, D34 + FORECAST( D34, 'Database '!$U$3:$U$12, 'Database '!$T$3:$T$12), IF('Isian '!$B$16='Database '!$AG$3, D34+ FORECAST( D34, 'Database '!$AC$3:$AC$12, 'Database '!$AB$3:$AB$12), IF('Isian '!$B$16='Database '!$AG$4, D34 + FORECAST( D34, 'Database '!$Y$3:$Y$12, 'Database '!$X$3:$X$12), 0))) -> 17.07622 | AE85: =IF('Isian '!$B$16='Database '!$AG$2, D67 + FORECAST(D67, 'Database '!$U$3:$U$12, 'Database '!$T$3:$T$12), IF('Isian '!$B$16='Database '!$AG$3, D67+ FORECAST(D67, 'Database '!$AC$3:$AC$12, 'Database '!$AB$3:$AB$12), IF('Isian '!$B$16='Database '!$AG$4, D67 + FORECAST(D67, 'Database '!$Y$3:$Y$12, 'Database '!$X$3:$X$12), 0))) -> 18.06442 | AF85: =Table414[[#This Row],[B Terkoreksi (g)]]-Table414[[#This Row],[A Terkoreksi (g)]] -> 0.98820014 | AG85: =F67+FORECAST(F67,'Database '!$Q$3:$Q$11,'Database '!$P$3:$P$11) -> 19.884248 | AH85: =0.99997495*(1 - (((AG85-3.983035)^2*(AG85+301.797))/(522528.9*(AG85+69.34881)))) -> 0.99823058 | AI85: =Table414[[#This Row],[B - A (g)]]*(1/(Table414[[#This Row],[Densitas Air Destilasi (g/cm^3)]]-'Peralatan & Koefisien '!$L$15))*(1-('Peralatan & Koefisien '!$L$15/'Peralatan & Koefisien '!$D$15)*(1-'Peralatan & Koefisien '!$L$23*(Table414[[#This Row],[Suhu Air Destilasi Terkoreksi (◦C)]]-20))) -> 0.9909043
A86: X3 | B86: =IF('Isian '!$B$16='Database '!$AG$2, 'Pengambilan Data '!D11 + FORECAST('Pengambilan Data '!D11, 'Database '!$U$3:$U$12, 'Database '!$T$3:$T$12), IF('Isian '!$B$16='Database '!$AG$3, 'Pengambilan Data '!D11 + FORECAST('Pengambilan Data '!D11, 'Database '!$AC$3:$AC$12, 'Database '!$AB$3:$AB$12), IF('Isian '!$B$16='Database '!$AG$4, 'Pengambilan Data '!D11 + FORECAST('Pengambilan Data '!D11, 'Database '!$Y$3:$Y$12, 'Database '!$X$3:$X$12), 0))) -> 17.07592 | C86: =IF('Isian '!$B$16='Database '!$AG$2, 'Pengambilan Data '!D44 + FORECAST('Pengambilan Data '!D44, 'Database '!$U$3:$U$12, 'Database '!$T$3:$T$12), IF('Isian '!$B$16='Database '!$AG$3, 'Pengambilan Data '!D44 + FORECAST('Pengambilan Data '!D44, 'Database '!$AC$3:$AC$12, 'Database '!$AB$3:$AB$12), IF('Isian '!$B$16='Database '!$AG$4, 'Pengambilan Data '!D44 + FORECAST('Pengambilan Data '!D44, 'Database '!$Y$3:$Y$12, 'Database '!$X$3:$X$12), 0))) -> 18.07112 | D86: =Table4[[#This Row],[B Terkoreksi (g)]]-Table4[[#This Row],[A Terkoreksi (g)]] -> 0.99520014 | E86: =F44+FORECAST(F44,'Database '!$Q$3:$Q$11,'Database '!$P$3:$P$11) -> 20.083674 | F86: =0.99997495*(1 - (((E86-3.983035)^2*(E86+301.797))/(522528.9*(E86+69.34881)))) -> 0.99818943 | G86: =Table4[[#This Row],[B - A (g)]]*(1/(Table4[[#This Row],[Densitas Air Destilasi (g/cm^3)]]-'Peralatan & Koefisien '!$L$15))*(1-('Peralatan & Koefisien '!$L$15/'Peralatan & Koefisien '!$D$15)*(1-'Peralatan & Koefisien '!$L$23*(Table4[[#This Row],[Suhu Air Destilasi Terkoreksi (◦C)]]-20))) -> 0.99796464 | H86: X3 | I86: =IF('Isian '!$B$16='Database '!$AG$2, D17+ FORECAST( D17, 'Database '!$U$3:$U$12, 'Database '!$T$3:$T$12), IF('Isian '!$B$16='Database '!$AG$3, D17+ FORECAST(D17, 'Database '!$AC$3:$AC$12, 'Database '!$AB$3:$AB$12), IF('Isian '!$B$16='Database '!$AG$4, D17+ FORECAST(D17, 'Database '!$Y$3:$Y$12, 'Database '!$X$3:$X$12), 0))) -> 17.07592 | J86: =IF('Isian '!$B$16='Database '!$AG$2, D50+ FORECAST(D50, 'Database '!$U$3:$U$12, 'Database '!$T$3:$T$12), IF('Isian '!$B$16='Database '!$AG$3, D50 + FORECAST(D50, 'Database '!$AC$3:$AC$12, 'Database '!$AB$3:$AB$12), IF('Isian '!$B$16='Database '!$AG$4, D50 + FORECAST(D50, 'Database '!$Y$3:$Y$12, 'Database '!$X$3:$X$12), 0))) -> 18.07112 | K86: =Table411[[#This Row],[B Terkoreksi (g)]]-Table411[[#This Row],[A Terkoreksi (g)]] -> 0.99520014 | L86: =F50+FORECAST(F50,'Database '!$Q$3:$Q$11,'Database '!$P$3:$P$11) -> 20.083674 | M86: =0.99997495*(1 - (((L86-3.983035)^2*(L86+301.797))/(522528.9*(L86+69.34881)))) -> 0.99818943 | N86: =Table411[[#This Row],[B - A (g)]]*(1/(Table411[[#This Row],[Densitas Air Destilasi (g/cm^3)]]-'Peralatan & Koefisien '!$L$15))*(1-('Peralatan & Koefisien '!$L$15/'Peralatan & Koefisien '!$D$15)*(1-'Peralatan & Koefisien '!$L$23*(Table411[[#This Row],[Suhu Air Destilasi Terkoreksi (◦C)]]-20))) -> 0.99796464 | O86: X3 | P86: =IF('Isian '!$B$16='Database '!$AG$2, D23 + FORECAST( D23, 'Database '!$U$3:$U$12, 'Database '!$T$3:$T$12), IF('Isian '!$B$16='Database '!$AG$3, D23 + FORECAST( D23, 'Database '!$AC$3:$AC$12, 'Database '!$AB$3:$AB$12), IF('Isian '!$B$16='Database '!$AG$4, D23 + FORECAST( D23, 'Database '!$Y$3:$Y$12, 'Database '!$X$3:$X$12), 0))) -> 17.07592 | Q86: =IF('Isian '!$B$16='Database '!$AG$2, D56 + FORECAST( D56, 'Database '!$U$3:$U$12, 'Database '!$T$3:$T$12), IF('Isian '!$B$16='Database '!$AG$3, D56 + FORECAST( D56, 'Database '!$AC$3:$AC$12, 'Database '!$AB$3:$AB$12), IF('Isian '!$B$16='Database '!$AG$4, D56+ FORECAST( D56, 'Database '!$Y$3:$Y$12, 'Database '!$X$3:$X$12), 0))) -> 18.07112 | R86: =Table412[[#This Row],[B Terkoreksi (g)]]-Table412[[#This Row],[A Terkoreksi (g)]] -> 0.99520014 | S86: =F56+FORECAST(F56,'Database '!$Q$3:$Q$11,'Database '!$P$3:$P$11) -> 20.083674 | T86: =0.99997495*(1 - (((S86-3.983035)^2*(S86+301.797))/(522528.9*(S86+69.34881)))) -> 0.99818943 | U86: =Table412[[#This Row],[B - A (g)]]*(1/(Table412[[#This Row],[Densitas Air Destilasi (g/cm^3)]]-'Peralatan & Koefisien '!$L$15))*(1-('Peralatan & Koefisien '!$L$15/'Peralatan & Koefisien '!$D$15)*(1-'Peralatan & Koefisien '!$L$23*(Table412[[#This Row],[Suhu Air Destilasi Terkoreksi (◦C)]]-20))) -> 0.99796464 | V86: X3 | W86: =IF('Isian '!$B$16='Database '!$AG$2, D29 + FORECAST(D29, 'Database '!$U$3:$U$12, 'Database '!$T$3:$T$12), IF('Isian '!$B$16='Database '!$AG$3, D29 + FORECAST(D29, 'Database '!$AC$3:$AC$12, 'Database '!$AB$3:$AB$12), IF('Isian '!$B$16='Database '!$AG$4, D29 + FORECAST(D29, 'Database '!$Y$3:$Y$12, 'Database '!$X$3:$X$12), 0))) -> 17.07592 | X86: =IF('Isian '!$B$16='Database '!$AG$2, D62 + FORECAST(D62, 'Database '!$U$3:$U$12, 'Database '!$T$3:$T$12), IF('Isian '!$B$16='Database '!$AG$3, D62 + FORECAST(D62, 'Database '!$AC$3:$AC$12, 'Database '!$AB$3:$AB$12), IF('Isian '!$B$16='Database '!$AG$4, D62 + FORECAST(D62, 'Database '!$Y$3:$Y$12, 'Database '!$X$3:$X$12), 0))) -> 18.07112 | Y86: =Table413[[#This Row],[B Terkoreksi (g)]]-Table413[[#This Row],[A Terkoreksi (g)]] -> 0.99520014 | Z86: =F62+FORECAST(F62,'Database '!$Q$3:$Q$11,'Database '!$P$3:$P$11) -> 20.083674 | AA86: =0.99997495*(1 - (((Z86-3.983035)^2*(Z86+301.797))/(522528.9*(Z86+69.34881)))) -> 0.99818943 | AB86: =Table413[[#This Row],[B - A (g)]]*(1/(Table413[[#This Row],[Densitas Air Destilasi (g/cm^3)]]-'Peralatan & Koefisien '!$L$15))*(1-('Peralatan & Koefisien '!$L$15/'Peralatan & Koefisien '!$D$15)*(1-'Peralatan & Koefisien '!$L$23*(Table413[[#This Row],[Suhu Air Destilasi Terkoreksi (◦C)]]-20))) -> 0.99796464 | AC86: X3 | AD86: =IF('Isian '!$B$16='Database '!$AG$2, D35 + FORECAST( D35, 'Database '!$U$3:$U$12, 'Database '!$T$3:$T$12), IF('Isian '!$B$16='Database '!$AG$3, D35+ FORECAST( D35, 'Database '!$AC$3:$AC$12, 'Database '!$AB$3:$AB$12), IF('Isian '!$B$16='Database '!$AG$4, D35 + FORECAST( D35, 'Database '!$Y$3:$Y$12, 'Database '!$X$3:$X$12), 0))) -> 17.07592 | AE86: =IF('Isian '!$B$16='Database '!$AG$2, D68 + FORECAST(D68, 'Database '!$U$3:$U$12, 'Database '!$T$3:$T$12), IF('Isian '!$B$16='Database '!$AG$3, D68+ FORECAST(D68, 'Database '!$AC$3:$AC$12, 'Database '!$AB$3:$AB$12), IF('Isian '!$B$16='Database '!$AG$4, D68 + FORECAST(D68, 'Database '!$Y$3:$Y$12, 'Database '!$X$3:$X$12), 0))) -> 18.07112 | AF86: =Table414[[#This Row],[B Terkoreksi (g)]]-Table414[[#This Row],[A Terkoreksi (g)]] -> 0.99520014 | AG86: =F68+FORECAST(F68,'Database '!$Q$3:$Q$11,'Database '!$P$3:$P$11) -> 20.083674 | AH86: =0.99997495*(1 - (((AG86-3.983035)^2*(AG86+301.797))/(522528.9*(AG86+69.34881)))) -> 0.99818943 | AI86: =Table414[[#This Row],[B - A (g)]]*(1/(Table414[[#This Row],[Densitas Air Destilasi (g/cm^3)]]-'Peralatan & Koefisien '!$L$15))*(1-('Peralatan & Koefisien '!$L$15/'Peralatan & Koefisien '!$D$15)*(1-'Peralatan & Koefisien '!$L$23*(Table414[[#This Row],[Suhu Air Destilasi Terkoreksi (◦C)]]-20))) -> 0.99796464
A87: X4 | B87: =IF('Isian '!$B$16='Database '!$AG$2, 'Pengambilan Data '!D12 + FORECAST('Pengambilan Data '!D12, 'Database '!$U$3:$U$12, 'Database '!$T$3:$T$12), IF('Isian '!$B$16='Database '!$AG$3, 'Pengambilan Data '!D12 + FORECAST('Pengambilan Data '!D12, 'Database '!$AC$3:$AC$12, 'Database '!$AB$3:$AB$12), IF('Isian '!$B$16='Database '!$AG$4, 'Pengambilan Data '!D12 + FORECAST('Pengambilan Data '!D12, 'Database '!$Y$3:$Y$12, 'Database '!$X$3:$X$12), 0))) -> 17.07622 | C87: =IF('Isian '!$B$16='Database '!$AG$2, 'Pengambilan Data '!D45 + FORECAST('Pengambilan Data '!D45, 'Database '!$U$3:$U$12, 'Database '!$T$3:$T$12), IF('Isian '!$B$16='Database '!$AG$3, 'Pengambilan Data '!D45 + FORECAST('Pengambilan Data '!D45, 'Database '!$AC$3:$AC$12, 'Database '!$AB$3:$AB$12), IF('Isian '!$B$16='Database '!$AG$4, 'Pengambilan Data '!D45 + FORECAST('Pengambilan Data '!D45, 'Database '!$Y$3:$Y$12, 'Database '!$X$3:$X$12), 0))) -> 18.06442 | D87: =Table4[[#This Row],[B Terkoreksi (g)]]-Table4[[#This Row],[A Terkoreksi (g)]] -> 0.98820014 | E87: =F45+FORECAST(F45,'Database '!$Q$3:$Q$11,'Database '!$P$3:$P$11) -> 20.083674 | F87: =0.99997495*(1 - (((E87-3.983035)^2*(E87+301.797))/(522528.9*(E87+69.34881)))) -> 0.99818943 | G87: =Table4[[#This Row],[B - A (g)]]*(1/(Table4[[#This Row],[Densitas Air Destilasi (g/cm^3)]]-'Peralatan & Koefisien '!$L$15))*(1-('Peralatan & Koefisien '!$L$15/'Peralatan & Koefisien '!$D$15)*(1-'Peralatan & Koefisien '!$L$23*(Table4[[#This Row],[Suhu Air Destilasi Terkoreksi (◦C)]]-20))) -> 0.99094519 | H87: X4 | I87: =IF('Isian '!$B$16='Database '!$AG$2, D18+ FORECAST( D18, 'Database '!$U$3:$U$12, 'Database '!$T$3:$T$12), IF('Isian '!$B$16='Database '!$AG$3, D18+ FORECAST(D18, 'Database '!$AC$3:$AC$12, 'Database '!$AB$3:$AB$12), IF('Isian '!$B$16='Database '!$AG$4, D18+ FORECAST(D18, 'Database '!$Y$3:$Y$12, 'Database '!$X$3:$X$12), 0))) -> 17.07622 | J87: =IF('Isian '!$B$16='Database '!$AG$2, D51+ FORECAST(D51, 'Database '!$U$3:$U$12, 'Database '!$T$3:$T$12), IF('Isian '!$B$16='Database '!$AG$3, D51 + FORECAST(D51, 'Database '!$AC$3:$AC$12, 'Database '!$AB$3:$AB$12), IF('Isian '!$B$16='Database '!$AG$4, D51 + FORECAST(D51, 'Database '!$Y$3:$Y$12, 'Database '!$X$3:$X$12), 0))) -> 18.06442 | K87: =Table411[[#This Row],[B Terkoreksi (g)]]-Table411[[#This Row],[A Terkoreksi (g)]] -> 0.98820014 | L87: =F51+FORECAST(F51,'Database '!$Q$3:$Q$11,'Database '!$P$3:$P$11) -> 20.083674 | M87: =0.99997495*(1 - (((L87-3.983035)^2*(L87+301.797))/(522528.9*(L87+69.34881)))) -> 0.99818943 | N87: =Table411[[#This Row],[B - A (g)]]*(1/(Table411[[#This Row],[Densitas Air Destilasi (g/cm^3)]]-'Peralatan & Koefisien '!$L$15))*(1-('Peralatan & Koefisien '!$L$15/'Peralatan & Koefisien '!$D$15)*(1-'Peralatan & Koefisien '!$L$23*(Table411[[#This Row],[Suhu Air Destilasi Terkoreksi (◦C)]]-20))) -> 0.99094519 | O87: X4 | P87: =IF('Isian '!$B$16='Database '!$AG$2, D24 + FORECAST( D24, 'Database '!$U$3:$U$12, 'Database '!$T$3:$T$12), IF('Isian '!$B$16='Database '!$AG$3, D24 + FORECAST( D24, 'Database '!$AC$3:$AC$12, 'Database '!$AB$3:$AB$12), IF('Isian '!$B$16='Database '!$AG$4, D24 + FORECAST( D24, 'Database '!$Y$3:$Y$12, 'Database '!$X$3:$X$12), 0))) -> 17.07622 | Q87: =IF('Isian '!$B$16='Database '!$AG$2, D57 + FORECAST( D57, 'Database '!$U$3:$U$12, 'Database '!$T$3:$T$12), IF('Isian '!$B$16='Database '!$AG$3, D57 + FORECAST( D57, 'Database '!$AC$3:$AC$12, 'Database '!$AB$3:$AB$12), IF('Isian '!$B$16='Database '!$AG$4, D57+ FORECAST( D57, 'Database '!$Y$3:$Y$12, 'Database '!$X$3:$X$12), 0))) -> 18.06442 | R87: =Table412[[#This Row],[B Terkoreksi (g)]]-Table412[[#This Row],[A Terkoreksi (g)]] -> 0.98820014 | S87: =F57+FORECAST(F57,'Database '!$Q$3:$Q$11,'Database '!$P$3:$P$11) -> 20.083674 | T87: =0.99997495*(1 - (((S87-3.983035)^2*(S87+301.797))/(522528.9*(S87+69.34881)))) -> 0.99818943 | U87: =Table412[[#This Row],[B - A (g)]]*(1/(Table412[[#This Row],[Densitas Air Destilasi (g/cm^3)]]-'Peralatan & Koefisien '!$L$15))*(1-('Peralatan & Koefisien '!$L$15/'Peralatan & Koefisien '!$D$15)*(1-'Peralatan & Koefisien '!$L$23*(Table412[[#This Row],[Suhu Air Destilasi Terkoreksi (◦C)]]-20))) -> 0.99094519 | V87: X4 | W87: =IF('Isian '!$B$16='Database '!$AG$2, D30 + FORECAST(D30, 'Database '!$U$3:$U$12, 'Database '!$T$3:$T$12), IF('Isian '!$B$16='Database '!$AG$3, D30 + FORECAST(D30, 'Database '!$AC$3:$AC$12, 'Database '!$AB$3:$AB$12), IF('Isian '!$B$16='Database '!$AG$4, D30 + FORECAST(D30, 'Database '!$Y$3:$Y$12, 'Database '!$X$3:$X$12), 0))) -> 17.07622 | X87: =IF('Isian '!$B$16='Database '!$AG$2, D63 + FORECAST(D63, 'Database '!$U$3:$U$12, 'Database '!$T$3:$T$12), IF('Isian '!$B$16='Database '!$AG$3, D63 + FORECAST(D63, 'Database '!$AC$3:$AC$12, 'Database '!$AB$3:$AB$12), IF('Isian '!$B$16='Database '!$AG$4, D63 + FORECAST(D63, 'Database '!$Y$3:$Y$12, 'Database '!$X$3:$X$12), 0))) -> 18.06442 | Y87: =Table413[[#This Row],[B Terkoreksi (g)]]-Table413[[#This Row],[A Terkoreksi (g)]] -> 0.98820014 | Z87: =F63+FORECAST(F63,'Database '!$Q$3:$Q$11,'Database '!$P$3:$P$11) -> 20.083674 | AA87: =0.99997495*(1 - (((Z87-3.983035)^2*(Z87+301.797))/(522528.9*(Z87+69.34881)))) -> 0.99818943 | AB87: =Table413[[#This Row],[B - A (g)]]*(1/(Table413[[#This Row],[Densitas Air Destilasi (g/cm^3)]]-'Peralatan & Koefisien '!$L$15))*(1-('Peralatan & Koefisien '!$L$15/'Peralatan & Koefisien '!$D$15)*(1-'Peralatan & Koefisien '!$L$23*(Table413[[#This Row],[Suhu Air Destilasi Terkoreksi (◦C)]]-20))) -> 0.99094519 | AC87: X4 | AD87: =IF('Isian '!$B$16='Database '!$AG$2, D36 + FORECAST( D36, 'Database '!$U$3:$U$12, 'Database '!$T$3:$T$12), IF('Isian '!$B$16='Database '!$AG$3, D36+ FORECAST( D36, 'Database '!$AC$3:$AC$12, 'Database '!$AB$3:$AB$12), IF('Isian '!$B$16='Database '!$AG$4, D36 + FORECAST( D36, 'Database '!$Y$3:$Y$12, 'Database '!$X$3:$X$12), 0))) -> 17.07622 | AE87: =IF('Isian '!$B$16='Database '!$AG$2, D69 + FORECAST(D69, 'Database '!$U$3:$U$12, 'Database '!$T$3:$T$12), IF('Isian '!$B$16='Database '!$AG$3, D69+ FORECAST(D69, 'Database '!$AC$3:$AC$12, 'Database '!$AB$3:$AB$12), IF('Isian '!$B$16='Database '!$AG$4, D69 + FORECAST(D69, 'Database '!$Y$3:$Y$12, 'Database '!$X$3:$X$12), 0))) -> 18.06442 | AF87: =Table414[[#This Row],[B Terkoreksi (g)]]-Table414[[#This Row],[A Terkoreksi (g)]] -> 0.98820014 | AG87: =F69+FORECAST(F69,'Database '!$Q$3:$Q$11,'Database '!$P$3:$P$11) -> 20.083674 | AH87: =0.99997495*(1 - (((AG87-3.983035)^2*(AG87+301.797))/(522528.9*(AG87+69.34881)))) -> 0.99818943 | AI87: =Table414[[#This Row],[B - A (g)]]*(1/(Table414[[#This Row],[Densitas Air Destilasi (g/cm^3)]]-'Peralatan & Koefisien '!$L$15))*(1-('Peralatan & Koefisien '!$L$15/'Peralatan & Koefisien '!$D$15)*(1-'Peralatan & Koefisien '!$L$23*(Table414[[#This Row],[Suhu Air Destilasi Terkoreksi (◦C)]]-20))) -> 0.99094519
A88: X5 | B88: =IF('Isian '!$B$16='Database '!$AG$2, 'Pengambilan Data '!D13 + FORECAST('Pengambilan Data '!D13, 'Database '!$U$3:$U$12, 'Database '!$T$3:$T$12), IF('Isian '!$B$16='Database '!$AG$3, 'Pengambilan Data '!D13 + FORECAST('Pengambilan Data '!D13, 'Database '!$AC$3:$AC$12, 'Database '!$AB$3:$AB$12), IF('Isian '!$B$16='Database '!$AG$4, 'Pengambilan Data '!D13 + FORECAST('Pengambilan Data '!D13, 'Database '!$Y$3:$Y$12, 'Database '!$X$3:$X$12), 0))) -> 17.07592 | C88: =IF('Isian '!$B$16='Database '!$AG$2, 'Pengambilan Data '!D46 + FORECAST('Pengambilan Data '!D46, 'Database '!$U$3:$U$12, 'Database '!$T$3:$T$12), IF('Isian '!$B$16='Database '!$AG$3, 'Pengambilan Data '!D46 + FORECAST('Pengambilan Data '!D46, 'Database '!$AC$3:$AC$12, 'Database '!$AB$3:$AB$12), IF('Isian '!$B$16='Database '!$AG$4, 'Pengambilan Data '!D46 + FORECAST('Pengambilan Data '!D46, 'Database '!$Y$3:$Y$12, 'Database '!$X$3:$X$12), 0))) -> 18.07112 | D88: =Table4[[#This Row],[B Terkoreksi (g)]]-Table4[[#This Row],[A Terkoreksi (g)]] -> 0.99520014 | E88: =F46+FORECAST(F46,'Database '!$Q$3:$Q$11,'Database '!$P$3:$P$11) -> 19.884248 | F88: =0.99997495*(1 - (((E88-3.983035)^2*(E88+301.797))/(522528.9*(E88+69.34881)))) -> 0.99823058 | G88: =Table4[[#This Row],[B - A (g)]]*(1/(Table4[[#This Row],[Densitas Air Destilasi (g/cm^3)]]-'Peralatan & Koefisien '!$L$15))*(1-('Peralatan & Koefisien '!$L$15/'Peralatan & Koefisien '!$D$15)*(1-'Peralatan & Koefisien '!$L$23*(Table4[[#This Row],[Suhu Air Destilasi Terkoreksi (◦C)]]-20))) -> 0.99792345 | H88: X5 | I88: =IF('Isian '!$B$16='Database '!$AG$2, D19+ FORECAST( D19, 'Database '!$U$3:$U$12, 'Database '!$T$3:$T$12), IF('Isian '!$B$16='Database '!$AG$3, D19+ FORECAST(D19, 'Database '!$AC$3:$AC$12, 'Database '!$AB$3:$AB$12), IF('Isian '!$B$16='Database '!$AG$4, D19+ FORECAST(D19, 'Database '!$Y$3:$Y$12, 'Database '!$X$3:$X$12), 0))) -> 17.07592 | J88: =IF('Isian '!$B$16='Database '!$AG$2, D52+ FORECAST(D52, 'Database '!$U$3:$U$12, 'Database '!$T$3:$T$12), IF('Isian '!$B$16='Database '!$AG$3, D52 + FORECAST(D52, 'Database '!$AC$3:$AC$12, 'Database '!$AB$3:$AB$12), IF('Isian '!$B$16='Database '!$AG$4, D52 + FORECAST(D52, 'Database '!$Y$3:$Y$12, 'Database '!$X$3:$X$12), 0))) -> 18.07112 | K88: =Table411[[#This Row],[B Terkoreksi (g)]]-Table411[[#This Row],[A Terkoreksi (g)]] -> 0.99520014 | L88: =F52+FORECAST(F52,'Database '!$Q$3:$Q$11,'Database '!$P$3:$P$11) -> 19.884248 | M88: =0.99997495*(1 - (((L88-3.983035)^2*(L88+301.797))/(522528.9*(L88+69.34881)))) -> 0.99823058 | N88: =Table411[[#This Row],[B - A (g)]]*(1/(Table411[[#This Row],[Densitas Air Destilasi (g/cm^3)]]-'Peralatan & Koefisien '!$L$15))*(1-('Peralatan & Koefisien '!$L$15/'Peralatan & Koefisien '!$D$15)*(1-'Peralatan & Koefisien '!$L$23*(Table411[[#This Row],[Suhu Air Destilasi Terkoreksi (◦C)]]-20))) -> 0.99792345 | O88: X5 | P88: =IF('Isian '!$B$16='Database '!$AG$2, D25 + FORECAST( D25, 'Database '!$U$3:$U$12, 'Database '!$T$3:$T$12), IF('Isian '!$B$16='Database '!$AG$3, D25 + FORECAST( D25, 'Database '!$AC$3:$AC$12, 'Database '!$AB$3:$AB$12), IF('Isian '!$B$16='Database '!$AG$4, D25 + FORECAST( D25, 'Database '!$Y$3:$Y$12, 'Database '!$X$3:$X$12), 0))) -> 17.07592 | Q88: =IF('Isian '!$B$16='Database '!$AG$2, D58 + FORECAST( D58, 'Database '!$U$3:$U$12, 'Database '!$T$3:$T$12), IF('Isian '!$B$16='Database '!$AG$3, D58 + FORECAST( D58, 'Database '!$AC$3:$AC$12, 'Database '!$AB$3:$AB$12), IF('Isian '!$B$16='Database '!$AG$4, D58+ FORECAST( D58, 'Database '!$Y$3:$Y$12, 'Database '!$X$3:$X$12), 0))) -> 18.07112 | R88: =Table412[[#This Row],[B Terkoreksi (g)]]-Table412[[#This Row],[A Terkoreksi (g)]] -> 0.99520014 | S88: =F58+FORECAST(F58,'Database '!$Q$3:$Q$11,'Database '!$P$3:$P$11) -> 19.884248 | T88: =0.99997495*(1 - (((S88-3.983035)^2*(S88+301.797))/(522528.9*(S88+69.34881)))) -> 0.99823058 | U88: =Table412[[#This Row],[B - A (g)]]*(1/(Table412[[#This Row],[Densitas Air Destilasi (g/cm^3)]]-'Peralatan & Koefisien '!$L$15))*(1-('Peralatan & Koefisien '!$L$15/'Peralatan & Koefisien '!$D$15)*(1-'Peralatan & Koefisien '!$L$23*(Table412[[#This Row],[Suhu Air Destilasi Terkoreksi (◦C)]]-20))) -> 0.99792345 | V88: X5 | W88: =IF('Isian '!$B$16='Database '!$AG$2, D31 + FORECAST(D31, 'Database '!$U$3:$U$12, 'Database '!$T$3:$T$12), IF('Isian '!$B$16='Database '!$AG$3, D31 + FORECAST(D31, 'Database '!$AC$3:$AC$12, 'Database '!$AB$3:$AB$12), IF('Isian '!$B$16='Database '!$AG$4, D31 + FORECAST(D31, 'Database '!$Y$3:$Y$12, 'Database '!$X$3:$X$12), 0))) -> 17.07592 | X88: =IF('Isian '!$B$16='Database '!$AG$2, D64 + FORECAST(D64, 'Database '!$U$3:$U$12, 'Database '!$T$3:$T$12), IF('Isian '!$B$16='Database '!$AG$3, D64 + FORECAST(D64, 'Database '!$AC$3:$AC$12, 'Database '!$AB$3:$AB$12), IF('Isian '!$B$16='Database '!$AG$4, D64 + FORECAST(D64, 'Database '!$Y$3:$Y$12, 'Database '!$X$3:$X$12), 0))) -> 18.07112 | Y88: =Table413[[#This Row],[B Terkoreksi (g)]]-Table413[[#This Row],[A Terkoreksi (g)]] -> 0.99520014 | Z88: =F64+FORECAST(F64,'Database '!$Q$3:$Q$11,'Database '!$P$3:$P$11) -> 19.884248 | AA88: =0.99997495*(1 - (((Z88-3.983035)^2*(Z88+301.797))/(522528.9*(Z88+69.34881)))) -> 0.99823058 | AB88: =Table413[[#This Row],[B - A (g)]]*(1/(Table413[[#This Row],[Densitas Air Destilasi (g/cm^3)]]-'Peralatan & Koefisien '!$L$15))*(1-('Peralatan & Koefisien '!$L$15/'Peralatan & Koefisien '!$D$15)*(1-'Peralatan & Koefisien '!$L$23*(Table413[[#This Row],[Suhu Air Destilasi Terkoreksi (◦C)]]-20))) -> 0.99792345 | AC88: X5 | AD88: =IF('Isian '!$B$16='Database '!$AG$2, D37 + FORECAST( D37, 'Database '!$U$3:$U$12, 'Database '!$T$3:$T$12), IF('Isian '!$B$16='Database '!$AG$3, D37+ FORECAST( D37, 'Database '!$AC$3:$AC$12, 'Database '!$AB$3:$AB$12), IF('Isian '!$B$16='Database '!$AG$4, D37 + FORECAST( D37, 'Database '!$Y$3:$Y$12, 'Database '!$X$3:$X$12), 0))) -> 17.07592 | AE88: =IF('Isian '!$B$16='Database '!$AG$2, D70 + FORECAST(D70, 'Database '!$U$3:$U$12, 'Database '!$T$3:$T$12), IF('Isian '!$B$16='Database '!$AG$3, D70+ FORECAST(D70, 'Database '!$AC$3:$AC$12, 'Database '!$AB$3:$AB$12), IF('Isian '!$B$16='Database '!$AG$4, D70 + FORECAST(D70, 'Database '!$Y$3:$Y$12, 'Database '!$X$3:$X$12), 0))) -> 18.07112 | AF88: =Table414[[#This Row],[B Terkoreksi (g)]]-Table414[[#This Row],[A Terkoreksi (g)]] -> 0.99520014 | AG88: =F70+FORECAST(F70,'Database '!$Q$3:$Q$11,'Database '!$P$3:$P$11) -> 19.884248 | AH88: =0.99997495*(1 - (((AG88-3.983035)^2*(AG88+301.797))/(522528.9*(AG88+69.34881)))) -> 0.99823058 | AI88: =Table414[[#This Row],[B - A (g)]]*(1/(Table414[[#This Row],[Densitas Air Destilasi (g/cm^3)]]-'Peralatan & Koefisien '!$L$15))*(1-('Peralatan & Koefisien '!$L$15/'Peralatan & Koefisien '!$D$15)*(1-'Peralatan & Koefisien '!$L$23*(Table414[[#This Row],[Suhu Air Destilasi Terkoreksi (◦C)]]-20))) -> 0.99792345
A89: Rata-rata | B89: =IFERROR(AVERAGE(Table4[A Terkoreksi (g)]),0) -> 17.07618 | C89: =IFERROR(AVERAGE(Table4[B Terkoreksi (g)]),0) -> 18.0671 | D89: =IFERROR(AVERAGE(Table4[B - A (g)]),0) -> 0.99092014 | E89: =IFERROR(AVERAGE(Table4[Suhu Air Destilasi Terkoreksi (◦C)]),0) -> 19.964019 | F89: =IFERROR(AVERAGE(Table4[Densitas Air Destilasi (g/cm^3)]),0) -> 0.99821412 | G89: =IFERROR(AVERAGE(Table4[Volume pada Suhu 20◦C (ml)]),0) -> 0.99364816 | H89: Rata-rata | I89: =IFERROR(AVERAGE(Table411[A Terkoreksi (g)]),0) -> 17.07618 | J89: =IFERROR(AVERAGE(Table411[B Terkoreksi (g)]),0) -> 18.0671 | K89: =IFERROR(AVERAGE(Table411[B - A (g)]),0) -> 0.99092014 | L89: =IFERROR(AVERAGE(Table411[Suhu Air Destilasi Terkoreksi (◦C)]),0) -> 19.964019 | M89: =IFERROR(AVERAGE(Table411[Densitas Air Destilasi (g/cm^3)]),0) -> 0.99821412 | N89: =IFERROR(AVERAGE(Table411[Volume pada Suhu 20◦C (ml)]),0) -> 0.99364816 | O89: Rata-rata | P89: =IFERROR(AVERAGE(Table412[A Terkoreksi (g)]),0) -> 17.07618 | Q89: =IFERROR(AVERAGE(Table412[B Terkoreksi (g)]),0) -> 18.0671 | R89: =IFERROR(AVERAGE(Table412[B - A (g)]),0) -> 0.99092014 | S89: =IFERROR(AVERAGE(Table412[Suhu Air Destilasi Terkoreksi (◦C)]),0) -> 19.964019 | T89: =IFERROR(AVERAGE(Table412[Densitas Air Destilasi (g/cm^3)]),0) -> 0.99821412 | U89: =IFERROR(AVERAGE(Table412[Volume pada Suhu 20◦C (ml)]),0) -> 0.99364816 | V89: Rata-rata | W89: =IFERROR(AVERAGE(Table413[A Terkoreksi (g)]),0) -> 17.07618 | X89: =IFERROR(AVERAGE(Table413[B Terkoreksi (g)]),0) -> 18.0671 | Y89: =IFERROR(AVERAGE(Table413[B - A (g)]),0) -> 0.99092014 | Z89: =IFERROR(AVERAGE(Table413[Suhu Air Destilasi Terkoreksi (◦C)]),0) -> 19.964019 | AA89: =IFERROR(AVERAGE(Table413[Densitas Air Destilasi (g/cm^3)]),0) -> 0.99821412 | AB89: =IFERROR(AVERAGE(Table413[Volume pada Suhu 20◦C (ml)]),0) -> 0.99364816 | AC89: Rata-rata | AD89: =IFERROR(AVERAGE(Table414[A Terkoreksi (g)]),0) -> 17.07618 | AE89: =IFERROR(AVERAGE(Table414[B Terkoreksi (g)]),0) -> 18.0671 | AF89: =IFERROR(AVERAGE(Table414[B - A (g)]),0) -> 0.99092014 | AG89: =IFERROR(AVERAGE(Table414[Suhu Air Destilasi Terkoreksi (◦C)]),0) -> 19.964019 | AH89: =IFERROR(AVERAGE(Table414[Densitas Air Destilasi (g/cm^3)]),0) -> 0.99821412 | AI89: =IFERROR(AVERAGE(Table414[Volume pada Suhu 20◦C (ml)]),0) -> 0.99364816
A90: Standar Deviasi | E90: =IFERROR(_xlfn.STDEV.S(Table4[Suhu Air Destilasi Terkoreksi (◦C)]),0) -> 0.10923027 | G90: =IFERROR(_xlfn.STDEV.S(Table4[Volume pada Suhu 20◦C (ml)]),0) -> 0.0039254197 | H90: Standar Deviasi | L90: =IFERROR(_xlfn.STDEV.S(Table411[Suhu Air Destilasi Terkoreksi (◦C)]),0) -> 0.10923027 | N90: =IFERROR(_xlfn.STDEV.S(Table411[Volume pada Suhu 20◦C (ml)]),0) -> 0.0039254197 | O90: Standar Deviasi | S90: =IFERROR(_xlfn.STDEV.S(Table412[Suhu Air Destilasi Terkoreksi (◦C)]),0) -> 0.10923027 | U90: =IFERROR(_xlfn.STDEV.S(Table412[Volume pada Suhu 20◦C (ml)]),0) -> 0.0039254197 | V90: Standar Deviasi | Z90: =IFERROR(_xlfn.STDEV.S(Table413[Suhu Air Destilasi Terkoreksi (◦C)]),0) -> 0.10923027 | AB90: =IFERROR(_xlfn.STDEV.S(Table413[Volume pada Suhu 20◦C (ml)]),0) -> 0.0039254197 | AC90: Standar Deviasi | AG90: =IFERROR(_xlfn.STDEV.S(Table414[Suhu Air Destilasi Terkoreksi (◦C)]),0) -> 0.10923027 | AI90: =IFERROR(_xlfn.STDEV.S(Table414[Volume pada Suhu 20◦C (ml)]),0) -> 0.0039254197
A111: E2 KERN GERMANY
A112: Nominal (g) | B112: Massa konvensional (g) | C112: U95 (mg)
A113: 2000 | B113: 1999.9984 | C113: 0.31
A114: 1000 | B114: 1000.0004 | C114: 0.16
A115: 500 | B115: 500.0001 | C115: 0.16
A116: 200 | B116: 199.99982 | C116: 0.07
A117: 200* | B117: 200.00013 | C117: 0.07
A118: 100 | B118: 99.99996 | C118: 0.037
A119: 50 | B119: 49.99996 | C119: 0.024
A120: 20 | B120: 19.999966 | C120: 0.018
A121: 20* | B121: 19.999968 | C121: 0.018
A122: 10 | B122: 9.999961 | C122: 0.014
A123: 5 | B123: 4.999995 | C123: 0.011
A124: 2 | B124: 2.000003 | C124: 0.009
A125: 2* | B125: 2.000002 | C125: 0.009
A126: 1 | B126: 0.999992 | C126: 0.007
A127: 0.5 | B127: 0.500013 | C127: 0.006
A128: 0.2 | B128: 0.200017 | C128: 0.005
A129: 0.2* | B129: 0.200017 | C129: 0.005
A130: 0.1 | B130: 0.100007 | C130: 0.003
A131: 5000 | B131: 4999.9986 | C131: 0.72

Sheet Peralatan & Koefisien  
I1: =CONCATENATE('Isian '!$B$10/5," ml") -> 2 ml
B2: Peralatan | C2: Resolusi | D2: Ketidakpastian | E2: Konversi | F2: Satuan | I2: Komponen | J2: Koefisien | K2: Simbol koef | L2: Nilai koef | M2: Ketidakpastian baku (U) | N2: nilai U | O2: Koefisien Sesitivitas (ci) | P2: Satuan | V2: =CONCATENATE('Isian '!$B$10/5," ml") -> 2 ml | X2: =CONCATENATE('Isian '!$B$10*2/5," ml") -> 4 ml | Z2: =CONCATENATE('Isian '!$B$10*3/5," ml") -> 6 ml | AB2: =CONCATENATE('Isian '!$B$10*4/5," ml") -> 8 ml | AD2: =CONCATENATE('Isian '!$B$10*5/5," ml") -> 10 ml
B3: Timbangan | C3: =VLOOKUP('Isian '!B16,'Database '!AG1:AJ4,3,FALSE) -> 0.0001 | D3: =VLOOKUP('Isian '!B16,'Database '!AG1:AJ4,4,FALSE) -> 0.00082 | F3: mg | H3: 1 | I3: Massa | K3: Ul | L3: =SQRT(($D$3/2)^2 +((($C$3/2)/SQRT(3))^2 )) -> 0.000411015 | M3: Um | N3: =SQRT(L3^2 +L3^2+((L4/2)/SQRT(3))^2) -> 0.00058287363 | O3: =$C$18*$C$19*$C$20 -> 1.0027534 | P3: ml/g | U3: Komponen | V3: Nilai U | W3: Koefiesien Sensitivitas | X3: Nilai U | Y3: Koefiesien Sensitivitas | Z3: Nilai U | AA3: Koefiesien Sensitivitas | AB3: Nilai U | AC3: Koefiesien Sensitivitas | AD3: Nilai U | AE3: Koefiesien Sensitivitas
B4: Thermometer Cairan | C4: 0.1 | D4: 0.4 | F4: C | K4: dm | L4: 0.00015 | U4: Massa | V4: =N3 -> 0.00058287363 | W4: =O3 -> 1.0027534 | X4: =$N$3 -> 0.00058287363 | Y4: =O31 -> 1.0027534 | Z4: =$N$3 -> 0.00058287363 | AA4: =O59 -> 1.0027534 | AB4: =$N$3 -> 0.00058287363 | AC4: =O87 -> 1.0027534 | AD4: =$N$3 -> 0.00058287363 | AE4: =O115 -> 1.0027534
B5: Thermometer lingkungan | C5: 0.01 | D5: 3.2 | F5: C | U5: Suhu air destilasi | V5: =N6 -> 0.25367877 | W5: =O6 -> -9.8371166e-06 | X5: =SQRT((SQRT((D4/2)^2 +((C4/2)/SQRT(3))^2 + ((L6/2)/SQRT(3))^2 +('Pengambilan Data '!L90/SQRT(5))^2))^2+L8^2) -> 0.25367877 | Y5: =O34 -> -9.8371166e-06 | Z5: =SQRT((SQRT((D4/2)^2 +((C4/2)/SQRT(3))^2 + ((L6/2)/SQRT(3))^2 +('Pengambilan Data '!S90/SQRT(5))^2))^2+L8^2) -> 0.25367877 | AA5: =O62 -> -9.8371166e-06 | AB5: =SQRT((SQRT((D4/2)^2 +((C4/2)/SQRT(3))^2 + ((L6/2)/SQRT(3))^2 +('Pengambilan Data '!Z90/SQRT(5))^2))^2+L8^2) -> 0.25367877 | AC5: =O90 -> -9.8371166e-06 | AD5: =SQRT((SQRT((D4/2)^2 +((C4/2)/SQRT(3))^2 + ((L6/2)/SQRT(3))^2 +('Pengambilan Data '!AG90/SQRT(5))^2))^2+L8^2) -> 0.25367877 | AE5: =O118 -> -9.8371166e-06
B6: Higrometer | C6: 0.1 | D6: 2.3 | E6: =D6/100 -> 0.023 | F6: % | H6: 2 | I6: Suhu air destilasi | K6: dt | L6: 0.06 | M6: Ut | N6: =SQRT(L7^2+L8^2) -> 0.25367877 | O6: =$C$21*$C$18*$C$19*(-$L$23) -> -9.8371166e-06 | P6: ml/C | U6: Densitas air destilasi | V6: =N10 -> 4.421272e-05 | W6: =O10 -> -0.99652155 | X6: =N38 -> 4.421272e-05 | Y6: =O38 -> -0.99652155 | Z6: =N66 -> 4.421272e-05 | AA6: =O66 -> -0.99652155 | AB6: =N94 -> 4.421272e-05 | AC6: =O94 -> -0.99652155 | AD6: =N122 -> 4.421272e-05 | AE6: =O122 -> -0.99652155
B7: Barometer | C7: 0.1 | D7: 1 | E7: =D7*100 -> 100 | F7: Pa | K7: U(tw) | L7: =SQRT(($D$4/2)^2 +(($C$4/2)/SQRT(3))^2 + (($L$6/2)/SQRT(3))^2 +('Pengambilan Data '!$E$90/SQRT(5))^2) -> 0.20861348 | U7: Densitas udara | V7: =N15 -> 1.4091221e-05 | W7: =O15 -> 0.87153432 | X7: =$N$15 -> 1.4091221e-05 | Y7: =O43 -> 0.87153432 | Z7: =$N$15 -> 1.4091221e-05 | AA7: =O71 -> 0.87153432 | AB7: =$N$15 -> 1.4091221e-05 | AC7: =O99 -> 0.87153432 | AD7: =$N$15 -> 1.4091221e-05 | AE7: =O127 -> 0.87153432
B8: Note: Angka diambil dari contoh standar acuan SNSU PK M-05:2023 | K8: U(ts) | L8: =(0.5/2)/SQRT(3) -> 0.14433757 | R8: -----------------> REKAP NILAI | U8: Densitas AT acuan | V8: =N21 -> 0.14 | W8: =O21 -> 1.7252161e-05 | X8: =$N$21 -> 0.14 | Y8: =O49 -> 1.7252161e-05 | Z8: =$N$21 -> 0.14 | AA8: =O77 -> 1.7252161e-05 | AB8: =$N$21 -> 0.14 | AC8: =O105 -> 1.7252161e-05 | AD8: =$N$21 -> 0.14 | AE8: =O133 -> 1.7252161e-05
U9: Koefisien muai termal | V9: =N23 -> 5.7157677e-07 | W9: =O23 -> -19.83721 | X9: =$N$23 -> 5.7157677e-07 | Y9: =O51 -> -19.83721 | Z9: =$N$23 -> 5.7157677e-07 | AA9: =O79 -> -19.83721 | AB9: =$N$23 -> 5.7157677e-07 | AC9: =O107 -> -19.83721 | AD9: =$N$23 -> 5.7157677e-07 | AE9: =O135 -> -19.83721
B10: Tekanan Terkoreksi | C10: =AVERAGE('Pengambilan Data '!B4,'Pengambilan Data '!C4)+FORECAST(AVERAGE('Pengambilan Data '!B4,'Pengambilan Data '!C4),'Database '!M3:M13,'Database '!L3:L13) -> 929.80139 | H10: 3 | I10: Densitas air destilasi | K10: U(pwform) | L10: =4.5 *10^-7 -> 4.5e-07 | M10: Upw(tw) | N10: =SQRT(L10^2 +L12^2 +L13^2) -> 4.421272e-05 | O10: =-$C$21*($C$18^2)*$C$19*$C$20 -> -0.99652155 | P10: ml2/g | U10: Meniskus | V10: =N25 -> 0.00062333924 | W10: 1 | X10: =N53 -> 0.00062333924 | Y10: 1 | Z10: =N81 -> 0.00062333924 | AA10: 1 | AB10: =N109 -> 0.00062333924 | AC10: 1 | AD10: =N137 -> 0.00062333924 | AE10: 1
B11: Humidity terkoreksi | C11: =AVERAGE('Pengambilan Data '!B3,'Pengambilan Data '!D3)+FORECAST(AVERAGE('Pengambilan Data '!B3,'Pengambilan Data '!D3),'Database '!H3:H7,'Database '!G3:G7) -> 60.276093 | K11: B | L11: =(-0.1176*'Pengambilan Data '!E89^2 +15.846*'Pengambilan Data '!E89 - 62.677)*10^-6 -> 0.00020680194 | U11: Repeatability | V11: =N27 -> 0.0017555011 | W11: 1 | X11: =N55 -> 0.0017555011 | Y11: 1 | Z11: =N83 -> 0.0017555011 | AA11: 1 | AB11: =N111 -> 0.0017555011 | AC11: 1 | AD11: =N139 -> 0.0017555011 | AE11: 1
B12: Suhu terkoreksi | C12: =AVERAGE('Pengambilan Data '!B2,'Pengambilan Data '!C2)+FORECAST(AVERAGE('Pengambilan Data '!B2,'Pengambilan Data '!C2),'Database '!C3:C7,'Database '!B3:B7) -> 20.442732 | K12: U(pwt) | L12: =L7*L11*'Pengambilan Data '!$F$89 -> 4.3064627e-05
B13: =CONCATENATE('Isian '!$B$10/5," ml") -> 2 ml | K13: U(dpw) | L13: =1*10^-5 -> 1e-05
B14: Koefiesen | C14: Nilai | D14: Konversi
B15: pb | C15: 7950 | D15: =C15*1000/1000000 -> 7.95 | H15: 4 | I15: Densitas udara | K15: pa | L15: =(((0.34848*$C$10 - 0.009*$C$11*EXP(0.061*$C$12)) / ($C$12 + 273.15)))/1000 -> 0.0010971981 | M15: U(pa) | N15: =L15*SQRT(((L16*$E$7)^2)+((L17*$D$5)^2)+((L18*$E$6)^2)+(L19^2)) -> 1.4091221e-05 | O15: =$C$21*$C$18*$C$20*($C$19*($C$18-1/$D$15)) -> 0.87153432 | P15: ml2/g
B16: pa | C16: =(((0.34848*$C$10 - 0.009*$C$11*EXP(0.061*$C$12)) / ($C$12 + 273.15)))/1000 -> 0.0010971981 | K16: PP | L16: =1*10^-5 -> 1e-05
B17: pw | C17: ='Pengambilan Data '!$F$89 -> 0.99821412 | K17: TT | L17: =-4*10^-3 -> -0.004
B18: A | C18: =1/(C17-C16) -> 1.0028914 | K18: HH | L18: =-9*10^-3 -> -0.009
B19: B | C19: =1-(C16/D15) -> 0.99986199 | K19: Uform | L19: =2.4*10^-4 -> 0.00024
B20: C | C20: =1-$L$23*('Pengambilan Data '!$E$89-20) -> 1.0000004
B21: m | C21: ='Pengambilan Data '!$D$89 -> 0.99092014 | H21: 5 | I21: Densitas AT acuan | K21: U(b) | L21: 0.14 | M21: U(pb) | N21: =L21 -> 0.14 | O21: =$C$21*$C$18*$C$20*$C$16/($D$15^2) -> 1.7252161e-05 | P21: ml2/g
B23: =CONCATENATE('Isian '!$B$10*2/5," ml") -> 4 ml | H23: 6 | I23: Koefisien muai termal | K23: y | L23: =9.9*10^-6 -> 9.9e-06 | M23: Uy | N23: =(L23/SQRT(3))*10/100 -> 5.7157677e-07 | O23: =$C$21*$C$18*$C$19*(-'Pengambilan Data '!E89) -> -19.83721 | P23: C.ml
B24: Koefiesen | C24: Nilai | D24: Konversi
B25: pb | C25: 7950 | D25: =C25*1000/1000000 -> 7.95 | H25: 7 | I25: Meniskus | K25: pi | L25: =22/7 -> 3.1428571 | M25: Umeniskus | N25: =(((0.5*'Pengambilan Data '!C79)*(0.25*L25*'Pengambilan Data '!B79^2))/SQRT(3))*10^-3 -> 0.00062333924 | O25: 1
B26: pa | C26: =(((0.34848*$C$10 - 0.009*$C$11*EXP(0.061*$C$12)) / ($C$12 + 273.15)))/1000 -> 0.0010971981
B27: pw | C27: ='Pengambilan Data '!$M$89 -> 0.99821412 | H27: 8 | I27: Repeatability | K27: - | L27: - | M27: Urepeat | N27: ='Pengambilan Data '!G90/SQRT(5) -> 0.0017555011 | O27: 1
B28: A | C28: =1/(C27-C26) -> 1.0028914
B29: B | C29: =1-(C26/D25) -> 0.99986199 | I29: =CONCATENATE('Isian '!$B$10*2/5," ml") -> 4 ml
B30: C | C30: =1-$L$23*('Pengambilan Data '!L89-20) -> 1.0000004 | I30: Komponen | J30: Koefisien | K30: Simbol koef | L30: Nilai koef | M30: Ketidakpastian baku (U) | N30: nilai U | O30: Koefisien Sesitivitas (ci) | P30: Satuan
B31: m | C31: ='Pengambilan Data '!K89 -> 0.99092014 | H31: 1 | I31: Massa | K31: Ul | L31: =SQRT(($D$3/2)^2 +((($C$3/2)/SQRT(3))^2 )) -> 0.000411015 | M31: Um | N31: =SQRT(L31^2 +L31^2+((L32/2)/SQRT(3))^2) -> 0.00058287363 | O31: =(1/('Pengambilan Data '!M89-C16))*$C$19*(1-L23*('Pengambilan Data '!L89-20)) -> 1.0027534 | P31: ml/g
K32: dm | L32: 0.00015
B33: =CONCATENATE('Isian '!$B$10*3/5," ml") -> 6 ml
B34: Koefiesen | C34: Nilai | D34: Konversi | H34: 2 | I34: Suhu air destilasi | K34: dt | L34: 0.06 | M34: Ut | N34: =SQRT(L35^2+L36^2) -> 0.25367877 | O34: ='Pengambilan Data '!K89*(1/('Pengambilan Data '!M89-C16))*$C$19*(-$L$51) -> -9.8371166e-06 | P34: ml/C
B35: pb | C35: 7950 | D35: =C35*1000/1000000 -> 7.95 | K35: U(tw) | L35: =SQRT(($D$4/2)^2 +(($C$4/2)/SQRT(3))^2 + (($L$6/2)/SQRT(3))^2 +('Pengambilan Data '!L90/SQRT(5))^2) -> 0.20861348
B36: pa | C36: =(((0.34848*$C$10 - 0.009*$C$11*EXP(0.061*$C$12)) / ($C$12 + 273.15)))/1000 -> 0.0010971981 | K36: U(ts) | L36: =(0.5/2)/SQRT(3) -> 0.14433757
B37: pw | C37: ='Pengambilan Data '!T89 -> 0.99821412
B38: A | C38: =1/(C37-C36) -> 1.0028914 | H38: 3 | I38: Densitas air destilasi | K38: U(pwform) | L38: =4.5 *10^-7 -> 4.5e-07 | M38: Upw(tw) | N38: =SQRT(L38^2 +L40^2 +L41^2) -> 4.421272e-05 | O38: =-$C$31*($C$28^2)*$C$29*$C$30 -> -0.99652155 | P38: ml2/g
B39: B | C39: =1-(C36/D35) -> 0.99986199 | K39: B | L39: =(-0.1176*'Pengambilan Data '!L89^2 +15.846*'Pengambilan Data '!L89 - 62.677)*10^-6 -> 0.00020680194
B40: C | C40: =1-$L$23*('Pengambilan Data '!S89-20) -> 1.0000004 | K40: U(pwt) | L40: =L35*L39*'Pengambilan Data '!M89 -> 4.3064627e-05
B41: m | C41: ='Pengambilan Data '!R89 -> 0.99092014 | K41: U(dpw) | L41: =1*10^-5 -> 1e-05
B43: =CONCATENATE('Isian '!$B$10*4/5," ml") -> 8 ml | H43: 4 | I43: Densitas udara | K43: pa | L43: =(((0.34848*$C$10 - 0.009*$C$11*EXP(0.061*$C$12)) / ($C$12 + 273.15)))/1000 -> 0.0010971981 | M43: U(pa) | N43: =L43*SQRT(((L44*$E$7)^2)+((L45*$D$5)^2)+((L46*$E$6)^2)+(L47^2)) -> 1.4091221e-05 | O43: =$C$31*$C$28*$C$30*($C$29*($C$28-1/$D$25)) -> 0.87153432 | P43: ml2/g
B44: Koefiesen | C44: Nilai | D44: Konversi | K44: PP | L44: =1*10^-5 -> 1e-05
B45: pb | C45: 7950 | D45: =C45*1000/1000000 -> 7.95 | K45: TT | L45: =-4*10^-3 -> -0.004
B46: pa | C46: =(((0.34848*$C$10 - 0.009*$C$11*EXP(0.061*$C$12)) / ($C$12 + 273.15)))/1000 -> 0.0010971981 | K46: HH | L46: =-9*10^-3 -> -0.009
B47: pw | C47: ='Pengambilan Data '!AA89 -> 0.99821412 | K47: Uform | L47: =2.4*10^-4 -> 0.00024
B48: A | C48: =1/(C47-C46) -> 1.0028914
B49: B | C49: =1-(C46/D45) -> 0.99986199 | H49: 5 | I49: Densitas AT acuan | K49: U(b) | L49: 0.14 | M49: U(pb) | N49: =L49 -> 0.14 | O49: =$C$31*$C$28*$C$30*$C$26/($D$25^2) -> 1.7252161e-05 | P49: ml2/g
B50: C | C50: =1-$L$23*('Pengambilan Data '!Z89-20) -> 1.0000004
B51: m | C51: ='Pengambilan Data '!Y89 -> 0.99092014 | H51: 6 | I51: Koefisien muai termal | K51: y | L51: =9.9*10^-6 -> 9.9e-06 | M51: Uy | N51: =(L51/SQRT(3))*10/100 -> 5.7157677e-07 | O51: =$C$31*$C$28*$C$29*(-'Pengambilan Data '!L89) -> -19.83721 | P51: C.ml
B53: =CONCATENATE('Isian '!$B$10*5/5," ml") -> 10 ml | H53: 7 | I53: Meniskus | K53: pi | L53: =22/7 -> 3.1428571 | M53: Umeniskus | N53: =(((0.5*'Pengambilan Data '!F79)*(0.25*L53*'Pengambilan Data '!E79^2))/SQRT(3))*10^-3 -> 0.00062333924 | O53: 1
B54: Koefiesen | C54: Nilai | D54: Konversi
B55: pb | C55: 7950 | D55: =C55*1000/1000000 -> 7.95 | H55: 8 | I55: Repeatability | K55: - | L55: - | M55: Urepeat | N55: ='Pengambilan Data '!N90/SQRT(5) -> 0.0017555011 | O55: 1
B56: pa | C56: =(((0.34848*$C$10 - 0.009*$C$11*EXP(0.061*$C$12)) / ($C$12 + 273.15)))/1000 -> 0.0010971981
B57: pw | C57: ='Pengambilan Data '!AH89 -> 0.99821412 | I57: =CONCATENATE('Isian '!$B$10*3/5," ml") -> 6 ml
B58: A | C58: =1/(C57-C56) -> 1.0028914 | I58: Komponen | J58: Koefisien | K58: Simbol koef | L58: Nilai koef | M58: Ketidakpastian baku (U) | N58: nilai U | O58: Koefisien Sesitivitas (ci) | P58: Satuan
B59: B | C59: =1-(C56/D55) -> 0.99986199 | H59: 1 | I59: Massa | K59: Ul | L59: =SQRT(($D$3/2)^2 +((($C$3/2)/SQRT(3))^2 )) -> 0.000411015 | M59: Um | N59: =SQRT(L59^2 +L59^2+((L60/2)/SQRT(3))^2) -> 0.00058287363 | O59: =(1/('Pengambilan Data '!T89-C16))*$C$19*(1-L23*('Pengambilan Data '!S89-20)) -> 1.0027534 | P59: ml/g
B60: C | C60: =1-$L$135*('Pengambilan Data '!AG89-20) -> 1.0000004 | K60: dm | L60: 0.00015
B61: m | C61: ='Pengambilan Data '!AF89 -> 0.99092014
H62: 2 | I62: Suhu air destilasi | K62: dt | L62: 0.06 | M62: Ut | N62: =SQRT(L63^2+L64^2) -> 0.25367877 | O62: ='Pengambilan Data '!R89*(1/('Pengambilan Data '!T89-C16))*$C$19*(-$L$79) -> -9.8371166e-06 | P62: ml/C
K63: U(tw) | L63: =SQRT(($D$4/2)^2 +(($C$4/2)/SQRT(3))^2 + (($L$6/2)/SQRT(3))^2 +('Pengambilan Data '!S90/SQRT(5))^2) -> 0.20861348
K64: U(ts) | L64: =(0.5/2)/SQRT(3) -> 0.14433757
H66: 3 | I66: Densitas air destilasi | K66: U(pwform) | L66: =4.5 *10^-7 -> 4.5e-07 | M66: Upw(tw) | N66: =SQRT(L66^2 +L68^2 +L69^2) -> 4.421272e-05 | O66: =-$C$41*($C$38^2)*$C$39*$C$40 -> -0.99652155 | P66: ml2/g
K67: B | L67: =(-0.1176*'Pengambilan Data '!S89^2 +15.846*'Pengambilan Data '!S89 - 62.677)*10^-6 -> 0.00020680194
K68: U(pwt) | L68: =L63*L67*'Pengambilan Data '!T89 -> 4.3064627e-05
K69: U(dpw) | L69: =1*10^-5 -> 1e-05
H71: 4 | I71: Densitas udara | K71: pa | L71: =(((0.34848*$C$10 - 0.009*$C$11*EXP(0.061*$C$12)) / ($C$12 + 273.15)))/1000 -> 0.0010971981 | M71: U(pa) | N71: =L71*SQRT(((L72*$E$7)^2)+((L73*$D$5)^2)+((L74*$E$6)^2)+(L75^2)) -> 1.4091221e-05 | O71: =$C$41*$C$38*$C$40*($C$39*($C$38-1/$D$35)) -> 0.87153432 | P71: ml2/g
K72: PP | L72: =1*10^-5 -> 1e-05
K73: TT | L73: =-4*10^-3 -> -0.004
K74: HH | L74: =-9*10^-3 -> -0.009
K75: Uform | L75: =2.4*10^-4 -> 0.00024
H77: 5 | I77: Densitas AT acuan | K77: U(b) | L77: 0.14 | M77: U(pb) | N77: =L77 -> 0.14 | O77: =$C$41*$C$38*$C$40*$C$36/($D$35^2) -> 1.7252161e-05 | P77: ml2/g
H79: 6 | I79: Koefisien muai termal | K79: y | L79: =9.9*10^-6 -> 9.9e-06 | M79: Uy | N79: =(L79/SQRT(3))*10/100 -> 5.7157677e-07 | O79: =$C$41*$C$38*$C$39*(-'Pengambilan Data '!S89) -> -19.83721 | P79: C.ml
H81: 7 | I81: Meniskus | K81: pi | L81: =22/7 -> 3.1428571 | M81: Umeniskus | N81: =(((0.5*'Pengambilan Data '!I79)*(0.25*L81*'Pengambilan Data '!H79^2))/SQRT(3))*10^-3 -> 0.00062333924 | O81: 1
H83: 8 | I83: Repeatability | K83: - | L83: - | M83: Urepeat | N83: ='Pengambilan Data '!U90/SQRT(5) -> 0.0017555011 | O83: 1
I85: =CONCATENATE('Isian '!$B$10*4/5," ml") -> 8 ml
I86: Komponen | J86: Koefisien | K86: Simbol koef | L86: Nilai koef | M86: Ketidakpastian baku (U) | N86: nilai U | O86: Koefisien Sesitivitas (ci) | P86: Satuan
H87: 1 | I87: Massa | K87: Ul | L87: =SQRT(($D$3/2)^2 +((($C$3/2)/SQRT(3))^2 )) -> 0.000411015 | M87: Um | N87: =SQRT(L87^2 +L87^2+((L88/2)/SQRT(3))^2) -> 0.00058287363 | O87: =(1/('Pengambilan Data '!AA89-C16))*$C$19*(1-L23*('Pengambilan Data '!Z89-20)) -> 1.0027534 | P87: ml/g
K88: dm | L88: 0.00015
H90: 2 | I90: Suhu air destilasi | K90: dt | L90: 0.06 | M90: Ut | N90: =SQRT(L91^2+L92^2) -> 0.25367877 | O90: ='Pengambilan Data '!Y89*(1/('Pengambilan Data '!AA89-C16))*$C$19*(-$L$79) -> -9.8371166e-06 | P90: ml/C
K91: U(tw) | L91: =SQRT(($D$4/2)^2 +(($C$4/2)/SQRT(3))^2 + (($L$6/2)/SQRT(3))^2 +('Pengambilan Data '!Z90/SQRT(5))^2) -> 0.20861348
K92: U(ts) | L92: =(0.5/2)/SQRT(3) -> 0.14433757
H94: 3 | I94: Densitas air destilasi | K94: U(pwform) | L94: =4.5 *10^-7 -> 4.5e-07 | M94: Upw(tw) | N94: =SQRT(L94^2 +L96^2 +L97^2) -> 4.421272e-05 | O94: =-$C$51*($C$48^2)*$C$49*$C$50 -> -0.99652155 | P94: ml2/g
K95: B | L95: =(-0.1176*'Pengambilan Data '!Z89^2 +15.846*'Pengambilan Data '!Z89- 62.677)*10^-6 -> 0.00020680194
K96: U(pwt) | L96: =L91*L95*'Pengambilan Data '!AA89 -> 4.3064627e-05
K97: U(dpw) | L97: =1*10^-5 -> 1e-05
H99: 4 | I99: Densitas udara | K99: pa | L99: =(((0.34848*$C$10 - 0.009*$C$11*EXP(0.061*$C$12)) / ($C$12 + 273.15)))/1000 -> 0.0010971981 | M99: U(pa) | N99: =L99*SQRT(((L100*$E$7)^2)+((L101*$D$5)^2)+((L102*$E$6)^2)+(L103^2)) -> 1.4091221e-05 | O99: =$C$51*$C$48*$C$50*($C$49*($C$48-1/$D$45)) -> 0.87153432 | P99: ml2/g
K100: PP | L100: =1*10^-5 -> 1e-05
K101: TT | L101: =-4*10^-3 -> -0.004
K102: HH | L102: =-9*10^-3 -> -0.009
K103: Uform | L103: =2.4*10^-4 -> 0.00024
H105: 5 | I105: Densitas AT acuan | K105: U(b) | L105: 0.14 | M105: U(pb) | N105: =L105 -> 0.14 | O105: =$C$51*$C$48*$C$50*$C$46/($D$45^2) -> 1.7252161e-05 | P105: ml2/g
H107: 6 | I107: Koefisien muai termal | K107: y | L107: =9.9*10^-6 -> 9.9e-06 | M107: Uy | N107: =(L107/SQRT(3))*10/100 -> 5.7157677e-07 | O107: =$C$51*$C$48*$C$49*(-'Pengambilan Data '!Z89) -> -19.83721 | P107: C.ml
H109: 7 | I109: Meniskus | K109: pi | L109: =22/7 -> 3.1428571 | M109: Umeniskus | N109: =(((0.5*'Pengambilan Data '!L79)*(0.25*L109*'Pengambilan Data '!K79^2))/SQRT(3))*10^-3 -> 0.00062333924 | O109: 1
H111: 8 | I111: Repeatability | K111: - | L111: - | M111: Urepeat | N111: ='Pengambilan Data '!AB90/SQRT(5) -> 0.0017555011 | O111: 1
I113: =CONCATENATE('Isian '!$B$10*5/5," ml") -> 10 ml
I114: Komponen | J114: Koefisien | K114: Simbol koef | L114: Nilai koef | M114: Ketidakpastian baku (U) | N114: nilai U | O114: Koefisien Sesitivitas (ci) | P114: Satuan
H115: 1 | I115: Massa | K115: Ul | L115: =SQRT(($D$3/2)^2 +((($C$3/2)/SQRT(3))^2 )) -> 0.000411015 | M115: Um | N115: =SQRT(L115^2 +L115^2+((L116/2)/SQRT(3))^2) -> 0.00058287363 | O115: =(1/('Pengambilan Data '!AH89-C16))*$C$19*(1-L23*('Pengambilan Data '!AG89-20)) -> 1.0027534 | P115: ml/g
K116: dm | L116: 0.00015
H118: 2 | I118: Suhu air destilasi | K118: dt | L118: 0.06 | M118: Ut | N118: =SQRT(L119^2+L120^2) -> 0.25367877 | O118: ='Pengambilan Data '!AF89*(1/('Pengambilan Data '!AH89-C16))*$C$19*(-$L$79) -> -9.8371166e-06 | P118: ml/C
K119: U(tw) | L119: =SQRT(($D$4/2)^2 +(($C$4/2)/SQRT(3))^2 + (($L$6/2)/SQRT(3))^2 +('Pengambilan Data '!AG90/SQRT(5))^2) -> 0.20861348
...

Sheet Budget Ketidakpastian 
B8: UNCERTAINTY BUDGET SEBAGAI PENDUKUNG KLAIM CMC
B9: Besaran yang diukur : | C9: Volume
B10: Jenis alat yang dikalibrasi : | C10: =CONCATENATE('Isian '!$B$6,) -> Gelas Ukur | D10: ='Isian '!$B$10/5 -> 2 | E10: ml
B11: Model matematis :
R12: Database CMC
B13: Komponen | C13: Satuan | D13: Distribusi | E13: U | F13: Pembagi | G13: vi | H13: ui | I13: ci | J13: uici | K13: (uici)2 | L13: (uici)4/vi | R13: Tipe | S13: Range 1 | T13: Range 2 | U13: CMC
B14: 1 | C14: 2 | D14: 3 | E14: 4 | F14: 5 | G14: 6 | H14: 7 | I14: 8 | J14: 9 | K14: 10 | L14: 11 | R14: Gelas Ukur | S14: 2 | T14: 10 | U14: 0.021
A15: 1 | B15: Massa | C15: mg | D15: Normal | E15: ='Peralatan & Koefisien '!N3 -> 0.00058287363 | F15: 1 | G15: 60 | H15: =E15/F15 -> 0.00058287363 | I15: ='Peralatan & Koefisien '!O3 -> 1.0027534 | J15: =H15*I15 -> 0.00058447849 | K15: =J15^2 -> 3.4161511e-07 | L15: =K15^2/G15 -> 1.9450147e-15 | R15: Gelas Ukur | S15: 11 | T15: 50 | U15: 0.049
A16: 2 | B16: Suhu air destilasi | C16: mg | D16: Normal | E16: ='Peralatan & Koefisien '!N6 -> 0.25367877 | F16: 1 | G16: 60 | H16: =E16/F16 -> 0.25367877 | I16: ='Peralatan & Koefisien '!O6 -> -9.8371166e-06 | J16: =H16*I16 -> -2.4954676e-06 | K16: =J16^2 -> 6.2273586e-12 | L16: =K16^2/G16 -> 6.4633326e-25 | R16: Gelas Ukur | S16: 51 | T16: 100 | U16: 0.079
A17: 3 | B17: Densitas air destilasi | C17: mg | D17: Normal | E17: ='Peralatan & Koefisien '!N10 -> 4.421272e-05 | F17: 1 | G17: 60 | H17: =E17/F17 -> 4.421272e-05 | I17: ='Peralatan & Koefisien '!O10 -> -0.99652155 | J17: =H17*I17 -> -4.4058928e-05 | K17: =J17^2 -> 1.9411891e-09 | L17: =K17^2/G17 -> 6.2803588e-20 | R17: Gelas Ukur | S17: 101 | T17: 500 | U17: 0.25
A18: 4 | B18: Densitas udara | C18: mg | D18: t-student | E18: ='Peralatan & Koefisien '!N15 -> 1.4091221e-05 | F18: 1 | G18: 60 | H18: =E18/F18 -> 1.4091221e-05 | I18: ='Peralatan & Koefisien '!O15 -> 0.87153432 | J18: =H18*I18 -> 1.2280983e-05 | K18: =J18^2 -> 1.5082254e-10 | L18: =K18^2/G18 -> 3.7912398e-22 | R18: Buret | S18: 2 | T18: 10 | U18: 0.008
A19: 5 | B19: Densitas AT acuan | C19: mg | D19: Normal | E19: ='Peralatan & Koefisien '!N21 -> 0.14 | F19: 2 | G19: 60 | H19: =E19/F19 -> 0.07 | I19: ='Peralatan & Koefisien '!O21 -> 1.7252161e-05 | J19: =H19*I19 -> 1.2076513e-06 | K19: =J19^2 -> 1.4584217e-12 | L19: =K19^2/G19 -> 3.5449896e-26 | R19: Buret | S19: 11 | T19: 25 | U19: 0.011
A20: 6 | B20: Koefisien muai termal | C20: mg | D20: Rect | E20: ='Peralatan & Koefisien '!N23 -> 5.7157677e-07 | F20: 1 | G20: 50 | H20: =E20/F20 -> 5.7157677e-07 | I20: ='Peralatan & Koefisien '!O23 -> -19.83721 | J20: =H20*I20 -> -1.1338488e-05 | K20: =J20^2 -> 1.2856132e-10 | L20: =K20^2/G20 -> 3.3056025e-22 | R20: Buret | S20: 26 | T20: 50 | U20: 0.014
A21: 7 | B21: Meniskus | C21: mg | D21: Rect | E21: ='Peralatan & Koefisien '!N25 -> 0.00062333924 | F21: 1 | G21: 50 | H21: =E21/F21 -> 0.00062333924 | I21: 1 | J21: =H21*I21 -> 0.00062333924 | K21: =J21^2 -> 3.8855181e-07 | L21: =K21^2/G21 -> 3.0194502e-15 | R21: Buret | S21: 51 | T21: 100 | U21: 0.027
A22: 8 | B22: Repeatability | C22: mg | D22: Normal | E22: ='Peralatan & Koefisien '!N27 -> 0.0017555011 | F22: 1 | G22: 4 | H22: =E22/F22 -> 0.0017555011 | I22: 1 | J22: =H22*I22 -> 0.0017555011 | K22: =J22^2 -> 3.081784e-06 | L22: =K22^2/G22 -> 2.3743482e-12 | R22: Pipet Ukur | S22: 1 | T22: 5 | U22: 0.0035
B23: Sums | K23: =SUM(K15:K22) -> 3.8141792e-06 | L23: =SUM(L15:L22) -> 2.3793127e-12 | R23: Pipet Ukur | S23: 6 | T23: 10 | U23: 0.0056
B24: Ketidakpastian baku gabungan, uc, mg | K24: =SQRT(K23) -> 0.0019529924 | R24: Pipet Ukur | S24: 11 | T24: 25 | U24: 0.0097
B25: Dearajat kebebasan efektif, veff | K25: =(K24^4)/L23 -> 6.1143551 | R25: Pipet Ukur | S25: 26 | T25: 50 | U25: 0.018
B26: Faktor cakupan, k-student for veff and CL 95% | K26: =TINV(0.05,K25) -> 2.4469119 | R26: Pipet Ukur | S26: 51 | T26: 100 | U26: 0.053
B27: Ketidakpastian bentangan, U = kuc, mg | K27: =K26*K24 -> 0.0047788002 | R27: Labu Ukur | S27: 25 | T27: 25 | U27: 0.01
B28: Atau ketidakpastian bentangan, U = kuc, mg | K28: =K26*K24 -> 0.0047788002 | L28: ml | R28: Labu Ukur | S28: 50 | T28: 50 | U28: 0.017
B29: Atau ketidakpastian bentangan, U = kuc, g | K29: =K28/1000 -> 4.7788002e-06 | L29: l | R29: Labu Ukur | S29: 100 | T29: 100 | U29: 0.023
B30: CMC | K30: {=IFERROR(INDEX($U$14:$U$34, MATCH(1, (D10>=$S$14:$S$34)*(D10<=$T$14:$T$34)*(C10=$R$14:$R$34), 0)),"Bintang")} -> 0.021 | L30: ml | R30: Labu Ukur | S30: 250 | T30: 250 | U30: 0.041
R31: Labu Ukur | S31: 500 | T31: 500 | U31: 0.074
R32: Pipet Volume | S32: 5 | T32: 5 | U32: 0.0024
R33: Pipet Volume | S33: 10 | T33: 10 | U33: 0.0025
B34: UNCERTAINTY BUDGET SEBAGAI PENDUKUNG KLAIM CMC | R34: Pipet Volume | S34: 20 | T34: 20 | U34: 0.0035
B35: Besaran yang diukur : | C35: Volume
B36: Jenis alat yang dikalibrasi : | C36: =CONCATENATE('Isian '!$B$6,) -> Gelas Ukur | D36: ='Isian '!$B$10*2/5 -> 4 | E36: ml
B37: Model matematis :
B39: Komponen | C39: Satuan | D39: Distribusi | E39: U | F39: Pembagi | G39: vi | H39: ui | I39: ci | J39: uici | K39: (uici)2 | L39: (uici)4/vi
B40: 1 | C40: 2 | D40: 3 | E40: 4 | F40: 5 | G40: 6 | H40: 7 | I40: 8 | J40: 9 | K40: 10 | L40: 11
B41: Massa | C41: mg | D41: Normal | E41: ='Peralatan & Koefisien '!X4 -> 0.00058287363 | F41: 1 | G41: 60 | H41: =E41/F41 -> 0.00058287363 | I41: ='Peralatan & Koefisien '!Y4 -> 1.0027534 | J41: =H41*I41 -> 0.00058447849 | K41: =J41^2 -> 3.4161511e-07 | L41: =K41^2/G41 -> 1.9450147e-15
B42: Suhu air destilasi | C42: mg | D42: Normal | E42: ='Peralatan & Koefisien '!X5 -> 0.25367877 | F42: 1 | G42: 60 | H42: =E42/F42 -> 0.25367877 | I42: ='Peralatan & Koefisien '!Y5 -> -9.8371166e-06 | J42: =H42*I42 -> -2.4954676e-06 | K42: =J42^2 -> 6.2273586e-12 | L42: =K42^2/G42 -> 6.4633326e-25
B43: Densitas air destilasi | C43: mg | D43: Normal | E43: ='Peralatan & Koefisien '!X6 -> 4.421272e-05 | F43: 1 | G43: 60 | H43: =E43/F43 -> 4.421272e-05 | I43: ='Peralatan & Koefisien '!Y6 -> -0.99652155 | J43: =H43*I43 -> -4.4058928e-05 | K43: =J43^2 -> 1.9411891e-09 | L43: =K43^2/G43 -> 6.2803588e-20
B44: Densitas udara | C44: mg | D44: t-student | E44: ='Peralatan & Koefisien '!X7 -> 1.4091221e-05 | F44: 1 | G44: 60 | H44: =E44/F44 -> 1.4091221e-05 | I44: ='Peralatan & Koefisien '!Y7 -> 0.87153432 | J44: =H44*I44 -> 1.2280983e-05 | K44: =J44^2 -> 1.5082254e-10 | L44: =K44^2/G44 -> 3.7912398e-22
B45: Densitas AT acuan | C45: mg | D45: Normal | E45: ='Peralatan & Koefisien '!X8 -> 0.14 | F45: 2 | G45: 60 | H45: =E45/F45 -> 0.07 | I45: ='Peralatan & Koefisien '!Y8 -> 1.7252161e-05 | J45: =H45*I45 -> 1.2076513e-06 | K45: =J45^2 -> 1.4584217e-12 | L45: =K45^2/G45 -> 3.5449896e-26
B46: Koefisien muai termal | C46: mg | D46: Rect | E46: ='Peralatan & Koefisien '!X9 -> 5.7157677e-07 | F46: 1 | G46: 50 | H46: =E46/F46 -> 5.7157677e-07 | I46: ='Peralatan & Koefisien '!Y9 -> -19.83721 | J46: =H46*I46 -> -1.1338488e-05 | K46: =J46^2 -> 1.2856132e-10 | L46: =K46^2/G46 -> 3.3056025e-22
B47: Meniskus | C47: mg | D47: Rect | E47: ='Peralatan & Koefisien '!X10 -> 0.00062333924 | F47: 1 | G47: 50 | H47: =E47/F47 -> 0.00062333924 | I47: ='Peralatan & Koefisien '!Y10 -> 1 | J47: =H47*I47 -> 0.00062333924 | K47: =J47^2 -> 3.8855181e-07 | L47: =K47^2/G47 -> 3.0194502e-15
B48: Repeatability | C48: mg | D48: Normal | E48: ='Peralatan & Koefisien '!X11 -> 0.0017555011 | F48: 1 | G48: 4 | H48: =E48/F48 -> 0.0017555011 | I48: ='Peralatan & Koefisien '!Y11 -> 1 | J48: =H48*I48 -> 0.0017555011 | K48: =J48^2 -> 3.081784e-06 | L48: =K48^2/G48 -> 2.3743482e-12
B49: Sums | K49: =SUM(K41:K48) -> 3.8141792e-06 | L49: =SUM(L41:L48) -> 2.3793127e-12
B50: Ketidakpastian baku gabungan, uc, mg | K50: =SQRT(K49) -> 0.0019529924
B51: Dearajat kebebasan efektif, veff | K51: =(K50^4)/L49 -> 6.1143551
B52: Faktor cakupan, k-student for veff and CL 95% | K52: =TINV(0.05,K51) -> 2.4469119
B53: Ketidakpastian bentangan, U = kuc, mg | K53: =K52*K50 -> 0.0047788002
B54: Atau ketidakpastian bentangan, U = kuc, mg | K54: =K52*K50 -> 0.0047788002 | L54: ml
B55: Atau ketidakpastian bentangan, U = kuc, g | K55: =K54/1000 -> 4.7788002e-06 | L55: l
B56: CMC | K56: {=IFERROR(INDEX($U$14:$U$34, MATCH(1, (D36>=$S$14:$S$34)*(D36<=$T$14:$T$34)*(C36=$R$14:$R$34), 0)),0)} -> 0.021 | L56: ml
B59: UNCERTAINTY BUDGET SEBAGAI PENDUKUNG KLAIM CMC
B60: Besaran yang diukur : | C60: Volume
B61: Jenis alat yang dikalibrasi : | C61: =CONCATENATE('Isian '!$B$6) -> Gelas Ukur | D61: ='Isian '!$B$10*3/5 -> 6 | E61: ml
B62: Model matematis :
B64: Komponen | C64: Satuan | D64: Distribusi | E64: U | F64: Pembagi | G64: vi | H64: ui | I64: ci | J64: uici | K64: (uici)2 | L64: (uici)4/vi
B65: 1 | C65: 2 | D65: 3 | E65: 4 | F65: 5 | G65: 6 | H65: 7 | I65: 8 | J65: 9 | K65: 10 | L65: 11
B66: Massa | C66: mg | D66: Normal | E66: ='Peralatan & Koefisien '!Z4 -> 0.00058287363 | F66: 1 | G66: 60 | H66: =E66/F66 -> 0.00058287363 | I66: ='Peralatan & Koefisien '!AA4 -> 1.0027534 | J66: =H66*I66 -> 0.00058447849 | K66: =J66^2 -> 3.4161511e-07 | L66: =K66^2/G66 -> 1.9450147e-15
B67: Suhu air destilasi | C67: mg | D67: Normal | E67: ='Peralatan & Koefisien '!Z5 -> 0.25367877 | F67: 1 | G67: 60 | H67: =E67/F67 -> 0.25367877 | I67: ='Peralatan & Koefisien '!AA5 -> -9.8371166e-06 | J67: =H67*I67 -> -2.4954676e-06 | K67: =J67^2 -> 6.2273586e-12 | L67: =K67^2/G67 -> 6.4633326e-25
B68: Densitas air destilasi | C68: mg | D68: Normal | E68: ='Peralatan & Koefisien '!Z6 -> 4.421272e-05 | F68: 1 | G68: 60 | H68: =E68/F68 -> 4.421272e-05 | I68: ='Peralatan & Koefisien '!AA6 -> -0.99652155 | J68: =H68*I68 -> -4.4058928e-05 | K68: =J68^2 -> 1.9411891e-09 | L68: =K68^2/G68 -> 6.2803588e-20
B69: Densitas udara | C69: mg | D69: t-student | E69: ='Peralatan & Koefisien '!Z7 -> 1.4091221e-05 | F69: 1 | G69: 60 | H69: =E69/F69 -> 1.4091221e-05 | I69: ='Peralatan & Koefisien '!AA7 -> 0.87153432 | J69: =H69*I69 -> 1.2280983e-05 | K69: =J69^2 -> 1.5082254e-10 | L69: =K69^2/G69 -> 3.7912398e-22
B70: Densitas AT acuan | C70: mg | D70: Normal | E70: ='Peralatan & Koefisien '!Z8 -> 0.14 | F70: 2 | G70: 60 | H70: =E70/F70 -> 0.07 | I70: ='Peralatan & Koefisien '!AA8 -> 1.7252161e-05 | J70: =H70*I70 -> 1.2076513e-06 | K70: =J70^2 -> 1.4584217e-12 | L70: =K70^2/G70 -> 3.5449896e-26
B71: Koefisien muai termal | C71: mg | D71: Rect | E71: ='Peralatan & Koefisien '!Z9 -> 5.7157677e-07 | F71: 1 | G71: 50 | H71: =E71/F71 -> 5.7157677e-07 | I71: ='Peralatan & Koefisien '!AA9 -> -19.83721 | J71: =H71*I71 -> -1.1338488e-05 | K71: =J71^2 -> 1.2856132e-10 | L71: =K71^2/G71 -> 3.3056025e-22
B72: Meniskus | C72: mg | D72: Rect | E72: ='Peralatan & Koefisien '!Z10 -> 0.00062333924 | F72: 1 | G72: 50 | H72: =E72/F72 -> 0.00062333924 | I72: ='Peralatan & Koefisien '!AA10 -> 1 | J72: =H72*I72 -> 0.00062333924 | K72: =J72^2 -> 3.8855181e-07 | L72: =K72^2/G72 -> 3.0194502e-15
B73: Repeatability | C73: mg | D73: Normal | E73: ='Peralatan & Koefisien '!Z11 -> 0.0017555011 | F73: 1 | G73: 4 | H73: =E73/F73 -> 0.0017555011 | I73: ='Peralatan & Koefisien '!AA11 -> 1 | J73: =H73*I73 -> 0.0017555011 | K73: =J73^2 -> 3.081784e-06 | L73: =K73^2/G73 -> 2.3743482e-12
B74: Sums | K74: =SUM(K66:K73) -> 3.8141792e-06 | L74: =SUM(L66:L73) -> 2.3793127e-12
B75: Ketidakpastian baku gabungan, uc, mg | K75: =SQRT(K74) -> 0.0019529924
B76: Dearajat kebebasan efektif, veff | K76: =(K75^4)/L74 -> 6.1143551
B77: Faktor cakupan, k-student for veff and CL 95% | K77: =TINV(0.05,K76) -> 2.4469119
B78: Ketidakpastian bentangan, U = kuc, mg | K78: =K77*K75 -> 0.0047788002
B79: Atau ketidakpastian bentangan, U = kuc, mg | K79: =K77*K75 -> 0.0047788002 | L79: ml
B80: Atau ketidakpastian bentangan, U = kuc, g | K80: =K79/1000 -> 4.7788002e-06 | L80: l
B81: CMC | K81: {=IFERROR(INDEX($U$14:$U$34, MATCH(1, (D61>=$S$14:$S$34)*(D61<=$T$14:$T$34)*(C61=$R$14:$R$34), 0)),0)} -> 0.021 | L81: ml
B84: UNCERTAINTY BUDGET SEBAGAI PENDUKUNG KLAIM CMC
B85: Besaran yang diukur : | C85: Volume
B86: Jenis alat yang dikalibrasi : | C86: =CONCATENATE('Isian '!$B$6) -> Gelas Ukur | D86: ='Isian '!$B$10*4/5 -> 8 | E86: ml
B87: Model matematis :
B89: Komponen | C89: Satuan | D89: Distribusi | E89: U | F89: Pembagi | G89: vi | H89: ui | I89: ci | J89: uici | K89: (uici)2 | L89: (uici)4/vi
B90: 1 | C90: 2 | D90: 3 | E90: 4 | F90: 5 | G90: 6 | H90: 7 | I90: 8 | J90: 9 | K90: 10 | L90: 11
B91: Massa | C91: mg | D91: Normal | E91: ='Peralatan & Koefisien '!AB4 -> 0.00058287363 | F91: 1 | G91: 60 | H91: =E91/F91 -> 0.00058287363 | I91: ='Peralatan & Koefisien '!AC4 -> 1.0027534 | J91: =H91*I91 -> 0.00058447849 | K91: =J91^2 -> 3.4161511e-07 | L91: =K91^2/G91 -> 1.9450147e-15
B92: Suhu air destilasi | C92: mg | D92: Normal | E92: ='Peralatan & Koefisien '!AB5 -> 0.25367877 | F92: 1 | G92: 60 | H92: =E92/F92 -> 0.25367877 | I92: ='Peralatan & Koefisien '!AC5 -> -9.8371166e-06 | J92: =H92*I92 -> -2.4954676e-06 | K92: =J92^2 -> 6.2273586e-12 | L92: =K92^2/G92 -> 6.4633326e-25
B93: Densitas air destilasi | C93: mg | D93: Normal | E93: ='Peralatan & Koefisien '!AB6 -> 4.421272e-05 | F93: 1 | G93: 60 | H93: =E93/F93 -> 4.421272e-05 | I93: ='Peralatan & Koefisien '!AC6 -> -0.99652155 | J93: =H93*I93 -> -4.4058928e-05 | K93: =J93^2 -> 1.9411891e-09 | L93: =K93^2/G93 -> 6.2803588e-20
B94: Densitas udara | C94: mg | D94: t-student | E94: ='Peralatan & Koefisien '!AB7 -> 1.4091221e-05 | F94: 1 | G94: 60 | H94: =E94/F94 -> 1.4091221e-05 | I94: ='Peralatan & Koefisien '!AC7 -> 0.87153432 | J94: =H94*I94 -> 1.2280983e-05 | K94: =J94^2 -> 1.5082254e-10 | L94: =K94^2/G94 -> 3.7912398e-22
B95: Densitas AT acuan | C95: mg | D95: Normal | E95: ='Peralatan & Koefisien '!AB8 -> 0.14 | F95: 2 | G95: 60 | H95: =E95/F95 -> 0.07 | I95: ='Peralatan & Koefisien '!AC8 -> 1.7252161e-05 | J95: =H95*I95 -> 1.2076513e-06 | K95: =J95^2 -> 1.4584217e-12 | L95: =K95^2/G95 -> 3.5449896e-26
B96: Koefisien muai termal | C96: mg | D96: Rect | E96: ='Peralatan & Koefisien '!AB9 -> 5.7157677e-07 | F96: 1 | G96: 50 | H96: =E96/F96 -> 5.7157677e-07 | I96: ='Peralatan & Koefisien '!AC9 -> -19.83721 | J96: =H96*I96 -> -1.1338488e-05 | K96: =J96^2 -> 1.2856132e-10 | L96: =K96^2/G96 -> 3.3056025e-22
B97: Meniskus | C97: mg | D97: Rect | E97: ='Peralatan & Koefisien '!AB10 -> 0.00062333924 | F97: 1 | G97: 50 | H97: =E97/F97 -> 0.00062333924 | I97: ='Peralatan & Koefisien '!AC10 -> 1 | J97: =H97*I97 -> 0.00062333924 | K97: =J97^2 -> 3.8855181e-07 | L97: =K97^2/G97 -> 3.0194502e-15
B98: Repeatability | C98: mg | D98: Normal | E98: ='Peralatan & Koefisien '!AB11 -> 0.0017555011 | F98: 1 | G98: 4 | H98: =E98/F98 -> 0.0017555011 | I98: ='Peralatan & Koefisien '!AC11 -> 1 | J98: =H98*I98 -> 0.0017555011 | K98: =J98^2 -> 3.081784e-06 | L98: =K98^2/G98 -> 2.3743482e-12
B99: Sums | K99: =SUM(K91:K98) -> 3.8141792e-06 | L99: =SUM(L91:L98) -> 2.3793127e-12
B100: Ketidakpastian baku gabungan, uc, mg | K100: =SQRT(K99) -> 0.0019529924
B101: Dearajat kebebasan efektif, veff | K101: =(K100^4)/L99 -> 6.1143551
B102: Faktor cakupan, k-student for veff and CL 95% | K102: =TINV(0.05,K101) -> 2.4469119
B103: Ketidakpastian bentangan, U = kuc, mg | K103: =K102*K100 -> 0.0047788002
B104: Atau ketidakpastian bentangan, U = kuc, mg | K104: =K102*K100 -> 0.0047788002 | L104: ml
B105: Atau ketidakpastian bentangan, U = kuc, g | K105: =K104/1000 -> 4.7788002e-06 | L105: l
B106: CMC | K106: {=IFERROR(INDEX($U$14:$U$34, MATCH(1, (D86>=$S$14:$S$34)*(D86<=$T$14:$T$34)*(C86=$R$14:$R$34), 0)),0)} -> 0.021 | L106: ml
B109: UNCERTAINTY BUDGET SEBAGAI PENDUKUNG KLAIM CMC
B110: Besaran yang diukur : | C110: Volume
B111: Jenis alat yang dikalibrasi : | C111: =CONCATENATE('Isian '!$B$6) -> Gelas Ukur | D111: ='Isian '!$B$10*5/5 -> 10 | E111: ml
B112: Model matematis :
B114: Komponen | C114: Satuan | D114: Distribusi | E114: U | F114: Pembagi | G114: vi | H114: ui | I114: ci | J114: uici | K114: (uici)2 | L114: (uici)4/vi
B115: 1 | C115: 2 | D115: 3 | E115: 4 | F115: 5 | G115: 6 | H115: 7 | I115: 8 | J115: 9 | K115: 10 | L115: 11
B116: Massa | C116: mg | D116: Normal | E116: ='Peralatan & Koefisien '!AD4 -> 0.00058287363 | F116: 1 | G116: 60 | H116: =E116/F116 -> 0.00058287363 | I116: ='Peralatan & Koefisien '!AE4 -> 1.0027534 | J116: =H116*I116 -> 0.00058447849 | K116: =J116^2 -> 3.4161511e-07 | L116: =K116^2/G116 -> 1.9450147e-15
B117: Suhu air destilasi | C117: mg | D117: Normal | E117: ='Peralatan & Koefisien '!AD5 -> 0.25367877 | F117: 1 | G117: 60 | H117: =E117/F117 -> 0.25367877 | I117: ='Peralatan & Koefisien '!AE5 -> -9.8371166e-06 | J117: =H117*I117 -> -2.4954676e-06 | K117: =J117^2 -> 6.2273586e-12 | L117: =K117^2/G117 -> 6.4633326e-25
...

Sheet Sertifikat 
A7: S E R T I F I K A T K A L I B R A S I
A8: C A L I B R A T I O N C E R T I F I C A T E
A9: Nomor / Number : 0187-2.3/KALIBRASI BBLM/XII/2025
B13: IDENTITAS ALAT
B14: INSTRUMENT DETAILS
B16: Nama Alat | D16: : | E16: ='Isian '!B6 -> Gelas Ukur
B17: Instrument Name
B18: Merek | D18: : | E18: ='Isian '!B7 -> Iwaki
B19: Brand
B20: Tipe | D20: : | E20: ='Isian '!B8 -> -
B21: Type
B22: Nomor Identifikasi | D22: : | E22: ='Isian '!B12 -> 1
B23: Identification Number
B24: Nomor Seri | D24: : | E24: ='Isian '!B9 -> -
B25: Serial Number
B26: Lain-lain | D26: : | E26: Kapasitas | G26: =CONCATENATE(": ",'Isian '!B10," ",'Isian '!C10) -> : 10 ml
B27: Others | E27: Kecermatan | G27: =CONCATENATE(": ",'Isian '!B11) -> : -
B29: IDENTITAS PEMILIK
B30: Owner’s Identification
B32: Nama | D32: : | E32: ='Isian '!B3 -> UPTD. Laboratorium Lingkungan Hidup, DLH Jawa Barat
B33: Designation
B34: Alamat | D34: : | E34: ='Isian '!B4 -> Jl. A. H. Nasution No. 117, Pasir Endah, Kec. ujung Berung, Bandung 40619
B35: Address
H38: Halaman 1 dari 2 halaman
H39: Page of page
H41: Diterbitkan Tanggal 17 Desember 2025
H42: Date of Issue
F44: Penguji Mutu Barang Ahli Madya
F45: Elis Sofianti
F46: NIP. 197109301994032002
F64: Nomor | G64: =CONCATENATE(MID(A9,16,100)) -> : 0187-2.3/KALIBRASI BBLM/XII/2025
F65: No. Order | G65: =CONCATENATE(": ",'Isian '!B2) -> : K683-1
F66: Halaman | G66: : 2 dari 2
B68: SPESIFIKASI ALAT
B69: Nama | E69: =CONCATENATE(": ",E16) -> : Gelas Ukur
B70: Merek / Tipe | E70: =CONCATENATE(":"," ",E18," ","/"," ",E20) -> : Iwaki / -
B71: No. Identifikasi / No. Seri | E71: =CONCATENATE(": ",E22," / ",E24) -> : 1 / -
B72: Kapasitas | E72: =G26 -> : 10 ml
B73: Kecermatan | E73: =G27 -> : - | H73: Kondisi ruang
B74: Prosedur Kalibrasi | E74: : SNSU PK.M-05:2023 | H74: Temperatur | J74: =CONCATENATE(": ","(",'Thermohygro '!B10,") °C") -> : (20,4 ± 0,3) °C
B75: Tanggal Terima | E75: =CONCATENATE(": ",'Isian '!B13) -> : 24 November 2025 | H75: Kelembaban | J75: =CONCATENATE(":"," ","(",'Thermohygro '!C10,")"," %RH") -> : (60,0 ± 0,3) %RH
B76: Tanggal Kalibrasi | E76: =CONCATENATE(": ",'Isian '!B14) -> : 1 Desember 2025 | H76: Tekanan | J76: =CONCATENATE(":"," ","(",'Thermohygro '!D10,")"," mmHg") -> : (699 ± 1) mmHg
B77: Lokasi Alat | E77: : Lab Volumetrik BBSPJILM
B79: Timbangan Analitik
B80: Sebelum penyetelan | E80: : Koreksi pembacaan Timbangan dilakukan pada beban
E81: =CONCATENATE(" ",'Pengambilan Data '!H2," ",'Pengambilan Data '!J2," ","sebesar"," ",FIXED('Pengambilan Data '!K7,4)," ",'Pengambilan Data '!J2,".") -> 200 g sebesar 0,0025 g.
B83: Setelah Penyetelan | E83: : Timbangan dilakukan penyetelan sebelum dilakukan
E84: kalibrasi sesuai dengan prosedur manufaktur.
E87: HASIL KALIBRASI
C89: Volume Nominal | E89: Koreksi | G89: Ketidakpastian U95% (k=2)
C90: (mL) | E90: (mL) | G90: (mL)
C91: ='Budget Ketidakpastian '!D10 -> 2 | E91: =C91-'Pengambilan Data '!G89 -> 1.0063518 | G91: =MAX('Budget Ketidakpastian '!K28,'Budget Ketidakpastian '!K30) -> 0.021
C92: ='Budget Ketidakpastian '!D36 -> 4 | E92: =C92-'Pengambilan Data '!N89 -> 3.0063518 | G92: =MAX('Budget Ketidakpastian '!K54,'Budget Ketidakpastian '!K56) -> 0.021
C93: ='Budget Ketidakpastian '!D61 -> 6 | E93: =C93-'Pengambilan Data '!U89 -> 5.0063518 | G93: =MAX('Budget Ketidakpastian '!K79,'Budget Ketidakpastian '!K81) -> 0.021
C94: ='Budget Ketidakpastian '!D86 -> 8 | E94: =C94-'Pengambilan Data '!AB89 -> 7.0063518 | G94: =MAX('Budget Ketidakpastian '!K104,'Budget Ketidakpastian '!K106) -> 0.021
C95: ='Budget Ketidakpastian '!D111 -> 10 | E95: =C95-'Pengambilan Data '!AI89 -> 9.0063518 | G95: =MAX('Budget Ketidakpastian '!K129,'Budget Ketidakpastian '!K131) -> 0.021
B98: Catatan :
B99: 1. Alat ini dikalibrasi dengan Timbangan Analitik AND-MH300 ns: 13504868 dan Termohygrometer Rotronic ns: A20010112 yang tertelusur ke SI melalui LK-001-IDN.

Sheet Thermohygro 
B2: Suhu (°C) | C2: %RH | D2: Tekanan | F2: Thermohygro Rotronic data 2025
A3: Awal | B3: ='Pengambilan Data '!B2 -> 20.1 | C3: =Table5[[#This Row],[Awal ]] -> 60.5 | D3: ='Pengambilan Data '!B4/1.333 -> 693.92348 | F3: Koreksi suhu | I3: Koreksi RH | L3: Koreksi Tekanan
A4: Akhir | B4: ='Pengambilan Data '!C2 -> 20.7 | C4: ='Pengambilan Data '!C3 -> 60 | D4: =Table5[[#This Row],[Akhir ]]/1.3333 -> 695.26738 | F4: T (°C) | G4: Koreksi | H4: U95 | I4: RH (%) | J4: Koreksi | K4: U95 | L4: Tekanan | M4: Koreksi | N4: U95
A5: Rata2 | B5: =AVERAGE(B3:B4) -> 20.4 | C5: =AVERAGE(C3:C4) -> 60.25 | D5: =AVERAGE(D3:D4) -> 694.59543 | F5: 20 | G5: 0.1 | H5: 2 | I5: 40 | J5: 0.2 | K5: 2.5 | L5: 940 | M5: 4 | N5: 1
A6: Terkoreksi | B6: =B5+FORECAST(B5,G5:G9,F5:F9) -> 20.444 | C6: =C5+FORECAST(C5,J5:J9,I5:I9) -> 60.0265 | D6: =D5+FORECAST(D5,M5:M15,L5:L15)/1.3333 -> 699.46132 | F6: 25 | G6: -0.2 | H6: 2 | I6: 50 | J6: -0.3 | K6: 2.8 | L6: 960 | M6: 3 | N6: 1
A7: U95 | B7: 2 | C7: =FORECAST(C6,K5:K9,I5:I9) -> 2.619841 | D7: =FORECAST(D6,N5:N15,L5:L15)/1.3333 -> 0.75001875 | F7: 30 | G7: -0.3 | H7: 2 | I7: 60 | J7: -0.3 | K7: 3.2 | L7: 980 | M7: 3 | N7: 1
A8: Fluktuasi suhu | B8: =(MAX(B3:B4)-B5+B5-MIN(B3:B4))/2 -> 0.3 | C8: =(MAX(C3:C4)-C5+C5-MIN(C3:C4))/2 -> 0.25 | D8: =(MAX(D3:D4)-D5+D5-MIN(D3:D4))/2 -> 0.67195041 | F8: 35 | G8: -0.6 | H8: 2 | I8: 70 | J8: -0.1 | K8: 2 | L8: 990 | M8: 3 | N8: 1
A9: Flu+U95 | B9: =B7+B8 -> 2.3 | C9: =C7+C8 -> 2.869841 | D9: =D7+D8 -> 1.4219692 | F9: 40 | G9: -0.7 | H9: 2 | I9: 80 | J9: -0.6 | K9: 2.6 | L9: 1000 | M9: 3 | N9: 1
A10: Kondisi Ruang | B10: =FIXED(B6,1)&" ± "&FIXED(B8,1) -> 20,4 ± 0,3 | C10: =FIXED(C6,1)&" ± "&FIXED(C8,1) -> 60,0 ± 0,3 | D10: =FIXED(D6,0)&" ± "&FIXED(D8,0) -> 699 ± 1 | L10: 1010 | M10: 3 | N10: 1
L11: 1020 | M11: 3 | N11: 1
L12: 1030 | M12: 3 | N12: 1
L13: 1040 | M13: 3 | N13: 1
L14: 1050 | M14: 2 | N14: 1
L15: 1060 | M15: 2 | N15: 1

Sheet Database 
A1: Rotronik Suhu | F1: Rotronik Kelembaban | K1: Rotronik tekanan | P1: Testo | T1: Timbangan HM | X1: Timbangan Scientech | AB1: Timbangan Sartorius LC5101S | AG1: Merek | AH1: N/S | AI1: Resolusi | AJ1: Ketidakpastian
A2: Standar Terkoreksi | B2: Pembacaan alat | C2: Koreksi | D2: Uncertainty | F2: Standar Terkoreksi | G2: Pembacaan | H2: Koreksi | I2: Ketidakpastian | K2: Pembacaan | L2: Aktual | M2: Koreksi | N2: U95 | P2: Pembacaan Alat | Q2: Koreksi | R2: Ketidakpastian | T2: Beban | U2: Koreksi (g) | V2: U95 (mg) | X2: Beban | Y2: Koreksi (g) | Z2: U95 (mg) | AB2: Beban | AC2: Koreksi (g) | AD2: U95 (mg) | AG2: AND HM 300 | AH2: 13504868 | AI2: 0.0001 | AJ2: 0.00082
A3: 20 | B3: 19.9 | C3: 0.1 | D3: 2 | F3: 40 | G3: 39.8 | H3: 0.2 | I3: 2.5 | K3: 940 | L3: 936 | M3: =K3-L3 -> 4 | N3: 1 | P3: 16.3 | Q3: 0.1 | R3: 0.4 | T3: 30 | U3: 5e-05 | V3: 0.12 | X3: 50 | Y3: 0 | Z3: 2.7 | AB3: 250 | AC3: -0.002 | AD3: 2.1 | AG3: Sartorius 5101S | AH3: 90602105 | AI3: 0.001 | AJ3: 0.0085
A4: 25 | B4: 25.2 | C4: -0.2 | D4: 2 | F4: 50 | G4: 50.3 | H4: -0.3 | I4: 2.8 | K4: 960 | L4: 957 | M4: =K4-L4 -> 3 | N4: 1 | P4: 18 | Q4: -0.2 | R4: 0.4 | T4: 60 | U4: 0.0003 | V4: 0.12 | X4: 100 | Y4: -0.001 | Z4: 2.7 | AB4: 500 | AC4: -0.01 | AD4: 2.3 | AG4: Scientech SP 2050D | AH4: 9249 | AI4: 0.001 | AJ4: 0.0027
A5: 30 | B5: 30.3 | C5: -0.3 | D5: 2 | F5: 60 | G5: 60.3 | H5: -0.3 | I5: 3.2 | K5: 980 | L5: 977 | M5: =K5-L5 -> 3 | N5: 1 | P5: 19.3 | Q5: -0.2 | R5: 0.4 | T5: 90 | U5: 0.00048 | V5: 0.12 | X5: 150 | Y5: -0.002 | Z5: 2.7 | AB5: 1000 | AC5: -0.018 | AD5: 2.7
A6: 35 | B6: 35.6 | C6: -0.6 | D6: 2 | F6: 70 | G6: 70.1 | H6: -0.1 | I6: 2 | K6: 990 | L6: 987 | M6: =K6-L6 -> 3 | N6: 1 | P6: 20.1 | Q6: -0.2 | R6: 0.4 | T6: 120 | U6: 0.00056 | V6: 0.12 | X6: 200 | Y6: -0.001 | Z6: 2.7 | AB6: 1500 | AC6: -0.023 | AD6: 3.5 | AG6: Testo 110
A7: 40 | B7: 40.7 | C7: -0.7 | D7: 2 | F7: 80 | G7: 80.6 | H7: -0.6 | I7: 2.6 | K7: 1000 | L7: 997 | M7: =K7-L7 -> 3 | N7: 1 | P7: 21.1 | Q7: -0.1 | R7: 0.4 | T7: 150 | U7: 0.00055 | V7: 0.12 | X7: 250 | Y7: -0.002 | Z7: 2.7 | AB7: 2000 | AC7: -0.029 | AD7: 3.9
K8: 1010 | L8: 1007 | M8: =K8-L8 -> 3 | N8: 1 | P8: 24.2 | Q8: -0.2 | R8: 0.4 | T8: 180 | U8: 0.00035 | V8: 0.15 | X8: 300 | Y8: -0.004 | Z8: 1.9 | AB8: 2500 | AC8: -0.029 | AD8: 4.8 | AG8: Rotronik
K9: 1020 | L9: 1017 | M9: =K9-L9 -> 3 | N9: 1 | P9: 25.1 | Q9: -0.1 | R9: 0.4 | T9: 210 | U9: 0.00033 | V9: 0.14 | X9: 350 | Y9: -0.008 | Z9: 1.9 | AB9: 3000 | AC9: -0.03 | AD9: 4.5
K10: 1030 | L10: 1027 | M10: =K10-L10 -> 3 | N10: 1 | P10: 26.1 | Q10: -0.1 | R10: 0.4 | T10: 240 | U10: 5e-05 | V10: 0.15 | X10: 400 | Y10: -0.004 | Z10: 1.9 | AB10: 3500 | AC10: -0.024 | AD10: 6.3
K11: 1040 | L11: 1037 | M11: =K11-L11 -> 3 | N11: 1 | P11: 30.1 | Q11: -0.1 | R11: 0.3 | T11: 270 | U11: 0.00015 | V11: 0.82 | X11: 450 | Y11: -0.006 | Z11: 1.9 | AB11: 4000 | AC11: -0.027 | AD11: 6.7
K12: 1050 | L12: 1048 | M12: =K12-L12 -> 2 | N12: 1 | T12: 300 | U12: 0.00058 | V12: 0.82 | X12: 500 | Y12: -0.008 | Z12: 2.1 | AB12: 5000 | AC12: -0.035 | AD12: 8.5
K13: 1060 | L13: 1058 | M13: =K13-L13 -> 2 | N13: 1
A35: List | B35: CMC Gelas Ukur | F35: CMC Labu Ukur | I35: Buret | M35: Pipet Ukur | Q35: Pipet Volume | T35: IF
A36: Gelas Ukur | B36: Range | D36: CMC | F36: kap | G36: CMC | I36: Range | K36: CMC | M36: Range | O36: cmc | Q36: kap | R36: CMC
A37: Labu Ukur | B37: 2 | C37: 10 | D37: 0.021 | F37: 25 | G37: 0.01 | I37: 2 | J37: 10 | K37: 0.008 | M37: 1 | N37: 5 | O37: 0.0035 | Q37: 5 | R37: 0.0024
A38: Buret | B38: 11 | C38: 50 | D38: 0.049 | F38: 50 | G38: 0.017 | I38: 11 | J38: 25 | K38: 0.011 | M38: 6 | N38: 10 | O38: 0.0056 | Q38: 10 | R38: 0.0025
A39: Pipet Ukur | B39: 51 | C39: 100 | D39: 0.079 | F39: 100 | G39: 0.023 | I39: 26 | J39: 50 | K39: 0.014 | M39: 11 | N39: 25 | O39: 0.0097 | Q39: 20 | R39: 0.0035
A40: Pipet Volume | B40: 101 | C40: 500 | D40: 0.25 | F40: 250 | G40: 0.041 | I40: 51 | J40: 100 | K40: 0.027 | M40: 26 | N40: 50 | O40: 0.018
F41: 500 | G41: 0.074 | M41: 51 | N41: 100 | O41: 0.053
B46: Tipe | C46: Range 1 | D46: Range 2 | E46: CMC | I46: 25 | J46: Labu Ukur
B47: Gelas Ukur | C47: 2 | D47: 10 | E47: 0.021
B48: Gelas Ukur | C48: 11 | D48: 50 | E48: 0.049 | I48: Output
B49: Gelas Ukur | C49: 51 | D49: 100 | E49: 0.079 | I49: {=IFERROR(INDEX($E$47:$E$67, MATCH(1, (I46>=$C$47:$C$67)*(I46<=$D$47:$D$67)*(J46=B47:B67), 0)),0)} -> 0.01
B50: Gelas Ukur | C50: 101 | D50: 500 | E50: 0.25
B51: Buret | C51: 2 | D51: 10 | E51: 0.008
B52: Buret | C52: 11 | D52: 25 | E52: 0.011
B53: Buret | C53: 26 | D53: 50 | E53: 0.014
B54: Buret | C54: 51 | D54: 100 | E54: 0.027
B55: Pipet Ukur | C55: 1 | D55: 5 | E55: 0.0035
B56: Pipet Ukur | C56: 6 | D56: 10 | E56: 0.0056
B57: Pipet Ukur | C57: 11 | D57: 25 | E57: 0.0097
B58: Pipet Ukur | C58: 26 | D58: 50 | E58: 0.018
B59: Pipet Ukur | C59: 51 | D59: 100 | E59: 0.053
B60: Labu Ukur | C60: 25 | D60: 25 | E60: 0.01
B61: Labu Ukur | C61: 50 | D61: 50 | E61: 0.017
... B67: Pipet Volume | C67: 20 | D67: 20 | E67: 0.0035
